DeliveryID,OrderID,DeliveryTimeMins,DeliveryStatus,DistanceKm
800001,500001,56.0,On Time,5.6
800002,500002,43.0,On Time,4.65
800003,500003,31.0,On Time,13.76
800004,500004,46.0,On Time,5.16
800005,500005,45.0,On Time,2.27
800006,500006,38.0,On Time,9.48
800007,500007,31.0,On Time,4.59
800008,500008,30.0,On Time,8.04
800009,500009,22.0,On Time,11.64
800010,500010,37.0,On Time,8.7
800011,500011,28.0,On Time,12.23
800012,500012,30.0,On Time,5.5
800013,500013,42.0,On Time,2.95
800014,500014,55.0,On Time,6.22
800015,500015,39.0,Delayed,6.47
800016,500016,34.0,On Time,10.88
800017,500017,35.0,On Time,10.46
800018,500018,49.0,On Time,4.99
800019,500019,40.0,Delayed,13.98
800020,500020,37.0,Delayed,4.5
800021,500021,38.0,On Time,14.95
800022,500022,18.0,On Time,0.97
800023,500023,40.0,On Time,10.27
800024,500024,24.0,Delayed,9.49
800025,500025,40.0,On Time,8.98
800026,500026,26.0,On Time,11.8
800027,500027,42.0,On Time,9.07
800028,500028,33.0,On Time,9.34
800029,500029,21.0,On Time,13.22
800030,500030,32.0,On Time,3.21
800031,500031,61.0,On Time,8.2
800032,500032,10.0,Delayed,10.83
800033,500033,37.0,On Time,4.96
800034,500034,23.0,On Time,3.68
800035,500035,52.0,Failed,2.37
800036,500036,45.0,On Time,4.31
800037,500037,37.0,Delayed,10.16
800038,500038,46.0,On Time,9.42
800039,500039,38.0,On Time,2.99
800040,500040,35.0,On Time,7.62
800041,500041,28.0,Delayed,3.6
800042,500042,31.0,On Time,14.07
800043,500043,29.0,On Time,11.0
800044,500044,35.0,Delayed,3.01
800045,500045,12.0,On Time,4.7
800046,500046,47.0,On Time,12.87
800047,500047,58.0,On Time,8.58
800048,500048,30.0,On Time,5.66
800049,500049,49.0,On Time,9.18
800050,500050,33.0,On Time,6.15
800051,500051,28.0,On Time,13.72
800052,500052,,On Time,13.17
800053,500053,36.0,On Time,2.83
800054,500054,26.0,On Time,10.32
800055,500055,42.0,Delayed,12.65
800056,500056,29.0,On Time,3.56
800057,500057,22.0,On Time,13.14
800058,500058,35.0,On Time,6.58
800059,500059,27.0,On Time,4.96
800060,500060,31.0,On Time,14.77
800061,500061,34.0,On Time,10.48
800062,500062,19.0,On Time,4.71
800063,500063,53.0,On Time,8.18
800064,500064,45.0,Delayed,9.83
800065,500065,27.0,On Time,10.82
800066,500066,35.0,On Time,3.54
800067,500067,43.0,On Time,9.44
800068,500068,38.0,On Time,12.79
800069,500069,58.0,On Time,12.15
800070,500070,32.0,On Time,4.77
800071,500071,49.0,On Time,14.57
800072,500072,19.0,On Time,0.68
800073,500073,21.0,On Time,11.8
800074,500074,55.0,Failed,5.1
800075,500075,30.0,Delayed,14.15
800076,500076,21.0,On Time,12.99
800077,500077,34.0,On Time,13.28
800078,500078,50.0,On Time,4.15
800079,500079,26.0,On Time,12.05
800080,500080,34.0,On Time,5.32
800081,500081,13.0,Delayed,6.98
800082,500082,29.0,Delayed,13.61
800083,500083,47.0,On Time,10.95
800084,500084,26.0,On Time,9.79
800085,500085,20.0,On Time,2.37
800086,500086,26.0,On Time,8.31
800087,500087,28.0,On Time,2.29
800088,500088,44.0,On Time,1.59
800089,500089,40.0,On Time,14.23
800090,500090,42.0,On Time,9.09
800091,500091,35.0,On Time,0.59
800092,500092,28.0,On Time,7.3
800093,500093,26.0,On Time,4.66
800094,500094,40.0,Delayed,2.73
800095,500095,54.0,On Time,12.38
800096,500096,24.0,On Time,2.73
800097,500097,23.0,On Time,2.91
800098,500098,21.0,On Time,3.87
800099,500099,45.0,On Time,10.83
800100,500100,34.0,On Time,3.27
800101,500101,42.0,On Time,5.16
800102,500102,29.0,On Time,13.58
800103,500103,42.0,On Time,8.69
800104,500104,32.0,On Time,3.01
800105,500105,16.0,On Time,12.97
800106,500106,46.0,On Time,7.93
800107,500107,35.0,On Time,12.6
800108,500108,31.0,On Time,1.64
800109,500109,38.0,On Time,2.85
800110,500110,18.0,On Time,1.83
800111,500111,40.0,On Time,7.48
800112,500112,28.0,On Time,6.12
800113,500113,33.0,On Time,6.53
800114,500114,49.0,Delayed,5.81
800115,500115,43.0,On Time,6.65
800116,500116,33.0,On Time,6.03
800117,500117,34.0,On Time,2.82
800118,500118,10.0,On Time,8.75
800119,500119,25.0,Delayed,13.1
800120,500120,37.0,On Time,14.91
800121,500121,26.0,On Time,2.2
800122,500122,19.0,On Time,6.46
800123,500123,41.0,On Time,4.0
800124,500124,51.0,Failed,8.72
800125,500125,26.0,Delayed,5.73
800126,500126,46.0,Delayed,13.23
800127,500127,44.0,Delayed,14.06
800128,500128,23.0,On Time,5.21
800129,500129,26.0,On Time,5.67
800130,500130,57.0,On Time,8.26
800131,500131,22.0,On Time,9.72
800132,500132,28.0,On Time,11.41
800133,500133,59.0,On Time,1.95
800134,500134,28.0,Delayed,1.24
800135,500135,51.0,On Time,10.33
800136,500136,23.0,On Time,7.44
800137,500137,37.0,On Time,10.25
800138,500138,48.0,On Time,4.87
800139,500139,29.0,Delayed,3.0
800140,500140,36.0,On Time,2.11
800141,500141,44.0,On Time,11.9
800142,500142,24.0,On Time,6.34
800143,500143,62.0,Delayed,1.7
800144,500144,47.0,Delayed,4.08
800145,500145,31.0,On Time,12.99
800146,500146,32.0,On Time,7.48
800147,500147,58.0,On Time,12.87
800148,500148,31.0,On Time,14.21
800149,500149,29.0,On Time,1.47
800150,500150,49.0,On Time,14.18
800151,500151,18.0,On Time,5.88
800152,500152,34.0,On Time,10.62
800153,500153,36.0,On Time,6.35
800154,500154,27.0,On Time,9.41
800155,500155,16.0,On Time,10.21
800156,500156,36.0,On Time,2.43
800157,500157,43.0,On Time,6.75
800158,500158,27.0,On Time,3.5
800159,500159,21.0,On Time,2.23
800160,500160,50.0,On Time,9.08
800161,500161,41.0,On Time,10.36
800162,500162,31.0,On Time,4.23
800163,500163,46.0,On Time,0.61
800164,500164,38.0,Delayed,14.58
800165,500165,56.0,On Time,7.39
800166,500166,43.0,On Time,9.95
800167,500167,18.0,On Time,1.59
800168,500168,27.0,Delayed,9.49
800169,500169,28.0,On Time,11.56
800170,500170,39.0,Failed,1.19
800171,500171,31.0,On Time,8.09
800172,500172,21.0,On Time,2.56
800173,500173,42.0,Delayed,2.63
800174,500174,47.0,Delayed,9.41
800175,500175,34.0,On Time,9.48
800176,500176,38.0,On Time,8.53
800177,500177,23.0,On Time,7.9
800178,500178,29.0,On Time,7.31
800179,500179,29.0,On Time,7.48
800180,500180,42.0,On Time,5.35
800181,500181,38.0,On Time,4.23
800182,500182,31.0,On Time,4.35
800183,500183,31.0,On Time,13.67
800184,500184,11.0,On Time,4.37
800185,500185,54.0,On Time,5.93
800186,500186,10.0,Failed,7.81
800187,500187,40.0,On Time,11.27
800188,500188,35.0,Delayed,11.77
800189,500189,32.0,Failed,10.96
800190,500190,35.0,On Time,4.89
800191,500191,27.0,On Time,2.86
800192,500192,43.0,On Time,12.35
800193,500193,19.0,On Time,13.18
800194,500194,39.0,On Time,13.74
800195,500195,27.0,On Time,12.95
800196,500196,30.0,Delayed,5.74
800197,500197,30.0,On Time,2.73
800198,500198,33.0,On Time,10.22
800199,500199,41.0,On Time,9.92
800200,500200,35.0,On Time,4.09
800201,500201,46.0,On Time,9.49
800202,500202,48.0,On Time,14.97
800203,500203,39.0,On Time,2.94
800204,500204,43.0,On Time,5.99
800205,500205,59.0,On Time,6.17
800206,500206,18.0,On Time,3.6
800207,500207,48.0,On Time,11.93
800208,500208,54.0,On Time,10.76
800209,500209,40.0,On Time,3.65
800210,500210,58.0,On Time,12.94
800211,500211,56.0,On Time,6.67
800212,500212,31.0,On Time,8.49
800213,500213,32.0,On Time,10.43
800214,500214,41.0,On Time,13.18
800215,500215,28.0,On Time,3.79
800216,500216,68.0,On Time,9.09
800217,500217,44.0,On Time,10.24
800218,500218,36.0,On Time,13.35
800219,500219,18.0,On Time,11.7
800220,500220,38.0,On Time,13.76
800221,500221,21.0,On Time,1.59
800222,500222,44.0,On Time,6.67
800223,500223,10.0,On Time,4.94
800224,500224,52.0,Failed,7.71
800225,500225,30.0,On Time,12.26
800226,500226,15.0,On Time,7.64
800227,500227,35.0,On Time,1.01
800228,500228,35.0,On Time,10.23
800229,500229,34.0,On Time,0.65
800230,500230,52.0,Delayed,1.92
800231,500231,40.0,On Time,11.05
800232,500232,45.0,Failed,12.55
800233,500233,32.0,On Time,5.11
800234,500234,40.0,On Time,8.75
800235,500235,19.0,On Time,8.43
800236,500236,38.0,On Time,1.31
800237,500237,26.0,On Time,8.4
800238,500238,51.0,On Time,0.66
800239,500239,36.0,On Time,12.39
800240,500240,43.0,On Time,11.35
800241,500241,38.0,Failed,4.61
800242,500242,57.0,Delayed,4.3
800243,500243,16.0,On Time,3.26
800244,500244,34.0,On Time,14.32
800245,500245,23.0,On Time,12.76
800246,500246,10.0,On Time,12.65
800247,500247,23.0,On Time,7.26
800248,500248,49.0,On Time,12.27
800249,500249,35.0,On Time,9.08
800250,500250,32.0,On Time,4.84
800251,500251,44.0,On Time,6.74
800252,500252,36.0,On Time,6.43
800253,500253,42.0,On Time,5.6
800254,500254,39.0,On Time,4.01
800255,500255,42.0,On Time,6.27
800256,500256,30.0,On Time,9.19
800257,500257,48.0,On Time,3.34
800258,500258,20.0,On Time,2.56
800259,500259,34.0,Delayed,10.51
800260,500260,48.0,On Time,8.13
800261,500261,33.0,On Time,5.61
800262,500262,30.0,On Time,13.66
800263,500263,62.0,On Time,7.19
800264,500264,52.0,On Time,5.31
800265,500265,37.0,On Time,3.64
800266,500266,23.0,On Time,5.19
800267,500267,11.0,On Time,4.47
800268,500268,44.0,On Time,13.07
800269,500269,50.0,On Time,13.43
800270,500270,40.0,On Time,6.48
800271,500271,14.0,On Time,4.28
800272,500272,37.0,On Time,2.39
800273,500273,29.0,Failed,10.88
800274,500274,37.0,On Time,13.25
800275,500275,58.0,Delayed,6.46
800276,500276,44.0,Failed,13.19
800277,500277,42.0,On Time,4.09
800278,500278,34.0,On Time,9.33
800279,500279,40.0,Delayed,1.68
800280,500280,26.0,On Time,8.67
800281,500281,42.0,On Time,9.76
800282,500282,33.0,Delayed,9.84
800283,500283,25.0,On Time,11.79
800284,500284,45.0,On Time,1.87
800285,500285,10.0,On Time,4.54
800286,500286,28.0,Delayed,10.55
800287,500287,42.0,On Time,9.09
800288,500288,50.0,Delayed,14.27
800289,500289,41.0,On Time,11.87
800290,500290,27.0,On Time,7.33
800291,500291,34.0,On Time,8.24
800292,500292,38.0,On Time,10.07
800293,500293,54.0,On Time,0.65
800294,500294,46.0,On Time,5.78
800295,500295,46.0,On Time,2.27
800296,500296,36.0,On Time,3.97
800297,500297,22.0,On Time,12.53
800298,500298,18.0,On Time,8.45
800299,500299,31.0,Delayed,12.98
800300,500300,43.0,On Time,13.39
800301,500301,29.0,On Time,12.19
800302,500302,42.0,On Time,11.55
800303,500303,25.0,Delayed,2.91
800304,500304,27.0,On Time,4.4
800305,500305,52.0,On Time,10.71
800306,500306,44.0,On Time,4.87
800307,500307,31.0,On Time,5.94
800308,500308,25.0,On Time,14.08
800309,500309,46.0,On Time,10.74
800310,500310,46.0,On Time,2.05
800311,500311,43.0,Delayed,10.96
800312,500312,33.0,Failed,12.01
800313,500313,22.0,On Time,13.74
800314,500314,35.0,On Time,10.43
800315,500315,52.0,On Time,1.89
800316,500316,24.0,On Time,11.6
800317,500317,36.0,On Time,10.02
800318,500318,55.0,Delayed,7.11
800319,500319,31.0,On Time,11.53
800320,500320,33.0,On Time,8.11
800321,500321,19.0,On Time,14.02
800322,500322,42.0,On Time,14.01
800323,500323,26.0,On Time,3.77
800324,500324,16.0,On Time,6.89
800325,500325,24.0,On Time,3.38
800326,500326,38.0,On Time,5.3
800327,500327,16.0,On Time,3.73
800328,500328,18.0,On Time,7.92
800329,500329,42.0,On Time,0.51
800330,500330,34.0,On Time,11.98
800331,500331,24.0,On Time,2.8
800332,500332,31.0,On Time,4.47
800333,500333,56.0,On Time,3.04
800334,500334,50.0,On Time,5.63
800335,500335,34.0,On Time,1.62
800336,500336,45.0,On Time,12.95
800337,500337,36.0,On Time,6.52
800338,500338,14.0,On Time,13.9
800339,500339,12.0,Delayed,1.18
800340,500340,24.0,On Time,3.0
800341,500341,16.0,On Time,12.62
800342,500342,38.0,Failed,7.23
800343,500343,28.0,On Time,1.36
800344,500344,40.0,On Time,1.18
800345,500345,40.0,On Time,13.48
800346,500346,43.0,On Time,4.29
800347,500347,24.0,On Time,6.46
800348,500348,41.0,On Time,13.51
800349,500349,24.0,On Time,10.18
800350,500350,44.0,On Time,11.67
800351,500351,50.0,On Time,7.34
800352,500352,44.0,On Time,10.58
800353,500353,33.0,Delayed,8.97
800354,500354,42.0,Delayed,2.97
800355,500355,17.0,Delayed,8.8
800356,500356,14.0,On Time,13.92
800357,500357,41.0,Failed,5.51
800358,500358,51.0,On Time,7.66
800359,500359,20.0,On Time,6.53
800360,500360,35.0,On Time,10.49
800361,500361,40.0,On Time,9.59
800362,500362,28.0,On Time,7.42
800363,500363,31.0,On Time,1.19
800364,500364,42.0,On Time,4.34
800365,500365,36.0,On Time,5.06
800366,500366,36.0,On Time,11.12
800367,500367,23.0,On Time,6.25
800368,500368,35.0,On Time,5.99
800369,500369,30.0,On Time,6.97
800370,500370,31.0,On Time,6.76
800371,500371,29.0,On Time,10.91
800372,500372,35.0,On Time,10.22
800373,500373,25.0,On Time,11.56
800374,500374,35.0,On Time,3.51
800375,500375,31.0,On Time,11.25
800376,500376,24.0,On Time,4.79
800377,500377,12.0,Delayed,0.5
800378,500378,46.0,On Time,9.77
800379,500379,44.0,On Time,0.67
800380,500380,25.0,On Time,1.92
800381,500381,43.0,On Time,1.1
800382,500382,23.0,On Time,9.29
800383,500383,31.0,On Time,3.51
800384,500384,29.0,On Time,12.23
800385,500385,32.0,On Time,5.67
800386,500386,43.0,On Time,5.36
800387,500387,30.0,On Time,7.96
800388,500388,31.0,On Time,11.74
800389,500389,44.0,On Time,10.6
800390,500390,36.0,On Time,3.49
800391,500391,28.0,On Time,11.57
800392,500392,38.0,On Time,7.85
800393,500393,47.0,On Time,14.82
800394,500394,48.0,On Time,7.99
800395,500395,19.0,On Time,4.65
800396,500396,20.0,On Time,11.54
800397,500397,47.0,On Time,0.92
800398,500398,32.0,On Time,11.01
800399,500399,10.0,On Time,8.38
800400,500400,26.0,On Time,3.05
800401,500401,30.0,On Time,0.85
800402,500402,31.0,On Time,1.18
800403,500403,44.0,On Time,1.69
800404,500404,24.0,On Time,7.57
800405,500405,46.0,On Time,10.76
800406,500406,38.0,On Time,2.44
800407,500407,20.0,On Time,2.81
800408,500408,31.0,Delayed,12.3
800409,500409,41.0,Delayed,3.8
800410,500410,35.0,On Time,12.5
800411,500411,40.0,Delayed,1.88
800412,500412,28.0,On Time,12.64
800413,500413,42.0,On Time,11.12
800414,500414,30.0,On Time,2.64
800415,500415,66.0,On Time,5.4
800416,500416,19.0,On Time,5.33
800417,500417,67.0,On Time,2.44
800418,500418,24.0,On Time,5.97
800419,500419,50.0,On Time,10.33
800420,500420,45.0,On Time,11.09
800421,500421,24.0,On Time,3.44
800422,500422,42.0,On Time,10.97
800423,500423,29.0,On Time,4.37
800424,500424,38.0,On Time,1.12
800425,500425,37.0,On Time,3.32
800426,500426,31.0,Failed,5.46
800427,500427,30.0,On Time,1.02
800428,500428,39.0,On Time,1.88
800429,500429,24.0,On Time,5.67
800430,500430,25.0,On Time,13.91
800431,500431,46.0,On Time,9.72
800432,500432,40.0,On Time,14.05
800433,500433,19.0,On Time,1.04
800434,500434,23.0,On Time,13.09
800435,500435,10.0,On Time,2.47
800436,500436,46.0,Delayed,3.94
800437,500437,43.0,On Time,1.95
800438,500438,22.0,On Time,6.46
800439,500439,43.0,On Time,3.44
800440,500440,59.0,On Time,11.22
800441,500441,17.0,Delayed,11.45
800442,500442,28.0,On Time,4.71
800443,500443,16.0,On Time,12.1
800444,500444,46.0,Delayed,2.87
800445,500445,34.0,Delayed,1.08
800446,500446,30.0,On Time,2.89
800447,500447,38.0,On Time,4.06
800448,500448,28.0,On Time,1.23
800449,500449,30.0,On Time,2.09
800450,500450,38.0,Delayed,4.89
800451,500451,28.0,On Time,12.86
800452,500452,29.0,On Time,12.9
800453,500453,33.0,On Time,14.91
800454,500454,36.0,On Time,1.92
800455,500455,42.0,On Time,0.53
800456,500456,42.0,On Time,8.7
800457,500457,17.0,Failed,9.25
800458,500458,52.0,On Time,3.92
800459,500459,36.0,On Time,12.06
800460,500460,31.0,On Time,14.36
800461,500461,24.0,On Time,5.31
800462,500462,59.0,On Time,14.21
800463,500463,63.0,On Time,2.01
800464,500464,57.0,On Time,7.4
800465,500465,36.0,On Time,3.36
800466,500466,39.0,On Time,8.97
800467,500467,53.0,On Time,1.53
800468,500468,32.0,On Time,7.81
800469,500469,41.0,On Time,3.01
800470,500470,38.0,On Time,6.55
800471,500471,58.0,On Time,10.48
800472,500472,52.0,On Time,5.34
800473,500473,33.0,On Time,8.34
800474,500474,53.0,On Time,14.59
800475,500475,35.0,Delayed,13.19
800476,500476,28.0,On Time,14.96
800477,500477,32.0,On Time,3.07
800478,500478,37.0,On Time,7.66
800479,500479,26.0,On Time,11.87
800480,500480,29.0,On Time,13.97
800481,500481,18.0,On Time,3.99
800482,500482,25.0,On Time,14.82
800483,500483,38.0,On Time,6.9
800484,500484,48.0,On Time,11.7
800485,500485,46.0,On Time,8.02
800486,500486,40.0,On Time,4.82
800487,500487,17.0,On Time,2.08
800488,500488,25.0,On Time,2.85
800489,500489,33.0,On Time,9.89
800490,500490,47.0,On Time,8.53
800491,500491,28.0,On Time,6.77
800492,500492,20.0,On Time,9.58
800493,500493,52.0,On Time,7.86
800494,500494,26.0,On Time,2.55
800495,500495,21.0,On Time,4.29
800496,500496,38.0,On Time,6.76
800497,500497,34.0,On Time,6.27
800498,500498,29.0,On Time,13.59
800499,500499,35.0,On Time,14.16
800500,500500,24.0,On Time,8.24
800501,500501,29.0,On Time,4.35
800502,500502,35.0,Delayed,12.08
800503,500503,11.0,On Time,3.14
800504,500504,46.0,On Time,7.64
800505,500505,19.0,On Time,14.92
800506,500506,24.0,On Time,13.18
800507,500507,47.0,On Time,13.98
800508,500508,42.0,On Time,1.92
800509,500509,36.0,On Time,7.2
800510,500510,15.0,On Time,11.65
800511,500511,28.0,On Time,2.76
800512,500512,32.0,On Time,11.65
800513,500513,33.0,On Time,5.46
800514,500514,49.0,On Time,13.36
800515,500515,59.0,On Time,6.56
800516,500516,42.0,On Time,4.13
800517,500517,29.0,Delayed,13.79
800518,500518,50.0,On Time,10.84
800519,500519,28.0,Delayed,7.21
800520,500520,10.0,Delayed,14.43
800521,500521,20.0,Delayed,9.23
800522,500522,10.0,On Time,9.01
800523,500523,30.0,On Time,5.74
800524,500524,33.0,On Time,12.6
800525,500525,16.0,On Time,8.99
800526,500526,25.0,Delayed,9.51
800527,500527,18.0,On Time,14.08
800528,500528,33.0,On Time,4.41
800529,500529,25.0,On Time,11.97
800530,500530,47.0,On Time,12.26
800531,500531,37.0,On Time,1.42
800532,500532,54.0,On Time,10.97
800533,500533,30.0,On Time,12.54
800534,500534,61.0,On Time,8.28
800535,500535,35.0,On Time,2.11
800536,500536,29.0,On Time,1.64
800537,500537,64.0,On Time,0.84
800538,500538,13.0,On Time,5.81
800539,500539,28.0,On Time,9.51
800540,500540,15.0,On Time,8.77
800541,500541,13.0,On Time,7.89
800542,500542,10.0,Delayed,6.55
800543,500543,42.0,On Time,10.37
800544,500544,19.0,Delayed,13.31
800545,500545,32.0,On Time,12.48
800546,500546,46.0,On Time,10.87
800547,500547,41.0,On Time,4.74
800548,500548,40.0,On Time,14.14
800549,500549,50.0,On Time,12.99
800550,500550,54.0,On Time,14.24
800551,500551,20.0,Delayed,9.48
800552,500552,41.0,On Time,5.33
800553,500553,32.0,Delayed,7.06
800554,500554,33.0,On Time,5.25
800555,500555,17.0,On Time,5.59
800556,500556,29.0,On Time,6.67
800557,500557,30.0,On Time,14.06
800558,500558,52.0,Delayed,7.71
800559,500559,21.0,On Time,6.36
800560,500560,10.0,On Time,9.77
800561,500561,35.0,On Time,4.65
800562,500562,20.0,On Time,0.63
800563,500563,33.0,On Time,11.08
800564,500564,43.0,On Time,5.32
800565,500565,34.0,On Time,3.94
800566,500566,30.0,Delayed,8.26
800567,500567,33.0,On Time,2.84
800568,500568,45.0,On Time,4.53
800569,500569,21.0,On Time,7.93
800570,500570,44.0,On Time,14.63
800571,500571,23.0,On Time,4.04
800572,500572,42.0,On Time,7.27
800573,500573,16.0,On Time,8.16
800574,500574,42.0,On Time,10.84
800575,500575,34.0,On Time,8.07
800576,500576,36.0,On Time,11.13
800577,500577,47.0,On Time,13.03
800578,500578,25.0,On Time,4.6
800579,500579,35.0,On Time,12.62
800580,500580,39.0,On Time,4.31
800581,500581,31.0,On Time,12.24
800582,500582,44.0,On Time,9.73
800583,500583,39.0,On Time,8.74
800584,500584,28.0,On Time,7.23
800585,500585,50.0,On Time,8.41
800586,500586,42.0,On Time,3.9
800587,500587,25.0,Delayed,7.72
800588,500588,25.0,On Time,9.32
800589,500589,32.0,On Time,6.03
800590,500590,40.0,Delayed,6.04
800591,500591,10.0,Delayed,5.54
800592,500592,25.0,On Time,12.36
800593,500593,28.0,On Time,6.07
800594,500594,18.0,On Time,8.91
800595,500595,23.0,On Time,14.6
800596,500596,37.0,On Time,0.94
800597,500597,29.0,On Time,3.69
800598,500598,30.0,On Time,13.92
800599,500599,18.0,On Time,10.89
800600,500600,32.0,On Time,5.96
800601,500601,17.0,On Time,1.8
800602,500602,53.0,Delayed,7.95
800603,500603,56.0,Delayed,11.87
800604,500604,29.0,On Time,6.63
800605,500605,22.0,On Time,12.74
800606,500606,45.0,On Time,4.71
800607,500607,42.0,On Time,7.68
800608,500608,57.0,On Time,1.81
800609,500609,61.0,On Time,8.12
800610,500610,11.0,On Time,12.99
800611,500611,49.0,Delayed,2.71
800612,500612,32.0,On Time,9.34
800613,500613,42.0,Delayed,5.06
800614,500614,44.0,On Time,5.62
800615,500615,44.0,On Time,0.62
800616,500616,47.0,On Time,8.23
800617,500617,28.0,On Time,14.79
800618,500618,24.0,Failed,2.63
800619,500619,49.0,On Time,3.9
800620,500620,25.0,On Time,3.78
800621,500621,57.0,On Time,8.65
800622,500622,26.0,On Time,3.25
800623,500623,30.0,On Time,14.3
800624,500624,33.0,On Time,10.6
800625,500625,17.0,On Time,9.57
800626,500626,17.0,On Time,0.56
800627,500627,46.0,On Time,7.32
800628,500628,14.0,On Time,12.24
800629,500629,65.0,Delayed,7.85
800630,500630,34.0,On Time,11.21
800631,500631,23.0,Delayed,10.39
800632,500632,40.0,On Time,13.98
800633,500633,10.0,On Time,5.82
800634,500634,31.0,Failed,12.47
800635,500635,33.0,On Time,4.28
800636,500636,20.0,Delayed,8.58
800637,500637,27.0,On Time,9.46
800638,500638,53.0,On Time,6.92
800639,500639,37.0,On Time,1.98
800640,500640,40.0,On Time,6.8
800641,500641,26.0,On Time,3.36
800642,500642,19.0,On Time,7.57
800643,500643,32.0,On Time,0.8
800644,500644,10.0,On Time,7.51
800645,500645,22.0,Failed,5.97
800646,500646,20.0,On Time,0.7
800647,500647,11.0,On Time,9.53
800648,500648,43.0,On Time,5.04
800649,500649,33.0,Delayed,8.94
800650,500650,28.0,Delayed,13.35
800651,500651,43.0,Delayed,13.03
800652,500652,15.0,On Time,7.8
800653,500653,19.0,On Time,7.33
800654,500654,48.0,On Time,8.23
800655,500655,62.0,On Time,6.16
800656,500656,43.0,Delayed,4.78
800657,500657,41.0,On Time,2.79
800658,500658,28.0,On Time,13.77
800659,500659,28.0,On Time,1.39
800660,500660,38.0,On Time,5.5
800661,500661,51.0,On Time,2.91
800662,500662,40.0,On Time,1.38
800663,500663,46.0,On Time,3.0
800664,500664,24.0,On Time,7.11
800665,500665,42.0,On Time,8.6
800666,500666,27.0,On Time,13.47
800667,500667,37.0,Delayed,10.42
800668,500668,42.0,On Time,12.13
800669,500669,29.0,On Time,8.52
800670,500670,23.0,Delayed,3.42
800671,500671,39.0,On Time,12.82
800672,500672,33.0,On Time,7.38
800673,500673,37.0,Delayed,11.68
800674,500674,43.0,On Time,0.59
800675,500675,51.0,On Time,6.96
800676,500676,43.0,On Time,5.41
800677,500677,41.0,On Time,4.81
800678,500678,29.0,On Time,10.29
800679,500679,31.0,On Time,12.46
800680,500680,40.0,On Time,13.03
800681,500681,31.0,On Time,12.11
800682,500682,40.0,On Time,12.27
800683,500683,25.0,On Time,12.61
800684,500684,58.0,On Time,10.56
800685,500685,37.0,On Time,11.52
800686,500686,37.0,On Time,3.71
800687,500687,29.0,On Time,14.38
800688,500688,58.0,On Time,7.8
800689,500689,20.0,On Time,4.31
800690,500690,27.0,On Time,7.09
800691,500691,45.0,On Time,12.44
800692,500692,38.0,On Time,10.54
800693,500693,28.0,On Time,2.71
800694,500694,28.0,Delayed,6.86
800695,500695,32.0,On Time,11.45
800696,500696,36.0,On Time,10.56
800697,500697,54.0,On Time,3.25
800698,500698,42.0,On Time,11.27
800699,500699,47.0,On Time,10.29
800700,500700,30.0,On Time,4.04
800701,500701,41.0,On Time,4.96
800702,500702,16.0,On Time,6.58
800703,500703,37.0,On Time,10.27
800704,500704,36.0,On Time,14.3
800705,500705,57.0,On Time,14.92
800706,500706,54.0,Delayed,10.49
800707,500707,32.0,On Time,6.48
800708,500708,25.0,Delayed,1.49
800709,500709,26.0,On Time,9.1
800710,500710,31.0,On Time,7.49
800711,500711,51.0,On Time,10.23
800712,500712,40.0,On Time,14.48
800713,500713,41.0,Failed,2.92
800714,500714,45.0,On Time,5.87
800715,500715,23.0,Delayed,8.85
800716,500716,26.0,On Time,5.59
800717,500717,41.0,On Time,3.05
800718,500718,26.0,On Time,9.18
800719,500719,17.0,Failed,1.07
800720,500720,22.0,On Time,5.97
800721,500721,48.0,On Time,14.6
800722,500722,31.0,On Time,7.43
800723,500723,38.0,Delayed,1.97
800724,500724,23.0,Failed,12.6
800725,500725,40.0,On Time,3.1
800726,500726,32.0,On Time,4.14
800727,500727,40.0,Delayed,14.46
800728,500728,29.0,On Time,11.74
800729,500729,41.0,On Time,5.17
800730,500730,29.0,On Time,9.89
800731,500731,34.0,On Time,7.57
800732,500732,32.0,On Time,13.44
800733,500733,35.0,On Time,8.62
800734,500734,38.0,On Time,10.08
800735,500735,29.0,On Time,2.66
800736,500736,34.0,On Time,4.12
800737,500737,37.0,On Time,0.88
800738,500738,41.0,Delayed,9.03
800739,500739,34.0,On Time,8.66
800740,500740,24.0,On Time,4.96
800741,500741,36.0,On Time,3.87
800742,500742,43.0,On Time,7.07
800743,500743,19.0,On Time,2.0
800744,500744,19.0,On Time,12.87
800745,500745,27.0,Delayed,12.56
800746,500746,33.0,On Time,9.14
800747,500747,10.0,On Time,13.57
800748,500748,42.0,On Time,9.4
800749,500749,33.0,On Time,7.62
800750,500750,10.0,On Time,9.2
800751,500751,22.0,On Time,1.74
800752,500752,31.0,Failed,3.65
800753,500753,14.0,Delayed,8.6
800754,500754,47.0,Delayed,2.13
800755,500755,37.0,On Time,12.24
800756,500756,43.0,On Time,2.97
800757,500757,23.0,On Time,6.57
800758,500758,40.0,On Time,7.53
800759,500759,27.0,On Time,2.79
800760,500760,33.0,On Time,4.01
800761,500761,39.0,On Time,7.52
800762,500762,34.0,On Time,2.05
800763,500763,45.0,On Time,3.21
800764,500764,37.0,On Time,0.84
800765,500765,29.0,Delayed,7.84
800766,500766,45.0,On Time,12.42
800767,500767,48.0,On Time,12.26
800768,500768,36.0,On Time,5.65
800769,500769,51.0,On Time,10.47
800770,500770,32.0,On Time,14.85
800771,500771,33.0,On Time,6.64
800772,500772,35.0,On Time,13.75
800773,500773,33.0,On Time,11.79
800774,500774,31.0,On Time,3.06
800775,500775,26.0,On Time,6.94
800776,500776,23.0,Delayed,14.0
800777,500777,36.0,On Time,2.93
800778,500778,49.0,On Time,1.34
800779,500779,45.0,On Time,4.38
800780,500780,40.0,On Time,0.57
800781,500781,50.0,Delayed,2.34
800782,500782,35.0,On Time,6.68
800783,500783,23.0,Delayed,11.58
800784,500784,31.0,On Time,3.6
800785,500785,34.0,On Time,12.82
800786,500786,29.0,On Time,14.82
800787,500787,42.0,On Time,7.23
800788,500788,46.0,Delayed,14.89
800789,500789,14.0,On Time,8.88
800790,500790,33.0,Delayed,1.37
800791,500791,10.0,On Time,2.1
800792,500792,34.0,On Time,7.94
800793,500793,34.0,Failed,13.87
800794,500794,56.0,On Time,1.93
800795,500795,53.0,On Time,8.79
800796,500796,46.0,Delayed,12.26
800797,500797,23.0,On Time,14.75
800798,500798,23.0,On Time,13.67
800799,500799,22.0,On Time,2.04
800800,500800,53.0,Failed,1.61
800801,500801,24.0,Delayed,3.48
800802,500802,30.0,Delayed,4.56
800803,500803,24.0,On Time,13.05
800804,500804,20.0,On Time,9.86
800805,500805,39.0,On Time,14.16
800806,500806,37.0,On Time,6.57
800807,500807,10.0,On Time,6.45
800808,500808,19.0,On Time,4.55
800809,500809,38.0,On Time,6.84
800810,500810,34.0,On Time,11.97
800811,500811,30.0,On Time,10.6
800812,500812,42.0,On Time,11.95
800813,500813,18.0,On Time,12.55
800814,500814,28.0,Delayed,0.56
800815,500815,41.0,On Time,3.94
800816,500816,27.0,Delayed,9.99
800817,500817,39.0,On Time,6.97
800818,500818,21.0,On Time,2.2
800819,500819,25.0,On Time,1.44
800820,500820,14.0,On Time,14.18
800821,500821,10.0,On Time,12.8
800822,500822,29.0,On Time,5.13
800823,500823,40.0,On Time,9.77
800824,500824,34.0,On Time,2.63
800825,500825,49.0,Delayed,2.46
800826,500826,30.0,On Time,5.34
800827,500827,10.0,On Time,4.58
800828,500828,39.0,Failed,14.7
800829,500829,22.0,On Time,0.85
800830,500830,37.0,On Time,8.44
800831,500831,10.0,On Time,12.88
800832,500832,32.0,On Time,0.88
800833,500833,43.0,On Time,8.53
800834,500834,42.0,Delayed,6.01
800835,500835,32.0,On Time,3.63
800836,500836,34.0,On Time,3.91
800837,500837,29.0,On Time,12.31
800838,500838,31.0,On Time,7.23
800839,500839,43.0,On Time,1.17
800840,500840,26.0,On Time,6.43
800841,500841,27.0,On Time,12.34
800842,500842,16.0,On Time,10.49
800843,500843,43.0,On Time,14.35
800844,500844,31.0,On Time,11.71
800845,500845,20.0,Delayed,2.98
800846,500846,45.0,On Time,1.47
800847,500847,34.0,On Time,7.21
800848,500848,25.0,On Time,6.95
800849,500849,45.0,Delayed,8.44
800850,500850,30.0,On Time,10.24
800851,500851,16.0,Delayed,4.19
800852,500852,46.0,On Time,14.83
800853,500853,24.0,On Time,7.67
800854,500854,71.0,On Time,10.87
800855,500855,29.0,On Time,6.42
800856,500856,10.0,On Time,10.42
800857,500857,55.0,On Time,14.76
800858,500858,34.0,On Time,2.73
800859,500859,37.0,On Time,6.82
800860,500860,39.0,On Time,10.61
800861,500861,18.0,On Time,12.92
800862,500862,10.0,On Time,9.74
800863,500863,58.0,On Time,3.85
800864,500864,16.0,On Time,9.85
800865,500865,54.0,On Time,9.53
800866,500866,41.0,On Time,1.13
800867,500867,36.0,On Time,9.3
800868,500868,29.0,On Time,8.22
800869,500869,62.0,On Time,4.7
800870,500870,26.0,On Time,3.96
800871,500871,26.0,On Time,11.63
800872,500872,42.0,Delayed,1.44
800873,500873,26.0,Delayed,4.63
800874,500874,22.0,On Time,10.67
800875,500875,34.0,On Time,3.53
800876,500876,43.0,On Time,2.21
800877,500877,57.0,On Time,14.75
800878,500878,59.0,On Time,8.7
800879,500879,13.0,On Time,4.4
800880,500880,47.0,On Time,2.73
800881,500881,23.0,Delayed,0.6
800882,500882,23.0,On Time,11.37
800883,500883,28.0,Failed,5.68
800884,500884,27.0,Delayed,3.32
800885,500885,22.0,On Time,13.6
800886,500886,10.0,On Time,10.6
800887,500887,52.0,Delayed,12.25
800888,500888,45.0,On Time,10.01
800889,500889,34.0,On Time,13.79
800890,500890,23.0,On Time,5.49
800891,500891,49.0,On Time,2.77
800892,500892,34.0,On Time,0.6
800893,500893,27.0,On Time,0.99
800894,500894,15.0,On Time,12.88
800895,500895,41.0,On Time,9.42
800896,500896,30.0,Delayed,1.16
800897,500897,38.0,On Time,2.05
800898,500898,36.0,On Time,10.6
800899,500899,42.0,Delayed,6.08
800900,500900,37.0,On Time,11.73
800901,500901,31.0,On Time,14.08
800902,500902,41.0,On Time,11.46
800903,500903,46.0,On Time,3.13
800904,500904,53.0,Delayed,9.92
800905,500905,21.0,On Time,9.13
800906,500906,48.0,Delayed,12.79
800907,500907,15.0,On Time,3.4
800908,500908,47.0,Delayed,10.92
800909,500909,27.0,On Time,9.2
800910,500910,44.0,On Time,7.42
800911,500911,52.0,Delayed,4.72
800912,500912,37.0,On Time,0.88
800913,500913,34.0,On Time,12.18
800914,500914,34.0,On Time,2.06
800915,500915,29.0,On Time,5.97
800916,500916,48.0,Delayed,7.69
800917,500917,34.0,On Time,5.28
800918,500918,10.0,On Time,10.11
800919,500919,46.0,On Time,5.26
800920,500920,45.0,On Time,7.99
800921,500921,36.0,On Time,1.88
800922,500922,26.0,On Time,6.8
800923,500923,21.0,On Time,8.95
800924,500924,26.0,On Time,13.0
800925,500925,37.0,On Time,3.13
800926,500926,13.0,On Time,5.41
800927,500927,40.0,Delayed,4.26
800928,500928,36.0,On Time,2.71
800929,500929,50.0,On Time,6.09
800930,500930,43.0,On Time,13.67
800931,500931,26.0,Delayed,5.91
800932,500932,15.0,On Time,4.45
800933,500933,25.0,Delayed,14.39
800934,500934,52.0,On Time,10.87
800935,500935,39.0,On Time,5.86
800936,500936,42.0,On Time,11.37
800937,500937,27.0,Failed,9.76
800938,500938,41.0,On Time,12.9
800939,500939,17.0,On Time,2.11
800940,500940,46.0,Delayed,8.33
800941,500941,21.0,On Time,10.68
800942,500942,11.0,On Time,14.97
800943,500943,62.0,On Time,9.23
800944,500944,37.0,Delayed,2.54
800945,500945,36.0,On Time,14.59
800946,500946,13.0,On Time,7.15
800947,500947,42.0,Delayed,7.58
800948,500948,46.0,On Time,4.17
800949,500949,33.0,On Time,12.3
800950,500950,46.0,Delayed,8.17
800951,500951,49.0,On Time,14.62
800952,500952,41.0,On Time,8.03
800953,500953,10.0,On Time,3.12
800954,500954,21.0,On Time,11.67
800955,500955,55.0,Failed,2.64
800956,500956,36.0,Delayed,4.61
800957,500957,36.0,Delayed,14.12
800958,500958,25.0,Delayed,14.66
800959,500959,27.0,Delayed,11.76
800960,500960,49.0,On Time,3.5
800961,500961,53.0,On Time,11.26
800962,500962,45.0,Delayed,9.11
800963,500963,42.0,On Time,6.98
800964,500964,43.0,Failed,6.97
800965,500965,34.0,Delayed,7.07
800966,500966,21.0,On Time,5.17
800967,500967,18.0,On Time,8.3
800968,500968,51.0,On Time,1.03
800969,500969,35.0,Delayed,12.8
800970,500970,41.0,Delayed,13.51
800971,500971,38.0,On Time,6.17
800972,500972,38.0,On Time,14.25
800973,500973,39.0,On Time,11.75
800974,500974,43.0,On Time,12.79
800975,500975,26.0,On Time,13.42
800976,500976,49.0,Failed,5.43
800977,500977,26.0,On Time,12.28
800978,500978,38.0,On Time,2.6
800979,500979,21.0,Delayed,14.67
800980,500980,33.0,Delayed,9.13
800981,500981,27.0,On Time,10.57
800982,500982,35.0,On Time,4.94
800983,500983,44.0,On Time,0.96
800984,500984,36.0,On Time,2.86
800985,500985,59.0,On Time,2.56
800986,500986,45.0,On Time,6.92
800987,500987,32.0,On Time,4.74
800988,500988,34.0,On Time,14.19
800989,500989,40.0,On Time,12.7
800990,500990,43.0,On Time,8.33
800991,500991,20.0,On Time,12.86
800992,500992,43.0,On Time,8.98
800993,500993,21.0,On Time,13.84
800994,500994,41.0,On Time,11.3
800995,500995,48.0,On Time,11.16
800996,500996,39.0,On Time,4.49
800997,500997,10.0,On Time,12.02
800998,500998,14.0,On Time,11.7
800999,500999,42.0,On Time,1.67
801000,501000,10.0,On Time,1.34
801001,501001,42.0,On Time,13.28
801002,501002,47.0,On Time,14.69
801003,501003,49.0,On Time,9.27
801004,501004,32.0,On Time,2.98
801005,501005,40.0,On Time,6.61
801006,501006,38.0,On Time,0.81
801007,501007,17.0,On Time,12.42
801008,501008,44.0,On Time,2.0
801009,501009,52.0,On Time,5.36
801010,501010,43.0,On Time,8.66
801011,501011,29.0,Delayed,10.62
801012,501012,44.0,On Time,13.65
801013,501013,51.0,Delayed,6.62
801014,501014,49.0,On Time,3.27
801015,501015,47.0,On Time,2.08
801016,501016,16.0,On Time,10.05
801017,501017,40.0,On Time,2.37
801018,501018,43.0,On Time,10.04
801019,501019,47.0,On Time,7.12
801020,501020,41.0,On Time,6.54
801021,501021,54.0,On Time,4.28
801022,501022,13.0,On Time,13.58
801023,501023,42.0,On Time,10.88
801024,501024,41.0,On Time,8.11
801025,501025,46.0,On Time,6.64
801026,501026,54.0,On Time,5.73
801027,501027,24.0,On Time,6.29
801028,501028,53.0,Delayed,12.88
801029,501029,45.0,On Time,6.61
801030,501030,33.0,On Time,0.56
801031,501031,24.0,On Time,13.89
801032,501032,37.0,On Time,9.1
801033,501033,38.0,On Time,2.9
801034,501034,39.0,On Time,2.34
801035,501035,27.0,On Time,5.96
801036,501036,42.0,Delayed,9.38
801037,501037,30.0,On Time,14.12
801038,501038,50.0,On Time,1.29
801039,501039,56.0,Delayed,5.62
801040,501040,25.0,On Time,4.23
801041,501041,36.0,On Time,6.61
801042,501042,47.0,On Time,11.99
801043,501043,38.0,Delayed,2.8
801044,501044,19.0,Delayed,14.06
801045,501045,45.0,On Time,4.22
801046,501046,28.0,On Time,11.41
801047,501047,37.0,On Time,9.77
801048,501048,23.0,On Time,8.44
801049,501049,45.0,Delayed,12.74
801050,501050,30.0,On Time,9.3
801051,501051,46.0,On Time,11.85
801052,501052,32.0,On Time,9.04
801053,501053,29.0,Delayed,10.95
801054,501054,40.0,Delayed,1.19
801055,501055,22.0,On Time,9.85
801056,501056,57.0,On Time,13.39
801057,501057,37.0,On Time,9.93
801058,501058,28.0,Delayed,12.36
801059,501059,30.0,On Time,14.87
801060,501060,35.0,On Time,2.77
801061,501061,47.0,Delayed,10.49
801062,501062,24.0,On Time,13.51
801063,501063,31.0,On Time,0.92
801064,501064,34.0,Delayed,3.02
801065,501065,54.0,Failed,4.12
801066,501066,47.0,On Time,13.26
801067,501067,54.0,On Time,14.67
801068,501068,35.0,Delayed,13.75
801069,501069,52.0,On Time,7.37
801070,501070,50.0,On Time,10.18
801071,501071,43.0,On Time,2.01
801072,501072,44.0,On Time,14.7
801073,501073,28.0,On Time,14.19
801074,501074,57.0,On Time,9.15
801075,501075,32.0,On Time,2.58
801076,501076,42.0,On Time,14.24
801077,501077,43.0,On Time,13.49
801078,501078,19.0,On Time,14.86
801079,501079,34.0,On Time,7.86
801080,501080,37.0,Delayed,5.55
801081,501081,34.0,On Time,5.97
801082,501082,35.0,Delayed,7.71
801083,501083,53.0,On Time,13.73
801084,501084,25.0,Failed,2.37
801085,501085,20.0,On Time,9.9
801086,501086,28.0,Delayed,13.77
801087,501087,44.0,On Time,4.47
801088,501088,45.0,On Time,8.12
801089,501089,42.0,On Time,12.02
801090,501090,46.0,On Time,7.96
801091,501091,38.0,On Time,8.15
801092,501092,29.0,On Time,11.62
801093,501093,24.0,On Time,2.89
801094,501094,20.0,On Time,10.87
801095,501095,32.0,On Time,13.75
801096,501096,44.0,On Time,1.98
801097,501097,38.0,On Time,1.37
801098,501098,35.0,On Time,1.77
801099,501099,22.0,On Time,11.16
801100,501100,66.0,Delayed,6.17
801101,501101,25.0,On Time,7.24
801102,501102,36.0,On Time,11.06
801103,501103,47.0,On Time,8.08
801104,501104,36.0,On Time,9.2
801105,501105,25.0,On Time,12.83
801106,501106,45.0,On Time,7.04
801107,501107,19.0,On Time,13.18
801108,501108,56.0,On Time,8.09
801109,501109,38.0,On Time,6.33
801110,501110,32.0,On Time,4.29
801111,501111,18.0,On Time,11.09
801112,501112,21.0,On Time,9.52
801113,501113,34.0,On Time,12.22
801114,501114,58.0,On Time,8.43
801115,501115,38.0,On Time,13.07
801116,501116,39.0,On Time,4.67
801117,501117,40.0,Delayed,11.09
801118,501118,63.0,Delayed,6.2
801119,501119,30.0,On Time,2.15
801120,501120,54.0,Delayed,8.16
801121,501121,30.0,On Time,3.85
801122,501122,27.0,On Time,1.4
801123,501123,34.0,On Time,5.77
801124,501124,34.0,On Time,14.67
801125,501125,42.0,On Time,13.46
801126,501126,10.0,Delayed,14.71
801127,501127,37.0,On Time,0.91
801128,501128,28.0,On Time,2.72
801129,501129,26.0,On Time,3.91
801130,501130,19.0,On Time,11.18
801131,501131,31.0,On Time,14.68
801132,501132,29.0,On Time,6.39
801133,501133,30.0,On Time,8.96
801134,501134,15.0,On Time,1.78
801135,501135,36.0,On Time,9.62
801136,501136,26.0,On Time,13.55
801137,501137,15.0,On Time,10.06
801138,501138,28.0,On Time,9.97
801139,501139,26.0,On Time,7.57
801140,501140,35.0,On Time,7.02
801141,501141,28.0,Delayed,5.86
801142,501142,18.0,Delayed,12.39
801143,501143,24.0,On Time,9.85
801144,501144,14.0,On Time,4.84
801145,501145,49.0,On Time,8.01
801146,501146,51.0,On Time,2.18
801147,501147,52.0,On Time,1.16
801148,501148,28.0,On Time,2.48
801149,501149,51.0,On Time,13.08
801150,501150,40.0,On Time,4.23
801151,501151,25.0,On Time,14.46
801152,501152,27.0,On Time,5.41
801153,501153,33.0,On Time,6.44
801154,501154,36.0,Delayed,12.27
801155,501155,39.0,On Time,3.75
801156,501156,35.0,On Time,13.69
801157,501157,31.0,On Time,9.97
801158,501158,51.0,On Time,1.4
801159,501159,34.0,On Time,14.37
801160,501160,33.0,On Time,4.67
801161,501161,32.0,Failed,3.86
801162,501162,34.0,On Time,13.52
801163,501163,19.0,On Time,5.22
801164,501164,23.0,On Time,10.98
801165,501165,64.0,On Time,1.0
801166,501166,15.0,On Time,13.86
801167,501167,38.0,On Time,6.43
801168,501168,39.0,On Time,3.09
801169,501169,47.0,On Time,14.73
801170,501170,39.0,Delayed,11.26
801171,501171,58.0,On Time,12.01
801172,501172,38.0,On Time,7.76
801173,501173,51.0,On Time,10.48
801174,501174,47.0,On Time,4.72
801175,501175,54.0,On Time,8.01
801176,501176,35.0,Delayed,6.02
801177,501177,40.0,On Time,6.66
801178,501178,31.0,On Time,0.56
801179,501179,37.0,On Time,12.26
801180,501180,38.0,On Time,3.66
801181,501181,10.0,Delayed,7.37
801182,501182,33.0,On Time,10.05
801183,501183,46.0,On Time,1.0
801184,501184,19.0,On Time,5.47
801185,501185,23.0,Delayed,4.33
801186,501186,49.0,On Time,2.43
801187,501187,51.0,On Time,12.29
801188,501188,28.0,On Time,8.35
801189,501189,37.0,On Time,7.12
801190,501190,34.0,Failed,2.42
801191,501191,49.0,On Time,7.95
801192,501192,29.0,On Time,4.38
801193,501193,30.0,Delayed,2.34
801194,501194,51.0,Delayed,8.14
801195,501195,23.0,On Time,10.39
801196,501196,29.0,On Time,1.32
801197,501197,37.0,Delayed,1.32
801198,501198,53.0,On Time,11.21
801199,501199,21.0,On Time,3.5
801200,501200,26.0,On Time,2.73
801201,501201,42.0,On Time,14.45
801202,501202,44.0,On Time,3.11
801203,501203,38.0,On Time,10.43
801204,501204,34.0,On Time,12.32
801205,501205,37.0,Delayed,5.27
801206,501206,17.0,On Time,7.21
801207,501207,36.0,On Time,8.54
801208,501208,53.0,On Time,3.41
801209,501209,19.0,On Time,4.79
801210,501210,26.0,On Time,14.46
801211,501211,30.0,On Time,4.47
801212,501212,31.0,On Time,12.28
801213,501213,57.0,On Time,8.26
801214,501214,24.0,On Time,9.86
801215,501215,21.0,On Time,7.13
801216,501216,44.0,On Time,9.03
801217,501217,27.0,On Time,8.33
801218,501218,44.0,On Time,7.49
801219,501219,33.0,Delayed,12.14
801220,501220,41.0,On Time,13.26
801221,501221,16.0,On Time,4.21
801222,501222,40.0,On Time,2.47
801223,501223,38.0,On Time,12.26
801224,501224,32.0,On Time,3.57
801225,501225,20.0,On Time,13.06
801226,501226,38.0,On Time,1.99
801227,501227,44.0,On Time,1.82
801228,501228,29.0,Failed,3.13
801229,501229,29.0,On Time,0.67
801230,501230,45.0,On Time,11.34
801231,501231,56.0,On Time,6.26
801232,501232,46.0,On Time,14.21
801233,501233,38.0,On Time,5.8
801234,501234,32.0,On Time,10.69
801235,501235,35.0,On Time,10.41
801236,501236,19.0,On Time,5.21
801237,501237,33.0,On Time,13.44
801238,501238,48.0,On Time,6.27
801239,501239,35.0,On Time,8.5
801240,501240,27.0,On Time,6.27
801241,501241,26.0,On Time,6.81
801242,501242,35.0,On Time,1.29
801243,501243,20.0,On Time,5.0
801244,501244,24.0,On Time,14.25
801245,501245,53.0,On Time,12.56
801246,501246,23.0,On Time,13.26
801247,501247,25.0,On Time,10.84
801248,501248,38.0,On Time,9.97
801249,501249,30.0,On Time,13.53
801250,501250,36.0,On Time,8.3
801251,501251,45.0,On Time,13.78
801252,501252,16.0,On Time,6.52
801253,501253,44.0,On Time,9.17
801254,501254,28.0,On Time,7.34
801255,501255,32.0,Delayed,0.78
801256,501256,58.0,Delayed,3.38
801257,501257,18.0,Delayed,13.95
801258,501258,42.0,On Time,9.17
801259,501259,49.0,Failed,1.18
801260,501260,27.0,On Time,14.52
801261,501261,27.0,On Time,13.96
801262,501262,31.0,On Time,10.82
801263,501263,27.0,On Time,4.61
801264,501264,36.0,On Time,4.78
801265,501265,46.0,On Time,13.05
801266,501266,31.0,Failed,1.38
801267,501267,46.0,On Time,3.94
801268,501268,52.0,On Time,2.91
801269,501269,40.0,On Time,10.89
801270,501270,41.0,On Time,6.04
801271,501271,28.0,On Time,13.78
801272,501272,10.0,On Time,12.14
801273,501273,42.0,On Time,14.78
801274,501274,45.0,Delayed,4.84
801275,501275,38.0,On Time,7.39
801276,501276,46.0,On Time,10.07
801277,501277,28.0,On Time,14.63
801278,501278,41.0,On Time,5.5
801279,501279,53.0,Failed,5.24
801280,501280,43.0,Delayed,9.59
801281,501281,51.0,On Time,10.15
801282,501282,51.0,On Time,3.24
801283,501283,20.0,Delayed,7.09
801284,501284,44.0,On Time,5.97
801285,501285,27.0,On Time,6.61
801286,501286,22.0,Delayed,2.54
801287,501287,32.0,On Time,9.9
801288,501288,56.0,On Time,3.22
801289,501289,28.0,On Time,0.87
801290,501290,14.0,Delayed,7.69
801291,501291,18.0,Delayed,1.06
801292,501292,41.0,Delayed,10.16
801293,501293,26.0,On Time,9.12
801294,501294,10.0,On Time,8.72
801295,501295,18.0,On Time,1.88
801296,501296,37.0,On Time,2.3
801297,501297,44.0,On Time,10.15
801298,501298,30.0,On Time,0.97
801299,501299,43.0,On Time,2.18
801300,501300,46.0,On Time,11.57
801301,501301,26.0,Delayed,2.92
801302,501302,34.0,On Time,7.69
801303,501303,28.0,On Time,1.93
801304,501304,41.0,On Time,3.91
801305,501305,28.0,On Time,13.25
801306,501306,20.0,On Time,11.42
801307,501307,36.0,Delayed,3.23
801308,501308,48.0,On Time,3.61
801309,501309,41.0,On Time,7.37
801310,501310,47.0,On Time,9.67
801311,501311,46.0,On Time,8.94
801312,501312,36.0,Delayed,4.63
801313,501313,28.0,On Time,14.23
801314,501314,25.0,On Time,12.61
801315,501315,16.0,On Time,9.95
801316,501316,49.0,On Time,13.67
801317,501317,31.0,On Time,4.76
801318,501318,15.0,On Time,4.85
801319,501319,50.0,On Time,4.98
801320,501320,36.0,On Time,2.83
801321,501321,47.0,On Time,2.53
801322,501322,32.0,On Time,13.68
801323,501323,25.0,On Time,12.94
801324,501324,40.0,On Time,8.46
801325,501325,41.0,On Time,10.08
801326,501326,32.0,On Time,3.96
801327,501327,51.0,Failed,0.83
801328,501328,46.0,On Time,6.9
801329,501329,42.0,Delayed,10.21
801330,501330,22.0,On Time,10.36
801331,501331,20.0,On Time,9.26
801332,501332,49.0,On Time,13.92
801333,501333,10.0,On Time,3.54
801334,501334,34.0,On Time,4.32
801335,501335,37.0,On Time,1.65
801336,501336,29.0,On Time,14.08
801337,501337,35.0,On Time,7.09
801338,501338,40.0,On Time,6.32
801339,501339,28.0,On Time,14.79
801340,501340,46.0,On Time,6.7
801341,501341,42.0,On Time,5.36
801342,501342,33.0,On Time,3.53
801343,501343,25.0,On Time,6.88
801344,501344,34.0,On Time,10.44
801345,501345,60.0,On Time,13.75
801346,501346,26.0,On Time,3.27
801347,501347,53.0,On Time,10.54
801348,501348,14.0,On Time,0.6
801349,501349,25.0,On Time,12.11
801350,501350,28.0,On Time,4.56
801351,501351,46.0,On Time,1.07
801352,501352,36.0,On Time,6.22
801353,501353,51.0,On Time,13.44
801354,501354,31.0,Delayed,3.88
801355,501355,34.0,Delayed,4.67
801356,501356,31.0,On Time,2.93
801357,501357,59.0,On Time,14.73
801358,501358,22.0,On Time,6.77
801359,501359,29.0,On Time,14.24
801360,501360,23.0,On Time,1.83
801361,501361,42.0,On Time,7.0
801362,501362,21.0,On Time,7.38
801363,501363,57.0,On Time,4.21
801364,501364,36.0,On Time,7.71
801365,501365,40.0,On Time,5.58
801366,501366,41.0,Delayed,4.08
801367,501367,35.0,On Time,5.8
801368,501368,36.0,On Time,9.71
801369,501369,36.0,On Time,7.29
801370,501370,41.0,On Time,6.43
801371,501371,25.0,On Time,12.88
801372,501372,23.0,On Time,9.85
801373,501373,45.0,On Time,9.74
801374,501374,35.0,On Time,3.72
801375,501375,11.0,On Time,11.38
801376,501376,29.0,On Time,1.03
801377,501377,53.0,Delayed,3.6
801378,501378,33.0,Delayed,6.49
801379,501379,29.0,On Time,13.39
801380,501380,17.0,On Time,0.91
801381,501381,28.0,On Time,6.95
801382,501382,21.0,On Time,2.24
801383,501383,40.0,On Time,3.84
801384,501384,36.0,On Time,6.38
801385,501385,31.0,On Time,1.93
801386,501386,26.0,On Time,12.53
801387,501387,53.0,On Time,1.7
801388,501388,27.0,On Time,8.99
801389,501389,27.0,On Time,2.87
801390,501390,32.0,On Time,2.04
801391,501391,34.0,Failed,7.21
801392,501392,41.0,Delayed,5.51
801393,501393,46.0,On Time,1.16
801394,501394,45.0,On Time,1.44
801395,501395,64.0,On Time,4.84
801396,501396,15.0,On Time,11.85
801397,501397,38.0,On Time,12.85
801398,501398,29.0,On Time,1.46
801399,501399,59.0,Delayed,2.99
801400,501400,37.0,On Time,5.42
801401,501401,11.0,On Time,9.93
801402,501402,40.0,On Time,4.63
801403,501403,38.0,On Time,3.72
801404,501404,44.0,Delayed,9.03
801405,501405,26.0,On Time,10.38
801406,501406,39.0,On Time,7.57
801407,501407,32.0,On Time,10.19
801408,501408,27.0,On Time,0.56
801409,501409,39.0,On Time,5.25
801410,501410,37.0,Delayed,9.34
801411,501411,48.0,Delayed,9.94
801412,501412,35.0,Delayed,3.32
801413,501413,42.0,On Time,5.31
801414,501414,21.0,On Time,3.78
801415,501415,52.0,Failed,13.53
801416,501416,26.0,On Time,4.79
801417,501417,46.0,On Time,13.29
801418,501418,38.0,On Time,13.31
801419,501419,37.0,On Time,8.12
801420,501420,44.0,On Time,13.13
801421,501421,10.0,Delayed,1.61
801422,501422,28.0,Delayed,2.33
801423,501423,44.0,On Time,6.4
801424,501424,58.0,Delayed,10.53
801425,501425,35.0,On Time,14.57
801426,501426,10.0,On Time,7.27
801427,501427,31.0,On Time,0.61
801428,501428,34.0,On Time,3.13
801429,501429,48.0,On Time,6.85
801430,501430,36.0,On Time,10.5
801431,501431,20.0,On Time,9.0
801432,501432,47.0,On Time,13.2
801433,501433,42.0,On Time,4.35
801434,501434,27.0,Delayed,8.33
801435,501435,44.0,On Time,2.59
801436,501436,28.0,On Time,9.86
801437,501437,31.0,On Time,11.55
801438,501438,29.0,On Time,7.94
801439,501439,31.0,Delayed,7.0
801440,501440,46.0,Delayed,3.2
801441,501441,14.0,On Time,14.04
801442,501442,48.0,On Time,9.29
801443,501443,37.0,Delayed,12.32
801444,501444,30.0,On Time,0.85
801445,501445,35.0,On Time,4.14
801446,501446,24.0,On Time,7.49
801447,501447,15.0,On Time,8.28
801448,501448,24.0,On Time,6.37
801449,501449,12.0,On Time,5.39
801450,501450,19.0,On Time,7.03
801451,501451,16.0,On Time,5.81
801452,501452,50.0,On Time,1.08
801453,501453,20.0,On Time,10.54
801454,501454,35.0,Delayed,11.68
801455,501455,48.0,On Time,5.01
801456,501456,45.0,On Time,14.51
801457,501457,31.0,On Time,14.81
801458,501458,32.0,On Time,8.74
801459,501459,37.0,On Time,12.01
801460,501460,60.0,On Time,8.41
801461,501461,40.0,On Time,4.29
801462,501462,43.0,On Time,1.52
801463,501463,62.0,On Time,5.49
801464,501464,38.0,Delayed,3.19
801465,501465,49.0,On Time,13.87
801466,501466,41.0,On Time,14.58
801467,501467,41.0,On Time,8.21
801468,501468,23.0,On Time,8.67
801469,501469,21.0,On Time,13.99
801470,501470,29.0,Delayed,11.34
801471,501471,46.0,Failed,2.85
801472,501472,45.0,On Time,14.3
801473,501473,51.0,On Time,8.78
801474,501474,35.0,On Time,0.8
801475,501475,41.0,On Time,3.35
801476,501476,42.0,On Time,12.05
801477,501477,34.0,Delayed,2.35
801478,501478,31.0,On Time,12.84
801479,501479,17.0,On Time,11.9
801480,501480,33.0,On Time,1.01
801481,501481,34.0,On Time,5.3
801482,501482,49.0,On Time,7.85
801483,501483,50.0,Delayed,1.6
801484,501484,37.0,On Time,8.9
801485,501485,60.0,On Time,14.71
801486,501486,37.0,On Time,9.2
801487,501487,47.0,On Time,7.66
801488,501488,34.0,On Time,13.07
801489,501489,21.0,On Time,14.48
801490,501490,30.0,On Time,13.57
801491,501491,53.0,On Time,1.04
801492,501492,32.0,On Time,1.94
801493,501493,29.0,On Time,9.42
801494,501494,35.0,On Time,3.79
801495,501495,30.0,On Time,8.06
801496,501496,49.0,On Time,12.66
801497,501497,58.0,On Time,14.11
801498,501498,35.0,On Time,5.34
801499,501499,41.0,On Time,12.81
801500,501500,47.0,On Time,7.81
801501,501501,36.0,On Time,10.05
801502,501502,24.0,On Time,2.32
801503,501503,30.0,On Time,1.42
801504,501504,40.0,On Time,11.82
801505,501505,40.0,On Time,9.18
801506,501506,13.0,On Time,12.45
801507,501507,30.0,On Time,2.18
801508,501508,26.0,On Time,2.99
801509,501509,46.0,On Time,1.41
801510,501510,27.0,On Time,9.93
801511,501511,29.0,On Time,9.43
801512,501512,29.0,Delayed,6.67
801513,501513,44.0,On Time,2.46
801514,501514,47.0,On Time,0.85
801515,501515,41.0,On Time,4.26
801516,501516,48.0,On Time,0.54
801517,501517,50.0,On Time,14.26
801518,501518,13.0,On Time,2.97
801519,501519,42.0,On Time,4.35
801520,501520,31.0,Delayed,12.08
801521,501521,20.0,On Time,14.93
801522,501522,31.0,On Time,9.5
801523,501523,44.0,On Time,4.17
801524,501524,52.0,On Time,7.07
801525,501525,19.0,On Time,1.36
801526,501526,42.0,On Time,2.08
801527,501527,59.0,On Time,10.79
801528,501528,57.0,Delayed,12.53
801529,501529,10.0,On Time,4.42
801530,501530,61.0,On Time,11.21
801531,501531,47.0,On Time,9.79
801532,501532,10.0,On Time,7.89
801533,501533,26.0,Delayed,4.69
801534,501534,50.0,On Time,14.79
801535,501535,39.0,On Time,4.1
801536,501536,28.0,On Time,3.53
801537,501537,36.0,On Time,2.09
801538,501538,42.0,On Time,10.06
801539,501539,28.0,Delayed,13.57
801540,501540,33.0,On Time,2.45
801541,501541,46.0,On Time,2.01
801542,501542,27.0,On Time,13.61
801543,501543,19.0,Delayed,10.08
801544,501544,27.0,Delayed,14.55
801545,501545,24.0,Delayed,10.8
801546,501546,28.0,On Time,11.69
801547,501547,14.0,On Time,7.19
801548,501548,38.0,On Time,3.96
801549,501549,45.0,On Time,8.75
801550,501550,25.0,On Time,5.69
801551,501551,27.0,On Time,7.31
801552,501552,33.0,On Time,7.98
801553,501553,24.0,On Time,0.89
801554,501554,47.0,On Time,9.32
801555,501555,24.0,On Time,5.7
801556,501556,29.0,On Time,12.28
801557,501557,26.0,On Time,1.32
801558,501558,47.0,On Time,8.56
801559,501559,32.0,On Time,5.72
801560,501560,59.0,On Time,1.85
801561,501561,39.0,On Time,6.5
801562,501562,49.0,On Time,6.43
801563,501563,31.0,On Time,11.42
801564,501564,24.0,On Time,2.7
801565,501565,35.0,On Time,12.54
801566,501566,27.0,On Time,1.19
801567,501567,11.0,On Time,7.98
801568,501568,47.0,On Time,9.91
801569,501569,35.0,On Time,0.71
801570,501570,27.0,On Time,1.5
801571,501571,40.0,Failed,4.47
801572,501572,36.0,On Time,6.03
801573,501573,52.0,On Time,5.52
801574,501574,40.0,On Time,14.58
801575,501575,33.0,On Time,2.92
801576,501576,43.0,On Time,13.42
801577,501577,35.0,On Time,14.2
801578,501578,37.0,On Time,3.05
801579,501579,50.0,On Time,11.5
801580,501580,21.0,Failed,14.97
801581,501581,25.0,On Time,4.09
801582,501582,30.0,Delayed,7.79
801583,501583,32.0,Delayed,11.5
801584,501584,49.0,On Time,11.15
801585,501585,18.0,On Time,12.58
801586,501586,35.0,Delayed,5.55
801587,501587,28.0,On Time,2.25
801588,501588,55.0,On Time,10.31
801589,501589,46.0,On Time,5.42
801590,501590,38.0,On Time,9.87
801591,501591,47.0,On Time,7.36
801592,501592,19.0,On Time,7.15
801593,501593,59.0,On Time,13.28
801594,501594,25.0,On Time,9.79
801595,501595,50.0,On Time,9.56
801596,501596,42.0,On Time,14.58
801597,501597,38.0,On Time,4.41
801598,501598,50.0,On Time,10.48
801599,501599,47.0,On Time,5.66
801600,501600,36.0,Delayed,9.18
801601,501601,30.0,On Time,12.35
801602,501602,36.0,On Time,13.88
801603,501603,34.0,On Time,6.69
801604,501604,39.0,On Time,12.57
801605,501605,47.0,On Time,5.36
801606,501606,41.0,Failed,10.08
801607,501607,37.0,On Time,13.23
801608,501608,27.0,Delayed,10.44
801609,501609,39.0,Delayed,10.73
801610,501610,15.0,Delayed,12.65
801611,501611,25.0,On Time,4.16
801612,501612,42.0,On Time,11.33
801613,501613,46.0,On Time,9.75
801614,501614,35.0,Delayed,8.42
801615,501615,37.0,Failed,14.64
801616,501616,39.0,Delayed,6.48
801617,501617,43.0,On Time,3.91
801618,501618,33.0,On Time,12.67
801619,501619,23.0,On Time,3.18
801620,501620,40.0,On Time,11.31
801621,501621,58.0,On Time,13.96
801622,501622,24.0,On Time,12.41
801623,501623,33.0,On Time,9.68
801624,501624,30.0,On Time,13.89
801625,501625,64.0,On Time,7.59
801626,501626,23.0,On Time,1.6
801627,501627,33.0,On Time,11.16
801628,501628,31.0,On Time,10.89
801629,501629,20.0,On Time,13.05
801630,501630,19.0,On Time,6.39
801631,501631,42.0,On Time,2.6
801632,501632,44.0,On Time,1.99
801633,501633,28.0,Delayed,5.51
801634,501634,52.0,On Time,12.0
801635,501635,10.0,On Time,8.06
801636,501636,20.0,On Time,2.97
801637,501637,25.0,On Time,4.01
801638,501638,35.0,Delayed,5.55
801639,501639,30.0,On Time,7.46
801640,501640,33.0,On Time,12.67
801641,501641,41.0,Delayed,14.89
801642,501642,52.0,On Time,9.19
801643,501643,45.0,Delayed,6.14
801644,501644,36.0,Delayed,3.16
801645,501645,34.0,On Time,7.91
801646,501646,48.0,Delayed,9.39
801647,501647,58.0,On Time,5.24
801648,501648,43.0,On Time,5.2
801649,501649,29.0,On Time,12.51
801650,501650,38.0,Delayed,10.07
801651,501651,42.0,On Time,7.03
801652,501652,28.0,On Time,8.59
801653,501653,45.0,On Time,7.82
801654,501654,38.0,On Time,3.03
801655,501655,49.0,On Time,13.12
801656,501656,23.0,On Time,1.82
801657,501657,14.0,On Time,3.59
801658,501658,30.0,On Time,8.64
801659,501659,35.0,On Time,7.19
801660,501660,13.0,On Time,9.13
801661,501661,28.0,Delayed,13.84
801662,501662,50.0,On Time,4.65
801663,501663,41.0,On Time,2.69
801664,501664,37.0,On Time,2.26
801665,501665,22.0,On Time,1.36
801666,501666,50.0,On Time,11.97
801667,501667,30.0,Delayed,7.13
801668,501668,36.0,On Time,4.21
801669,501669,40.0,On Time,10.27
801670,501670,37.0,On Time,11.77
801671,501671,53.0,Delayed,14.09
801672,501672,42.0,On Time,6.29
801673,501673,39.0,On Time,10.5
801674,501674,34.0,Delayed,4.42
801675,501675,40.0,Delayed,13.05
801676,501676,32.0,On Time,13.68
801677,501677,37.0,On Time,9.64
801678,501678,31.0,On Time,10.05
801679,501679,29.0,Delayed,10.06
801680,501680,24.0,On Time,9.08
801681,501681,32.0,Delayed,6.86
801682,501682,31.0,On Time,11.23
801683,501683,57.0,On Time,14.66
801684,501684,47.0,On Time,11.31
801685,501685,33.0,Delayed,4.99
801686,501686,30.0,On Time,7.76
801687,501687,42.0,On Time,9.16
801688,501688,58.0,On Time,1.69
801689,501689,45.0,On Time,7.63
801690,501690,14.0,On Time,1.99
801691,501691,45.0,On Time,7.9
801692,501692,47.0,Delayed,1.76
801693,501693,61.0,On Time,5.74
801694,501694,32.0,On Time,14.34
801695,501695,37.0,On Time,0.61
801696,501696,40.0,On Time,4.48
801697,501697,26.0,On Time,5.89
801698,501698,25.0,On Time,9.06
801699,501699,40.0,On Time,14.5
801700,501700,16.0,On Time,9.78
801701,501701,19.0,On Time,13.46
801702,501702,45.0,Delayed,2.86
801703,501703,41.0,On Time,4.68
801704,501704,50.0,Delayed,13.36
801705,501705,41.0,On Time,0.58
801706,501706,35.0,On Time,7.08
801707,501707,50.0,On Time,7.07
801708,501708,30.0,Delayed,14.22
801709,501709,31.0,On Time,7.01
801710,501710,34.0,On Time,13.64
801711,501711,40.0,On Time,8.99
801712,501712,34.0,On Time,4.85
801713,501713,17.0,Delayed,2.65
801714,501714,32.0,On Time,7.61
801715,501715,35.0,On Time,0.76
801716,501716,36.0,On Time,5.36
801717,501717,30.0,Delayed,8.08
801718,501718,41.0,Delayed,8.6
801719,501719,16.0,On Time,6.94
801720,501720,40.0,On Time,14.48
801721,501721,57.0,On Time,2.65
801722,501722,28.0,On Time,14.96
801723,501723,36.0,On Time,10.53
801724,501724,32.0,Delayed,12.46
801725,501725,32.0,Delayed,9.7
801726,501726,23.0,On Time,3.62
801727,501727,59.0,On Time,11.38
801728,501728,40.0,Delayed,12.8
801729,501729,27.0,On Time,11.4
801730,501730,26.0,On Time,13.17
801731,501731,36.0,On Time,1.42
801732,501732,10.0,On Time,14.45
801733,501733,48.0,On Time,14.12
801734,501734,29.0,On Time,13.51
801735,501735,40.0,On Time,9.74
801736,501736,40.0,On Time,12.78
801737,501737,47.0,On Time,9.27
801738,501738,41.0,On Time,7.64
801739,501739,44.0,On Time,14.0
801740,501740,47.0,On Time,3.51
801741,501741,31.0,On Time,12.85
801742,501742,61.0,On Time,6.89
801743,501743,39.0,Delayed,4.73
801744,501744,35.0,On Time,7.84
801745,501745,25.0,On Time,9.74
801746,501746,33.0,Delayed,3.15
801747,501747,40.0,On Time,11.39
801748,501748,36.0,On Time,6.22
801749,501749,57.0,On Time,10.7
801750,501750,30.0,Delayed,2.78
801751,501751,43.0,On Time,1.31
801752,501752,21.0,On Time,2.84
801753,501753,61.0,On Time,3.12
801754,501754,21.0,On Time,11.54
801755,501755,60.0,On Time,7.64
801756,501756,33.0,On Time,11.58
801757,501757,10.0,On Time,11.33
801758,501758,51.0,On Time,4.06
801759,501759,36.0,On Time,13.71
801760,501760,30.0,Delayed,11.65
801761,501761,43.0,On Time,1.74
801762,501762,43.0,On Time,8.8
801763,501763,40.0,Delayed,6.48
801764,501764,49.0,On Time,7.16
801765,501765,38.0,On Time,5.82
801766,501766,43.0,On Time,7.7
801767,501767,29.0,On Time,5.66
801768,501768,44.0,On Time,7.21
801769,501769,29.0,Delayed,8.4
801770,501770,22.0,Delayed,11.09
801771,501771,33.0,On Time,2.7
801772,501772,32.0,Delayed,2.44
801773,501773,46.0,Delayed,7.72
801774,501774,18.0,On Time,7.39
801775,501775,48.0,Delayed,8.68
801776,501776,28.0,Delayed,9.39
801777,501777,10.0,On Time,4.47
801778,501778,21.0,Delayed,9.89
801779,501779,31.0,Failed,7.69
801780,501780,40.0,On Time,7.69
801781,501781,33.0,On Time,9.11
801782,501782,20.0,On Time,9.38
801783,501783,26.0,On Time,9.45
801784,501784,21.0,On Time,12.54
801785,501785,38.0,On Time,7.74
801786,501786,34.0,On Time,14.15
801787,501787,42.0,On Time,14.22
801788,501788,14.0,On Time,5.36
801789,501789,29.0,On Time,13.28
801790,501790,59.0,Delayed,6.6
801791,501791,43.0,On Time,14.63
801792,501792,31.0,On Time,13.95
801793,501793,23.0,On Time,6.87
801794,501794,48.0,On Time,5.57
801795,501795,53.0,On Time,10.45
801796,501796,21.0,On Time,5.83
801797,501797,22.0,On Time,10.08
801798,501798,38.0,On Time,6.61
801799,501799,39.0,On Time,7.78
801800,501800,41.0,On Time,5.99
801801,501801,57.0,Delayed,12.05
801802,501802,23.0,On Time,9.22
801803,501803,35.0,On Time,10.41
801804,501804,44.0,On Time,12.4
801805,501805,44.0,On Time,12.05
801806,501806,27.0,Delayed,7.89
801807,501807,28.0,On Time,4.19
801808,501808,29.0,On Time,5.77
801809,501809,55.0,On Time,8.5
801810,501810,23.0,On Time,3.96
801811,501811,31.0,On Time,11.82
801812,501812,44.0,On Time,3.83
801813,501813,22.0,Delayed,5.36
801814,501814,38.0,Delayed,9.67
801815,501815,12.0,On Time,10.62
801816,501816,37.0,On Time,6.22
801817,501817,36.0,On Time,11.46
801818,501818,37.0,On Time,13.58
801819,501819,25.0,On Time,2.88
801820,501820,38.0,On Time,13.78
801821,501821,35.0,On Time,8.3
801822,501822,51.0,On Time,7.01
801823,501823,43.0,On Time,12.04
801824,501824,18.0,On Time,11.87
801825,501825,25.0,On Time,10.4
801826,501826,28.0,On Time,6.42
801827,501827,37.0,Delayed,4.38
801828,501828,33.0,On Time,5.73
801829,501829,33.0,On Time,8.81
801830,501830,69.0,Delayed,8.68
801831,501831,29.0,On Time,13.9
801832,501832,52.0,On Time,7.12
801833,501833,33.0,Delayed,10.17
801834,501834,10.0,On Time,10.07
801835,501835,37.0,On Time,11.11
801836,501836,48.0,On Time,14.88
801837,501837,43.0,On Time,12.13
801838,501838,38.0,On Time,1.07
801839,501839,35.0,On Time,12.27
801840,501840,29.0,On Time,15.0
801841,501841,46.0,On Time,1.05
801842,501842,30.0,On Time,9.16
801843,501843,27.0,On Time,9.19
801844,501844,40.0,On Time,8.11
801845,501845,31.0,On Time,13.19
801846,501846,50.0,Delayed,12.31
801847,501847,41.0,On Time,2.99
801848,501848,26.0,Delayed,1.99
801849,501849,21.0,On Time,2.92
801850,501850,28.0,On Time,13.36
801851,501851,63.0,On Time,1.93
801852,501852,32.0,On Time,9.87
801853,501853,44.0,On Time,10.41
801854,501854,19.0,On Time,3.66
801855,501855,22.0,On Time,3.83
801856,501856,33.0,On Time,12.62
801857,501857,55.0,On Time,6.59
801858,501858,20.0,On Time,7.74
801859,501859,27.0,On Time,6.26
801860,501860,46.0,On Time,3.16
801861,501861,54.0,On Time,6.87
801862,501862,40.0,On Time,4.41
801863,501863,43.0,On Time,4.85
801864,501864,24.0,On Time,3.42
801865,501865,19.0,On Time,9.58
801866,501866,21.0,On Time,4.66
801867,501867,25.0,On Time,2.9
801868,501868,38.0,On Time,12.22
801869,501869,20.0,Delayed,8.85
801870,501870,38.0,Delayed,12.95
801871,501871,31.0,Failed,11.83
801872,501872,28.0,On Time,5.89
801873,501873,46.0,Delayed,8.64
801874,501874,23.0,On Time,14.81
801875,501875,52.0,On Time,5.69
801876,501876,45.0,On Time,3.97
801877,501877,23.0,On Time,2.87
801878,501878,49.0,On Time,14.13
801879,501879,22.0,On Time,4.12
801880,501880,51.0,On Time,13.95
801881,501881,39.0,On Time,9.08
801882,501882,16.0,Delayed,9.06
801883,501883,19.0,On Time,6.3
801884,501884,30.0,On Time,6.24
801885,501885,45.0,On Time,5.15
801886,501886,33.0,On Time,11.08
801887,501887,33.0,On Time,11.21
801888,501888,35.0,On Time,8.2
801889,501889,11.0,On Time,7.01
801890,501890,45.0,Delayed,9.72
801891,501891,51.0,On Time,7.63
801892,501892,44.0,On Time,12.45
801893,501893,30.0,On Time,1.44
801894,501894,24.0,On Time,13.59
801895,501895,22.0,On Time,8.11
801896,501896,21.0,On Time,7.88
801897,501897,62.0,On Time,6.17
801898,501898,34.0,On Time,8.22
801899,501899,46.0,On Time,3.69
801900,501900,45.0,On Time,7.71
801901,501901,37.0,On Time,6.27
801902,501902,24.0,On Time,4.76
801903,501903,41.0,On Time,3.58
801904,501904,22.0,Delayed,12.97
801905,501905,42.0,On Time,12.83
801906,501906,23.0,On Time,7.53
801907,501907,30.0,On Time,3.86
801908,501908,30.0,On Time,7.03
801909,501909,52.0,On Time,13.92
801910,501910,10.0,On Time,11.8
801911,501911,63.0,On Time,12.21
801912,501912,25.0,On Time,10.69
801913,501913,34.0,On Time,11.0
801914,501914,40.0,On Time,2.67
801915,501915,39.0,On Time,5.53
801916,501916,45.0,On Time,12.56
801917,501917,42.0,On Time,3.07
801918,501918,59.0,On Time,1.59
801919,501919,44.0,Delayed,12.77
801920,501920,34.0,On Time,11.82
801921,501921,28.0,On Time,2.79
801922,501922,28.0,On Time,8.16
801923,501923,51.0,On Time,1.1
801924,501924,56.0,On Time,2.65
801925,501925,47.0,On Time,4.23
801926,501926,10.0,On Time,10.71
801927,501927,10.0,On Time,4.92
801928,501928,35.0,On Time,12.25
801929,501929,33.0,On Time,0.84
801930,501930,35.0,On Time,0.56
801931,501931,50.0,On Time,4.85
801932,501932,49.0,Failed,11.1
801933,501933,37.0,On Time,14.3
801934,501934,17.0,On Time,5.07
801935,501935,20.0,On Time,8.58
801936,501936,36.0,On Time,1.1
801937,501937,40.0,On Time,0.52
801938,501938,20.0,On Time,0.73
801939,501939,43.0,On Time,1.91
801940,501940,14.0,Delayed,13.18
801941,501941,10.0,On Time,9.8
801942,501942,24.0,Delayed,13.53
801943,501943,51.0,On Time,12.61
801944,501944,53.0,On Time,11.59
801945,501945,16.0,Delayed,5.63
801946,501946,17.0,On Time,2.44
801947,501947,44.0,On Time,2.0
801948,501948,30.0,On Time,0.86
801949,501949,51.0,On Time,3.08
801950,501950,44.0,Delayed,0.78
801951,501951,46.0,On Time,10.47
801952,501952,25.0,On Time,6.14
801953,501953,40.0,Delayed,8.16
801954,501954,59.0,On Time,7.44
801955,501955,37.0,On Time,4.61
801956,501956,34.0,On Time,2.16
801957,501957,30.0,On Time,8.36
801958,501958,16.0,On Time,13.02
801959,501959,22.0,On Time,11.37
801960,501960,24.0,On Time,14.01
801961,501961,15.0,Delayed,5.66
801962,501962,16.0,On Time,12.76
801963,501963,10.0,On Time,10.98
801964,501964,26.0,On Time,14.17
801965,501965,43.0,On Time,4.67
801966,501966,31.0,On Time,12.15
801967,501967,31.0,Delayed,7.87
801968,501968,44.0,On Time,6.83
801969,501969,55.0,On Time,7.25
801970,501970,62.0,On Time,6.77
801971,501971,37.0,On Time,13.22
801972,501972,32.0,On Time,14.19
801973,501973,30.0,On Time,10.11
801974,501974,42.0,On Time,3.3
801975,501975,33.0,On Time,6.6
801976,501976,33.0,On Time,5.66
801977,501977,34.0,On Time,10.23
801978,501978,24.0,On Time,1.52
801979,501979,10.0,On Time,9.98
801980,501980,27.0,On Time,7.27
801981,501981,52.0,On Time,4.29
801982,501982,52.0,On Time,1.42
801983,501983,46.0,On Time,1.27
801984,501984,29.0,On Time,13.44
801985,501985,26.0,On Time,8.86
801986,501986,54.0,On Time,8.5
801987,501987,22.0,On Time,0.75
801988,501988,35.0,On Time,11.68
801989,501989,55.0,Delayed,3.55
801990,501990,36.0,On Time,6.06
801991,501991,31.0,On Time,9.88
801992,501992,49.0,On Time,2.45
801993,501993,36.0,Delayed,12.05
801994,501994,37.0,On Time,12.61
801995,501995,53.0,On Time,8.03
801996,501996,10.0,Delayed,5.8
801997,501997,39.0,Failed,4.15
801998,501998,26.0,Delayed,11.0
801999,501999,33.0,On Time,5.44
802000,502000,36.0,On Time,12.24
802001,502001,27.0,On Time,11.12
802002,502002,38.0,On Time,5.62
802003,502003,40.0,On Time,3.82
802004,502004,37.0,On Time,5.69
802005,502005,36.0,On Time,5.46
802006,502006,34.0,On Time,14.37
802007,502007,34.0,On Time,9.6
802008,502008,36.0,On Time,10.03
802009,502009,24.0,On Time,4.61
802010,502010,50.0,On Time,5.78
802011,502011,34.0,On Time,7.26
802012,502012,30.0,On Time,14.66
802013,502013,40.0,On Time,10.18
802014,502014,34.0,On Time,2.73
802015,502015,50.0,On Time,14.87
802016,502016,46.0,On Time,4.4
802017,502017,36.0,On Time,9.52
802018,502018,46.0,On Time,13.19
802019,502019,38.0,On Time,9.43
802020,502020,21.0,On Time,13.93
802021,502021,46.0,On Time,12.8
802022,502022,12.0,On Time,1.01
802023,502023,10.0,On Time,10.46
802024,502024,43.0,Failed,10.95
802025,502025,40.0,On Time,5.89
802026,502026,40.0,On Time,13.69
802027,502027,52.0,On Time,12.11
802028,502028,35.0,On Time,5.82
802029,502029,30.0,On Time,3.73
802030,502030,45.0,On Time,3.58
802031,502031,26.0,Delayed,3.7
802032,502032,32.0,On Time,9.04
802033,502033,38.0,On Time,9.82
802034,502034,39.0,On Time,2.66
802035,502035,31.0,On Time,8.45
802036,502036,29.0,Failed,4.13
802037,502037,22.0,On Time,13.7
802038,502038,26.0,On Time,12.92
802039,502039,57.0,On Time,2.18
802040,502040,32.0,On Time,4.16
802041,502041,37.0,On Time,14.2
802042,502042,17.0,On Time,4.84
802043,502043,66.0,On Time,12.33
802044,502044,25.0,On Time,1.23
802045,502045,21.0,On Time,6.12
802046,502046,34.0,On Time,9.41
802047,502047,24.0,On Time,6.29
802048,502048,39.0,On Time,11.96
802049,502049,17.0,On Time,14.71
802050,502050,49.0,On Time,7.95
802051,502051,46.0,On Time,7.22
802052,502052,34.0,On Time,10.72
802053,502053,15.0,On Time,11.43
802054,502054,25.0,On Time,1.37
802055,502055,36.0,On Time,6.85
802056,502056,20.0,On Time,7.75
802057,502057,22.0,On Time,4.96
802058,502058,48.0,On Time,11.51
802059,502059,37.0,On Time,13.36
802060,502060,36.0,On Time,12.76
802061,502061,41.0,On Time,9.69
802062,502062,33.0,Delayed,12.02
802063,502063,34.0,Delayed,3.87
802064,502064,40.0,On Time,0.87
802065,502065,45.0,On Time,7.95
802066,502066,41.0,On Time,6.44
802067,502067,53.0,Delayed,13.28
802068,502068,35.0,On Time,11.94
802069,502069,19.0,On Time,6.04
802070,502070,48.0,On Time,0.75
802071,502071,32.0,Delayed,4.49
802072,502072,26.0,Delayed,5.73
802073,502073,44.0,On Time,10.3
802074,502074,39.0,On Time,13.6
802075,502075,20.0,On Time,3.7
802076,502076,43.0,On Time,11.9
802077,502077,57.0,Delayed,11.06
802078,502078,39.0,On Time,5.62
802079,502079,32.0,On Time,0.73
802080,502080,15.0,On Time,0.97
802081,502081,60.0,Failed,9.48
802082,502082,29.0,On Time,12.78
802083,502083,18.0,Failed,9.66
802084,502084,36.0,On Time,11.72
802085,502085,47.0,On Time,7.79
802086,502086,50.0,On Time,4.31
802087,502087,27.0,On Time,1.08
802088,502088,34.0,On Time,12.35
802089,502089,35.0,On Time,7.38
802090,502090,47.0,On Time,13.21
802091,502091,42.0,On Time,5.87
802092,502092,38.0,On Time,4.5
802093,502093,46.0,On Time,10.17
802094,502094,19.0,On Time,9.26
802095,502095,40.0,On Time,10.71
802096,502096,38.0,On Time,1.82
802097,502097,34.0,On Time,1.71
802098,502098,32.0,Delayed,8.78
802099,502099,37.0,On Time,8.45
802100,502100,28.0,Failed,1.85
802101,502101,68.0,On Time,6.74
802102,502102,51.0,On Time,9.69
802103,502103,48.0,On Time,8.36
802104,502104,29.0,On Time,3.2
802105,502105,24.0,Delayed,13.95
802106,502106,32.0,On Time,1.0
802107,502107,36.0,On Time,4.45
802108,502108,18.0,Delayed,1.48
802109,502109,41.0,On Time,4.61
802110,502110,48.0,On Time,10.44
802111,502111,10.0,On Time,0.85
802112,502112,24.0,On Time,1.06
802113,502113,50.0,On Time,3.48
802114,502114,39.0,On Time,0.9
802115,502115,25.0,On Time,6.16
802116,502116,44.0,On Time,3.84
802117,502117,28.0,Delayed,5.17
802118,502118,32.0,On Time,12.64
802119,502119,21.0,On Time,6.77
802120,502120,35.0,Delayed,0.72
802121,502121,47.0,On Time,8.43
802122,502122,29.0,On Time,2.09
802123,502123,43.0,Delayed,1.36
802124,502124,34.0,On Time,5.25
802125,502125,48.0,On Time,4.45
802126,502126,29.0,On Time,2.12
802127,502127,54.0,On Time,4.83
802128,502128,43.0,On Time,7.52
802129,502129,38.0,Delayed,4.14
802130,502130,38.0,On Time,0.97
802131,502131,29.0,On Time,13.44
802132,502132,29.0,Delayed,9.95
802133,502133,38.0,On Time,10.75
802134,502134,21.0,On Time,6.42
802135,502135,28.0,Delayed,8.81
802136,502136,24.0,On Time,10.69
802137,502137,42.0,On Time,5.67
802138,502138,42.0,Delayed,12.55
802139,502139,50.0,On Time,11.7
802140,502140,31.0,On Time,4.66
802141,502141,25.0,Delayed,5.33
802142,502142,17.0,On Time,3.17
802143,502143,38.0,Delayed,7.79
802144,502144,52.0,On Time,12.26
802145,502145,34.0,Delayed,8.68
802146,502146,35.0,On Time,5.64
802147,502147,35.0,On Time,6.45
802148,502148,38.0,On Time,10.54
802149,502149,47.0,On Time,7.96
802150,502150,58.0,On Time,8.51
802151,502151,41.0,On Time,9.34
802152,502152,42.0,Delayed,11.21
802153,502153,32.0,On Time,9.57
802154,502154,34.0,On Time,10.42
802155,502155,34.0,On Time,10.16
802156,502156,31.0,On Time,13.93
802157,502157,37.0,On Time,11.18
802158,502158,42.0,On Time,8.43
802159,502159,36.0,On Time,13.52
802160,502160,32.0,On Time,13.56
802161,502161,37.0,On Time,5.6
802162,502162,23.0,On Time,12.18
802163,502163,45.0,On Time,14.75
802164,502164,30.0,On Time,3.5
802165,502165,21.0,On Time,6.26
802166,502166,41.0,On Time,6.52
802167,502167,41.0,On Time,9.35
802168,502168,25.0,On Time,14.46
802169,502169,42.0,Delayed,4.93
802170,502170,43.0,On Time,11.43
802171,502171,59.0,On Time,11.79
802172,502172,32.0,On Time,10.59
802173,502173,34.0,On Time,9.03
802174,502174,28.0,On Time,8.79
802175,502175,41.0,On Time,4.59
802176,502176,35.0,On Time,2.49
802177,502177,47.0,Delayed,5.34
802178,502178,30.0,On Time,3.83
802179,502179,41.0,On Time,9.96
802180,502180,32.0,On Time,12.87
802181,502181,13.0,Delayed,2.8
802182,502182,43.0,On Time,10.06
802183,502183,14.0,On Time,2.27
802184,502184,33.0,On Time,6.01
802185,502185,33.0,On Time,3.01
802186,502186,35.0,Delayed,4.84
802187,502187,36.0,On Time,12.95
802188,502188,35.0,On Time,6.59
802189,502189,39.0,On Time,2.07
802190,502190,34.0,On Time,3.38
802191,502191,66.0,On Time,12.73
802192,502192,31.0,On Time,6.45
802193,502193,20.0,On Time,14.07
802194,502194,18.0,On Time,8.64
802195,502195,43.0,On Time,7.85
802196,502196,16.0,Delayed,7.11
802197,502197,20.0,Failed,11.72
802198,502198,19.0,Delayed,12.62
802199,502199,40.0,On Time,2.34
802200,502200,51.0,On Time,6.42
802201,502201,24.0,On Time,4.6
802202,502202,40.0,On Time,13.54
802203,502203,10.0,Delayed,11.15
802204,502204,26.0,On Time,4.74
802205,502205,42.0,Failed,6.42
802206,502206,31.0,Delayed,6.58
802207,502207,47.0,On Time,14.01
802208,502208,10.0,On Time,7.37
802209,502209,26.0,Delayed,0.77
802210,502210,40.0,On Time,11.09
802211,502211,40.0,Delayed,1.9
802212,502212,41.0,On Time,9.65
802213,502213,37.0,On Time,7.95
802214,502214,21.0,On Time,11.56
802215,502215,26.0,On Time,8.48
802216,502216,63.0,On Time,3.04
802217,502217,20.0,On Time,13.46
802218,502218,18.0,On Time,13.6
802219,502219,43.0,On Time,6.6
802220,502220,22.0,On Time,9.34
802221,502221,57.0,On Time,8.51
802222,502222,68.0,On Time,8.25
802223,502223,32.0,On Time,1.81
802224,502224,39.0,On Time,7.66
802225,502225,13.0,On Time,3.76
802226,502226,47.0,On Time,12.07
802227,502227,10.0,On Time,12.81
802228,502228,19.0,On Time,0.77
802229,502229,36.0,On Time,11.18
802230,502230,42.0,On Time,2.17
802231,502231,17.0,On Time,0.64
802232,502232,28.0,On Time,0.7
802233,502233,15.0,On Time,7.26
802234,502234,31.0,On Time,12.3
802235,502235,25.0,On Time,5.02
802236,502236,27.0,Delayed,13.91
802237,502237,43.0,On Time,6.61
802238,502238,38.0,On Time,3.24
802239,502239,42.0,On Time,7.16
802240,502240,33.0,On Time,9.59
802241,502241,44.0,On Time,7.83
802242,502242,35.0,On Time,6.89
802243,502243,29.0,Failed,3.23
802244,502244,42.0,On Time,10.64
802245,502245,30.0,On Time,5.58
802246,502246,31.0,On Time,14.57
802247,502247,48.0,On Time,6.31
802248,502248,47.0,On Time,3.71
802249,502249,31.0,On Time,12.96
802250,502250,45.0,On Time,3.53
802251,502251,20.0,On Time,2.94
802252,502252,32.0,On Time,10.92
802253,502253,26.0,On Time,4.82
802254,502254,35.0,Delayed,6.55
802255,502255,44.0,On Time,7.04
802256,502256,42.0,On Time,11.86
802257,502257,40.0,On Time,8.83
802258,502258,37.0,On Time,11.25
802259,502259,33.0,On Time,14.82
802260,502260,49.0,On Time,10.81
802261,502261,16.0,Delayed,4.54
802262,502262,27.0,On Time,11.62
802263,502263,40.0,On Time,12.82
802264,502264,53.0,On Time,6.75
802265,502265,31.0,On Time,10.06
802266,502266,32.0,On Time,7.61
802267,502267,20.0,On Time,2.35
802268,502268,29.0,On Time,11.07
802269,502269,43.0,Delayed,6.93
802270,502270,54.0,Delayed,5.52
802271,502271,31.0,On Time,7.28
802272,502272,25.0,On Time,8.94
802273,502273,36.0,On Time,11.47
802274,502274,16.0,On Time,13.68
802275,502275,50.0,On Time,10.42
802276,502276,20.0,Failed,14.92
802277,502277,39.0,On Time,2.78
802278,502278,39.0,On Time,2.74
802279,502279,43.0,Delayed,11.96
802280,502280,38.0,On Time,9.69
802281,502281,35.0,On Time,13.0
802282,502282,40.0,On Time,10.34
802283,502283,45.0,On Time,0.68
802284,502284,57.0,On Time,10.25
802285,502285,22.0,On Time,3.57
802286,502286,13.0,On Time,6.98
802287,502287,16.0,On Time,10.53
802288,502288,13.0,On Time,10.02
802289,502289,21.0,On Time,6.05
802290,502290,19.0,On Time,10.84
802291,502291,30.0,Failed,14.19
802292,502292,45.0,Delayed,3.85
802293,502293,43.0,On Time,2.23
802294,502294,28.0,Delayed,2.46
802295,502295,29.0,On Time,7.14
802296,502296,59.0,On Time,4.82
802297,502297,42.0,On Time,7.28
802298,502298,37.0,Delayed,1.72
802299,502299,36.0,On Time,4.08
802300,502300,32.0,On Time,5.53
802301,502301,59.0,On Time,14.04
802302,502302,33.0,On Time,4.81
802303,502303,37.0,On Time,1.2
802304,502304,15.0,On Time,5.01
802305,502305,27.0,On Time,14.08
802306,502306,28.0,On Time,6.69
802307,502307,41.0,On Time,12.37
802308,502308,26.0,On Time,4.38
802309,502309,36.0,On Time,2.47
802310,502310,28.0,On Time,7.7
802311,502311,22.0,On Time,10.68
802312,502312,21.0,On Time,12.76
802313,502313,33.0,On Time,4.0
802314,502314,36.0,On Time,14.81
802315,502315,33.0,On Time,7.59
802316,502316,25.0,On Time,7.78
802317,502317,33.0,On Time,12.95
802318,502318,31.0,On Time,6.41
802319,502319,22.0,On Time,11.48
802320,502320,36.0,On Time,8.73
802321,502321,57.0,Delayed,2.46
802322,502322,33.0,On Time,0.98
802323,502323,17.0,On Time,14.05
802324,502324,53.0,On Time,13.06
802325,502325,50.0,On Time,14.76
802326,502326,52.0,On Time,10.28
802327,502327,34.0,On Time,9.86
802328,502328,26.0,Delayed,3.52
802329,502329,24.0,Failed,9.81
802330,502330,49.0,On Time,7.58
802331,502331,54.0,On Time,5.97
802332,502332,24.0,Delayed,10.4
802333,502333,10.0,Failed,1.73
802334,502334,35.0,On Time,7.81
802335,502335,24.0,On Time,11.49
802336,502336,27.0,On Time,12.53
802337,502337,32.0,On Time,7.61
802338,502338,40.0,On Time,5.61
802339,502339,26.0,On Time,8.8
802340,502340,37.0,Delayed,2.36
802341,502341,33.0,On Time,1.83
802342,502342,10.0,On Time,12.38
802343,502343,42.0,On Time,2.33
802344,502344,30.0,On Time,6.55
802345,502345,20.0,On Time,6.47
802346,502346,26.0,On Time,14.75
802347,502347,37.0,On Time,10.73
802348,502348,36.0,On Time,11.61
802349,502349,43.0,On Time,10.21
802350,502350,40.0,On Time,4.45
802351,502351,21.0,Delayed,5.74
802352,502352,10.0,On Time,3.16
802353,502353,36.0,On Time,8.36
802354,502354,43.0,On Time,1.63
802355,502355,33.0,On Time,13.61
802356,502356,43.0,On Time,3.35
802357,502357,23.0,On Time,3.6
802358,502358,31.0,On Time,7.53
802359,502359,24.0,On Time,5.14
802360,502360,43.0,On Time,2.91
802361,502361,24.0,On Time,14.79
802362,502362,60.0,Failed,4.55
802363,502363,29.0,On Time,11.22
802364,502364,45.0,On Time,11.03
802365,502365,29.0,On Time,4.05
802366,502366,51.0,On Time,4.53
802367,502367,51.0,On Time,8.25
802368,502368,31.0,On Time,12.98
802369,502369,38.0,Failed,11.22
802370,502370,50.0,On Time,4.89
802371,502371,39.0,On Time,1.13
802372,502372,24.0,Delayed,9.31
802373,502373,36.0,Delayed,7.4
802374,502374,26.0,On Time,5.49
802375,502375,37.0,Delayed,9.87
802376,502376,26.0,On Time,14.3
802377,502377,39.0,On Time,13.6
802378,502378,14.0,On Time,10.15
802379,502379,22.0,On Time,14.41
802380,502380,25.0,On Time,6.24
802381,502381,33.0,On Time,1.97
802382,502382,17.0,On Time,7.06
802383,502383,24.0,On Time,10.08
802384,502384,44.0,On Time,12.12
802385,502385,46.0,On Time,14.1
802386,502386,10.0,On Time,8.0
802387,502387,28.0,On Time,5.91
802388,502388,50.0,On Time,4.58
802389,502389,40.0,On Time,9.3
802390,502390,40.0,On Time,10.55
802391,502391,42.0,Delayed,9.67
802392,502392,23.0,Delayed,3.33
802393,502393,38.0,On Time,6.97
802394,502394,41.0,On Time,1.58
802395,502395,36.0,Delayed,8.05
802396,502396,30.0,On Time,3.61
802397,502397,34.0,On Time,13.39
802398,502398,21.0,On Time,12.22
802399,502399,42.0,On Time,11.11
802400,502400,18.0,Failed,2.13
802401,502401,25.0,On Time,6.98
802402,502402,43.0,Delayed,3.11
802403,502403,38.0,On Time,1.13
802404,502404,29.0,Delayed,6.34
802405,502405,14.0,On Time,5.05
802406,502406,34.0,On Time,13.81
802407,502407,27.0,On Time,13.93
802408,502408,41.0,Delayed,14.05
802409,502409,29.0,On Time,0.71
802410,502410,14.0,On Time,8.02
802411,502411,18.0,On Time,0.76
802412,502412,30.0,On Time,9.26
802413,502413,36.0,On Time,7.87
802414,502414,21.0,On Time,6.74
802415,502415,26.0,On Time,1.26
802416,502416,45.0,On Time,2.02
802417,502417,48.0,On Time,5.04
802418,502418,38.0,On Time,4.01
802419,502419,32.0,On Time,3.09
802420,502420,28.0,Delayed,12.84
802421,502421,41.0,Delayed,0.91
802422,502422,31.0,On Time,3.66
802423,502423,46.0,On Time,13.8
802424,502424,47.0,On Time,13.14
802425,502425,40.0,On Time,5.65
802426,502426,29.0,On Time,12.16
802427,502427,30.0,On Time,2.71
802428,502428,15.0,On Time,9.79
802429,502429,34.0,On Time,13.31
802430,502430,34.0,On Time,7.34
802431,502431,18.0,On Time,2.92
802432,502432,63.0,On Time,8.89
802433,502433,42.0,On Time,11.35
802434,502434,25.0,On Time,13.05
802435,502435,60.0,On Time,6.0
802436,502436,29.0,On Time,4.62
802437,502437,45.0,On Time,10.44
802438,502438,36.0,On Time,4.12
802439,502439,29.0,On Time,4.02
802440,502440,31.0,On Time,3.14
802441,502441,52.0,Delayed,5.83
802442,502442,46.0,On Time,6.87
802443,502443,34.0,On Time,11.01
802444,502444,10.0,On Time,2.06
802445,502445,39.0,On Time,6.68
802446,502446,20.0,On Time,10.04
802447,502447,41.0,On Time,8.4
802448,502448,26.0,On Time,11.93
802449,502449,28.0,On Time,13.44
802450,502450,27.0,On Time,3.58
802451,502451,47.0,On Time,13.68
802452,502452,14.0,Delayed,13.34
802453,502453,44.0,On Time,5.78
802454,502454,39.0,On Time,12.29
802455,502455,34.0,On Time,7.97
802456,502456,30.0,Delayed,12.26
802457,502457,41.0,On Time,11.35
802458,502458,30.0,On Time,14.45
802459,502459,30.0,On Time,3.71
802460,502460,36.0,On Time,11.17
802461,502461,56.0,Delayed,0.7
802462,502462,17.0,On Time,13.87
802463,502463,41.0,On Time,3.38
802464,502464,33.0,On Time,5.91
802465,502465,32.0,On Time,12.72
802466,502466,17.0,On Time,7.43
802467,502467,14.0,On Time,10.12
802468,502468,39.0,On Time,5.74
802469,502469,20.0,On Time,8.55
802470,502470,47.0,On Time,12.76
802471,502471,23.0,On Time,13.44
802472,502472,42.0,On Time,7.12
802473,502473,28.0,Delayed,10.94
802474,502474,28.0,Delayed,7.27
802475,502475,24.0,On Time,14.12
802476,502476,40.0,On Time,11.05
802477,502477,44.0,On Time,6.75
802478,502478,31.0,On Time,7.72
802479,502479,42.0,Delayed,3.16
802480,502480,35.0,On Time,14.14
802481,502481,19.0,On Time,4.2
802482,502482,40.0,On Time,3.13
802483,502483,31.0,Delayed,7.06
802484,502484,10.0,On Time,11.03
802485,502485,30.0,Delayed,10.4
802486,502486,15.0,Delayed,4.19
802487,502487,20.0,On Time,4.34
802488,502488,32.0,On Time,3.92
802489,502489,34.0,On Time,9.25
802490,502490,25.0,On Time,14.38
802491,502491,41.0,On Time,13.4
802492,502492,34.0,Delayed,7.82
802493,502493,30.0,On Time,5.98
802494,502494,36.0,On Time,6.24
802495,502495,49.0,On Time,12.19
802496,502496,10.0,On Time,9.93
802497,502497,51.0,On Time,1.1
802498,502498,28.0,On Time,1.6
802499,502499,26.0,On Time,7.48
802500,502500,30.0,On Time,8.22
802501,502501,24.0,On Time,14.43
802502,502502,23.0,On Time,2.55
802503,502503,45.0,On Time,12.21
802504,502504,37.0,On Time,13.48
802505,502505,12.0,On Time,5.98
802506,502506,43.0,On Time,2.85
802507,502507,41.0,Delayed,4.07
802508,502508,17.0,On Time,10.11
802509,502509,37.0,On Time,1.51
802510,502510,42.0,On Time,13.34
802511,502511,16.0,On Time,11.47
802512,502512,38.0,On Time,12.02
802513,502513,27.0,Delayed,11.23
802514,502514,42.0,On Time,2.37
802515,502515,24.0,On Time,11.1
802516,502516,48.0,On Time,9.19
802517,502517,32.0,On Time,1.24
802518,502518,28.0,On Time,4.63
802519,502519,26.0,On Time,6.63
802520,502520,45.0,On Time,8.37
802521,502521,26.0,On Time,3.12
802522,502522,48.0,On Time,8.14
802523,502523,38.0,On Time,14.39
802524,502524,18.0,On Time,5.64
802525,502525,35.0,On Time,2.7
802526,502526,36.0,On Time,7.3
802527,502527,18.0,On Time,7.03
802528,502528,35.0,On Time,13.8
802529,502529,42.0,On Time,7.2
802530,502530,49.0,On Time,4.03
802531,502531,48.0,On Time,3.75
802532,502532,64.0,On Time,1.0
802533,502533,35.0,On Time,11.25
802534,502534,42.0,On Time,4.38
802535,502535,28.0,Delayed,11.93
802536,502536,58.0,On Time,8.48
802537,502537,24.0,Failed,10.82
802538,502538,57.0,On Time,3.45
802539,502539,56.0,On Time,2.75
802540,502540,26.0,On Time,6.56
802541,502541,47.0,On Time,5.67
802542,502542,40.0,On Time,7.84
802543,502543,30.0,Delayed,11.35
802544,502544,33.0,On Time,13.68
802545,502545,38.0,On Time,9.12
802546,502546,39.0,On Time,3.77
802547,502547,53.0,On Time,4.78
802548,502548,42.0,On Time,13.63
802549,502549,26.0,On Time,3.54
802550,502550,44.0,On Time,1.88
802551,502551,14.0,On Time,13.86
802552,502552,30.0,On Time,0.89
802553,502553,32.0,On Time,11.36
802554,502554,43.0,On Time,2.61
802555,502555,56.0,On Time,10.16
802556,502556,38.0,On Time,3.2
802557,502557,31.0,On Time,13.51
802558,502558,27.0,On Time,1.22
802559,502559,45.0,On Time,4.92
802560,502560,33.0,On Time,11.85
802561,502561,29.0,On Time,8.73
802562,502562,46.0,On Time,6.62
802563,502563,49.0,On Time,6.82
802564,502564,23.0,On Time,7.78
802565,502565,17.0,On Time,14.93
802566,502566,34.0,On Time,10.27
802567,502567,21.0,Failed,7.56
802568,502568,20.0,Failed,5.17
802569,502569,23.0,On Time,7.81
802570,502570,48.0,On Time,13.88
802571,502571,43.0,Delayed,3.68
802572,502572,64.0,On Time,5.51
802573,502573,27.0,Failed,1.44
802574,502574,51.0,On Time,9.62
802575,502575,41.0,On Time,11.62
802576,502576,28.0,On Time,9.66
802577,502577,33.0,On Time,12.27
802578,502578,28.0,On Time,11.68
802579,502579,38.0,Failed,14.6
802580,502580,47.0,On Time,7.06
802581,502581,31.0,On Time,1.72
802582,502582,45.0,On Time,8.26
802583,502583,50.0,On Time,11.68
802584,502584,53.0,Delayed,6.4
802585,502585,21.0,On Time,7.01
802586,502586,34.0,On Time,11.19
802587,502587,44.0,On Time,0.74
802588,502588,22.0,On Time,10.03
802589,502589,19.0,On Time,10.75
802590,502590,35.0,On Time,14.57
802591,502591,30.0,Delayed,11.08
802592,502592,33.0,On Time,2.4
802593,502593,29.0,On Time,7.73
802594,502594,61.0,On Time,6.39
802595,502595,29.0,On Time,6.31
802596,502596,42.0,On Time,11.88
802597,502597,41.0,On Time,8.93
802598,502598,15.0,On Time,11.1
802599,502599,53.0,On Time,11.31
802600,502600,43.0,On Time,10.48
802601,502601,37.0,On Time,11.49
802602,502602,48.0,On Time,3.67
802603,502603,34.0,On Time,1.93
802604,502604,46.0,On Time,2.84
802605,502605,12.0,Delayed,12.23
802606,502606,45.0,On Time,14.36
802607,502607,37.0,On Time,14.08
802608,502608,37.0,On Time,0.69
802609,502609,25.0,On Time,14.93
802610,502610,32.0,On Time,13.35
802611,502611,32.0,Failed,3.38
802612,502612,21.0,On Time,8.58
802613,502613,39.0,On Time,14.78
802614,502614,54.0,Delayed,7.33
802615,502615,18.0,On Time,14.32
802616,502616,41.0,Delayed,8.39
802617,502617,30.0,Failed,5.49
802618,502618,29.0,On Time,2.83
802619,502619,36.0,Delayed,2.01
802620,502620,36.0,On Time,10.75
802621,502621,37.0,On Time,5.25
802622,502622,21.0,On Time,6.41
802623,502623,48.0,On Time,14.09
802624,502624,36.0,On Time,3.4
802625,502625,42.0,On Time,5.91
802626,502626,50.0,On Time,13.69
802627,502627,12.0,On Time,14.14
802628,502628,43.0,On Time,12.14
802629,502629,33.0,On Time,6.06
802630,502630,47.0,On Time,2.32
802631,502631,25.0,On Time,11.95
802632,502632,46.0,Delayed,12.67
802633,502633,22.0,On Time,10.87
802634,502634,40.0,Delayed,5.39
802635,502635,38.0,On Time,9.96
802636,502636,33.0,On Time,10.68
802637,502637,23.0,On Time,13.37
802638,502638,31.0,Failed,2.52
802639,502639,46.0,On Time,4.33
802640,502640,53.0,Delayed,6.35
802641,502641,58.0,On Time,12.27
802642,502642,41.0,On Time,13.46
802643,502643,38.0,Delayed,4.54
802644,502644,40.0,On Time,7.81
802645,502645,58.0,On Time,9.31
802646,502646,41.0,On Time,2.9
802647,502647,36.0,On Time,11.99
802648,502648,32.0,On Time,7.33
802649,502649,33.0,On Time,13.47
802650,502650,40.0,On Time,8.45
802651,502651,26.0,On Time,12.58
802652,502652,27.0,On Time,1.21
802653,502653,34.0,On Time,6.86
802654,502654,30.0,On Time,6.58
802655,502655,42.0,On Time,3.31
802656,502656,43.0,On Time,8.64
802657,502657,38.0,On Time,11.38
802658,502658,41.0,On Time,7.65
802659,502659,36.0,On Time,12.56
802660,502660,10.0,On Time,4.75
802661,502661,24.0,On Time,4.83
802662,502662,43.0,On Time,2.92
802663,502663,25.0,On Time,11.87
802664,502664,45.0,On Time,2.65
802665,502665,46.0,On Time,2.67
802666,502666,32.0,On Time,0.6
802667,502667,28.0,On Time,6.13
802668,502668,35.0,On Time,6.84
802669,502669,34.0,On Time,7.04
802670,502670,43.0,On Time,11.61
802671,502671,10.0,On Time,6.51
802672,502672,26.0,On Time,0.56
802673,502673,23.0,On Time,9.34
802674,502674,10.0,On Time,2.98
802675,502675,29.0,Delayed,0.86
802676,502676,17.0,On Time,11.77
802677,502677,30.0,On Time,4.06
802678,502678,29.0,On Time,11.45
802679,502679,40.0,On Time,9.81
802680,502680,32.0,On Time,13.31
802681,502681,15.0,On Time,5.69
802682,502682,39.0,On Time,9.93
802683,502683,64.0,Delayed,8.74
802684,502684,48.0,On Time,11.85
802685,502685,43.0,On Time,5.28
802686,502686,33.0,On Time,9.19
802687,502687,29.0,On Time,8.34
802688,502688,28.0,On Time,1.13
802689,502689,38.0,On Time,0.99
802690,502690,21.0,Delayed,13.59
802691,502691,38.0,On Time,9.79
802692,502692,27.0,On Time,9.39
802693,502693,14.0,On Time,11.27
802694,502694,27.0,On Time,0.73
802695,502695,50.0,Delayed,3.87
802696,502696,37.0,On Time,9.93
802697,502697,10.0,On Time,10.92
802698,502698,27.0,On Time,9.63
802699,502699,46.0,On Time,6.46
802700,502700,31.0,On Time,9.04
802701,502701,41.0,On Time,10.65
802702,502702,30.0,On Time,6.39
802703,502703,37.0,On Time,8.68
802704,502704,35.0,Delayed,1.65
802705,502705,27.0,On Time,2.96
802706,502706,42.0,On Time,11.7
802707,502707,53.0,On Time,6.01
802708,502708,40.0,On Time,11.78
802709,502709,36.0,On Time,10.28
802710,502710,25.0,On Time,5.76
802711,502711,46.0,On Time,11.68
802712,502712,29.0,On Time,2.33
802713,502713,42.0,On Time,2.83
802714,502714,44.0,On Time,6.43
802715,502715,47.0,On Time,10.01
802716,502716,47.0,On Time,4.82
802717,502717,47.0,On Time,5.19
802718,502718,20.0,On Time,12.99
802719,502719,25.0,On Time,13.55
802720,502720,19.0,On Time,13.73
802721,502721,18.0,On Time,0.82
802722,502722,53.0,On Time,12.08
802723,502723,23.0,Delayed,11.55
802724,502724,21.0,Failed,4.24
802725,502725,34.0,On Time,3.79
802726,502726,26.0,On Time,1.01
802727,502727,62.0,Delayed,12.42
802728,502728,32.0,On Time,9.31
802729,502729,40.0,Delayed,0.73
802730,502730,26.0,On Time,3.77
802731,502731,15.0,On Time,12.55
802732,502732,26.0,On Time,9.23
802733,502733,26.0,On Time,12.91
802734,502734,26.0,On Time,2.63
802735,502735,16.0,On Time,14.31
802736,502736,37.0,On Time,3.51
802737,502737,31.0,Delayed,4.9
802738,502738,16.0,Delayed,13.93
802739,502739,36.0,On Time,5.04
802740,502740,44.0,On Time,9.13
802741,502741,49.0,On Time,5.49
802742,502742,10.0,On Time,11.23
802743,502743,26.0,Delayed,5.02
802744,502744,19.0,On Time,6.9
802745,502745,27.0,On Time,1.71
802746,502746,52.0,On Time,13.85
802747,502747,26.0,Delayed,13.64
802748,502748,29.0,On Time,12.16
802749,502749,25.0,On Time,13.16
802750,502750,55.0,On Time,9.24
802751,502751,10.0,On Time,1.74
802752,502752,28.0,On Time,1.52
802753,502753,25.0,On Time,11.9
802754,502754,14.0,On Time,8.0
802755,502755,48.0,On Time,4.52
802756,502756,13.0,On Time,1.04
802757,502757,29.0,On Time,14.77
802758,502758,34.0,On Time,1.9
802759,502759,26.0,On Time,5.78
802760,502760,14.0,On Time,10.36
802761,502761,33.0,On Time,9.53
802762,502762,26.0,On Time,2.33
802763,502763,45.0,On Time,9.5
802764,502764,41.0,On Time,5.38
802765,502765,58.0,Delayed,2.97
802766,502766,36.0,On Time,9.45
802767,502767,42.0,On Time,13.56
802768,502768,31.0,On Time,11.4
802769,502769,56.0,On Time,2.86
802770,502770,35.0,On Time,3.02
802771,502771,34.0,On Time,7.31
802772,502772,41.0,On Time,0.81
802773,502773,27.0,On Time,0.8
802774,502774,29.0,Delayed,4.15
802775,502775,41.0,Delayed,2.05
802776,502776,44.0,On Time,8.43
802777,502777,42.0,On Time,1.13
802778,502778,34.0,On Time,4.03
802779,502779,38.0,On Time,1.34
802780,502780,47.0,On Time,8.19
802781,502781,22.0,On Time,5.61
802782,502782,35.0,On Time,1.7
802783,502783,10.0,On Time,5.64
802784,502784,44.0,On Time,0.51
802785,502785,26.0,On Time,12.47
802786,502786,26.0,Failed,5.77
802787,502787,34.0,On Time,10.16
802788,502788,42.0,On Time,10.78
802789,502789,64.0,On Time,8.55
802790,502790,16.0,On Time,9.04
802791,502791,25.0,Delayed,6.71
802792,502792,38.0,On Time,6.41
802793,502793,26.0,On Time,4.94
802794,502794,45.0,On Time,1.53
802795,502795,33.0,On Time,5.57
802796,502796,46.0,On Time,7.21
802797,502797,32.0,Delayed,2.44
802798,502798,42.0,Delayed,13.67
802799,502799,24.0,On Time,0.62
802800,502800,58.0,On Time,3.74
802801,502801,15.0,On Time,10.36
802802,502802,27.0,On Time,12.44
802803,502803,18.0,Delayed,7.37
802804,502804,45.0,Delayed,9.03
802805,502805,41.0,On Time,4.46
802806,502806,20.0,On Time,14.34
802807,502807,47.0,On Time,9.84
802808,502808,27.0,On Time,2.41
802809,502809,40.0,Failed,11.18
802810,502810,42.0,On Time,2.35
802811,502811,32.0,On Time,6.35
802812,502812,46.0,On Time,7.62
802813,502813,33.0,On Time,10.97
802814,502814,39.0,Failed,14.95
802815,502815,32.0,On Time,5.89
802816,502816,13.0,On Time,10.3
802817,502817,34.0,On Time,10.25
802818,502818,25.0,On Time,3.17
802819,502819,52.0,On Time,9.82
802820,502820,19.0,On Time,13.25
802821,502821,50.0,On Time,8.56
802822,502822,33.0,Failed,7.46
802823,502823,40.0,On Time,9.89
802824,502824,18.0,On Time,12.2
802825,502825,31.0,Delayed,3.77
802826,502826,27.0,On Time,2.87
802827,502827,60.0,On Time,9.94
802828,502828,27.0,Delayed,1.0
802829,502829,49.0,On Time,12.47
802830,502830,49.0,On Time,4.88
802831,502831,49.0,On Time,2.11
802832,502832,28.0,On Time,11.59
802833,502833,57.0,On Time,3.73
802834,502834,59.0,On Time,6.32
802835,502835,39.0,Delayed,6.5
802836,502836,29.0,On Time,12.39
802837,502837,25.0,On Time,4.33
802838,502838,41.0,On Time,9.68
802839,502839,36.0,On Time,14.98
802840,502840,37.0,On Time,9.19
802841,502841,19.0,On Time,2.54
802842,502842,35.0,On Time,4.61
802843,502843,49.0,On Time,8.26
802844,502844,45.0,On Time,5.17
802845,502845,30.0,On Time,7.99
802846,502846,34.0,Delayed,8.38
802847,502847,17.0,On Time,11.17
802848,502848,27.0,Delayed,9.53
802849,502849,31.0,Delayed,10.62
802850,502850,43.0,Delayed,3.67
802851,502851,27.0,On Time,6.64
802852,502852,23.0,On Time,12.46
802853,502853,44.0,On Time,11.41
802854,502854,30.0,On Time,3.14
802855,502855,25.0,On Time,1.43
802856,502856,45.0,On Time,9.97
802857,502857,41.0,On Time,6.94
802858,502858,33.0,On Time,6.45
802859,502859,31.0,On Time,0.86
802860,502860,40.0,On Time,6.03
802861,502861,41.0,On Time,3.09
802862,502862,38.0,On Time,1.0
802863,502863,36.0,On Time,6.28
802864,502864,28.0,On Time,12.46
802865,502865,28.0,On Time,13.42
802866,502866,33.0,On Time,3.95
802867,502867,23.0,On Time,4.49
802868,502868,22.0,On Time,1.93
802869,502869,34.0,On Time,13.68
802870,502870,47.0,Delayed,1.45
802871,502871,10.0,On Time,14.09
802872,502872,30.0,On Time,9.8
802873,502873,38.0,On Time,11.9
802874,502874,48.0,On Time,3.69
802875,502875,57.0,On Time,9.31
802876,502876,32.0,On Time,2.08
802877,502877,59.0,On Time,10.05
802878,502878,40.0,On Time,9.21
802879,502879,45.0,On Time,12.45
802880,502880,22.0,On Time,9.85
802881,502881,40.0,On Time,14.59
802882,502882,46.0,On Time,7.61
802883,502883,27.0,On Time,8.5
802884,502884,10.0,On Time,1.6
802885,502885,37.0,On Time,2.07
802886,502886,32.0,On Time,3.02
802887,502887,51.0,On Time,2.22
802888,502888,29.0,On Time,2.49
802889,502889,27.0,Delayed,4.28
802890,502890,21.0,On Time,4.54
802891,502891,27.0,On Time,10.59
802892,502892,67.0,On Time,7.55
802893,502893,16.0,On Time,13.94
802894,502894,19.0,On Time,5.47
802895,502895,34.0,On Time,1.42
802896,502896,59.0,On Time,12.74
802897,502897,44.0,On Time,12.72
802898,502898,54.0,On Time,5.77
802899,502899,30.0,On Time,1.52
802900,502900,18.0,Delayed,13.27
802901,502901,30.0,On Time,14.04
802902,502902,34.0,On Time,14.96
802903,502903,35.0,On Time,6.17
802904,502904,32.0,On Time,2.34
802905,502905,42.0,Delayed,5.98
802906,502906,26.0,On Time,8.99
802907,502907,24.0,On Time,1.13
802908,502908,21.0,On Time,4.48
802909,502909,37.0,On Time,14.16
802910,502910,36.0,On Time,1.14
802911,502911,48.0,Failed,2.69
802912,502912,54.0,Delayed,8.92
802913,502913,21.0,On Time,14.39
802914,502914,35.0,On Time,14.13
802915,502915,33.0,On Time,4.23
802916,502916,17.0,On Time,9.4
802917,502917,29.0,Failed,14.49
802918,502918,54.0,On Time,9.63
802919,502919,27.0,On Time,3.71
802920,502920,25.0,On Time,10.56
802921,502921,34.0,On Time,7.91
802922,502922,46.0,Delayed,7.66
802923,502923,31.0,On Time,7.58
802924,502924,37.0,On Time,2.13
802925,502925,10.0,On Time,11.95
802926,502926,42.0,On Time,5.53
802927,502927,38.0,On Time,3.18
802928,502928,46.0,On Time,6.89
802929,502929,13.0,On Time,9.82
802930,502930,31.0,On Time,8.52
802931,502931,47.0,On Time,12.38
802932,502932,28.0,On Time,12.73
802933,502933,36.0,Delayed,9.5
802934,502934,30.0,Delayed,8.5
802935,502935,30.0,On Time,8.72
802936,502936,49.0,On Time,6.2
802937,502937,18.0,On Time,7.3
802938,502938,34.0,Delayed,8.14
802939,502939,38.0,On Time,12.11
802940,502940,46.0,Delayed,11.32
802941,502941,34.0,Delayed,3.34
802942,502942,47.0,On Time,14.68
802943,502943,34.0,On Time,14.5
802944,502944,36.0,On Time,4.55
802945,502945,36.0,On Time,14.98
802946,502946,43.0,Failed,8.11
802947,502947,42.0,On Time,3.79
802948,502948,22.0,On Time,10.95
802949,502949,38.0,On Time,1.2
802950,502950,41.0,On Time,10.47
802951,502951,53.0,On Time,12.61
802952,502952,23.0,On Time,5.58
802953,502953,41.0,On Time,5.35
802954,502954,31.0,On Time,4.45
802955,502955,37.0,Delayed,6.41
802956,502956,22.0,On Time,8.81
802957,502957,35.0,On Time,11.55
802958,502958,39.0,On Time,13.36
802959,502959,23.0,On Time,8.45
802960,502960,52.0,On Time,7.39
802961,502961,16.0,On Time,5.93
802962,502962,41.0,On Time,9.13
802963,502963,10.0,Delayed,2.6
802964,502964,32.0,Failed,7.27
802965,502965,41.0,On Time,7.88
802966,502966,44.0,On Time,9.62
802967,502967,34.0,On Time,1.49
802968,502968,32.0,On Time,6.73
802969,502969,42.0,On Time,11.55
802970,502970,46.0,On Time,11.87
802971,502971,52.0,On Time,8.38
802972,502972,20.0,On Time,13.14
802973,502973,33.0,On Time,11.44
802974,502974,10.0,On Time,12.06
802975,502975,19.0,On Time,12.0
802976,502976,27.0,On Time,11.06
802977,502977,45.0,On Time,12.92
802978,502978,29.0,On Time,1.9
802979,502979,32.0,On Time,7.8
802980,502980,39.0,On Time,12.47
802981,502981,27.0,On Time,2.08
802982,502982,11.0,On Time,2.75
802983,502983,26.0,On Time,6.32
802984,502984,34.0,On Time,8.68
802985,502985,41.0,On Time,11.0
802986,502986,33.0,On Time,8.63
802987,502987,40.0,On Time,3.64
802988,502988,46.0,On Time,12.79
802989,502989,48.0,On Time,4.34
802990,502990,37.0,Delayed,12.94
802991,502991,21.0,On Time,7.68
802992,502992,20.0,On Time,1.09
802993,502993,21.0,On Time,7.45
802994,502994,22.0,Delayed,9.98
802995,502995,36.0,On Time,13.26
802996,502996,58.0,On Time,8.94
802997,502997,38.0,Failed,14.88
802998,502998,34.0,Delayed,6.02
802999,502999,47.0,On Time,4.06
803000,503000,25.0,On Time,6.93
803001,503001,48.0,On Time,10.05
803002,503002,47.0,Delayed,1.88
803003,503003,36.0,On Time,1.81
803004,503004,60.0,On Time,9.55
803005,503005,48.0,On Time,6.07
803006,503006,36.0,On Time,11.86
803007,503007,33.0,On Time,4.32
803008,503008,30.0,On Time,6.78
803009,503009,33.0,On Time,7.97
803010,503010,34.0,On Time,14.16
803011,503011,31.0,On Time,0.61
803012,503012,32.0,On Time,3.65
803013,503013,21.0,On Time,1.83
803014,503014,28.0,Delayed,14.87
803015,503015,16.0,On Time,2.42
803016,503016,40.0,On Time,12.44
803017,503017,36.0,On Time,8.04
803018,503018,34.0,On Time,11.85
803019,503019,46.0,On Time,4.87
803020,503020,25.0,On Time,7.39
803021,503021,26.0,On Time,14.68
803022,503022,17.0,On Time,1.88
803023,503023,47.0,On Time,9.5
803024,503024,42.0,On Time,14.4
803025,503025,51.0,On Time,2.34
803026,503026,54.0,Delayed,12.68
803027,503027,30.0,On Time,4.5
803028,503028,26.0,On Time,3.41
803029,503029,13.0,On Time,2.91
803030,503030,22.0,On Time,11.17
803031,503031,31.0,On Time,1.02
803032,503032,10.0,On Time,6.6
803033,503033,22.0,On Time,10.61
803034,503034,34.0,On Time,2.52
803035,503035,46.0,Delayed,3.75
803036,503036,26.0,On Time,2.71
803037,503037,37.0,On Time,0.88
803038,503038,57.0,On Time,7.12
803039,503039,13.0,On Time,7.7
803040,503040,48.0,On Time,14.21
803041,503041,40.0,On Time,11.06
803042,503042,50.0,Delayed,14.57
803043,503043,47.0,Failed,11.48
803044,503044,27.0,On Time,14.69
803045,503045,35.0,On Time,4.1
803046,503046,17.0,On Time,2.93
803047,503047,29.0,Delayed,6.17
803048,503048,35.0,On Time,7.63
803049,503049,39.0,Delayed,12.46
803050,503050,44.0,On Time,8.35
803051,503051,54.0,On Time,14.31
803052,503052,30.0,On Time,4.68
803053,503053,49.0,On Time,8.89
803054,503054,38.0,On Time,9.95
803055,503055,19.0,On Time,2.76
803056,503056,33.0,On Time,11.89
803057,503057,36.0,On Time,9.77
803058,503058,25.0,Delayed,3.28
803059,503059,23.0,On Time,6.5
803060,503060,22.0,On Time,9.79
803061,503061,28.0,On Time,11.13
803062,503062,25.0,On Time,6.55
803063,503063,50.0,On Time,10.98
803064,503064,10.0,On Time,4.28
803065,503065,36.0,On Time,4.92
803066,503066,41.0,Delayed,0.67
803067,503067,23.0,On Time,7.57
803068,503068,32.0,On Time,3.23
803069,503069,31.0,On Time,9.23
803070,503070,34.0,On Time,14.5
803071,503071,43.0,On Time,14.99
803072,503072,42.0,On Time,5.93
803073,503073,28.0,On Time,11.14
803074,503074,17.0,On Time,14.43
803075,503075,37.0,On Time,8.09
803076,503076,27.0,On Time,5.34
803077,503077,29.0,On Time,2.76
803078,503078,38.0,On Time,3.05
803079,503079,30.0,On Time,12.88
803080,503080,39.0,On Time,4.26
803081,503081,65.0,On Time,4.42
803082,503082,43.0,On Time,11.33
803083,503083,51.0,On Time,12.63
803084,503084,41.0,On Time,3.52
803085,503085,36.0,Failed,10.49
803086,503086,41.0,On Time,6.98
803087,503087,41.0,On Time,4.51
803088,503088,45.0,On Time,8.04
803089,503089,36.0,On Time,11.77
803090,503090,19.0,On Time,1.94
803091,503091,17.0,On Time,1.53
803092,503092,41.0,On Time,13.72
803093,503093,21.0,On Time,14.47
803094,503094,43.0,Delayed,8.16
803095,503095,51.0,On Time,2.58
803096,503096,32.0,On Time,1.64
803097,503097,50.0,On Time,2.76
803098,503098,38.0,Failed,4.6
803099,503099,35.0,On Time,10.42
803100,503100,36.0,On Time,2.1
803101,503101,25.0,On Time,2.49
803102,503102,23.0,On Time,10.84
803103,503103,15.0,On Time,4.23
803104,503104,26.0,Failed,3.63
803105,503105,61.0,On Time,8.95
803106,503106,17.0,On Time,1.64
803107,503107,21.0,On Time,9.62
803108,503108,25.0,On Time,0.78
803109,503109,26.0,Delayed,3.88
803110,503110,38.0,On Time,7.03
803111,503111,28.0,Delayed,9.65
803112,503112,33.0,On Time,3.46
803113,503113,25.0,On Time,13.25
803114,503114,29.0,Delayed,13.83
803115,503115,34.0,Failed,7.47
803116,503116,33.0,On Time,4.45
803117,503117,59.0,On Time,2.1
803118,503118,35.0,On Time,14.11
803119,503119,32.0,On Time,2.44
803120,503120,10.0,Delayed,4.83
803121,503121,38.0,On Time,5.27
803122,503122,11.0,On Time,4.39
803123,503123,42.0,On Time,0.53
803124,503124,37.0,Delayed,3.5
803125,503125,45.0,Delayed,11.35
803126,503126,27.0,On Time,3.48
803127,503127,35.0,On Time,11.58
803128,503128,43.0,On Time,6.53
803129,503129,24.0,On Time,1.67
803130,503130,42.0,Failed,12.49
803131,503131,42.0,On Time,9.71
803132,503132,33.0,On Time,9.38
803133,503133,54.0,On Time,2.68
803134,503134,41.0,On Time,9.54
803135,503135,15.0,On Time,12.05
803136,503136,47.0,Failed,14.95
803137,503137,27.0,On Time,10.23
803138,503138,45.0,On Time,6.77
803139,503139,39.0,On Time,12.37
803140,503140,10.0,On Time,1.23
803141,503141,42.0,On Time,6.58
803142,503142,32.0,On Time,11.12
803143,503143,29.0,On Time,5.71
803144,503144,30.0,Delayed,1.35
803145,503145,44.0,On Time,2.11
803146,503146,24.0,On Time,2.92
803147,503147,48.0,On Time,12.55
803148,503148,17.0,On Time,10.95
803149,503149,39.0,On Time,11.58
803150,503150,44.0,On Time,13.69
803151,503151,44.0,On Time,4.89
803152,503152,37.0,On Time,11.27
803153,503153,33.0,On Time,5.79
803154,503154,28.0,Delayed,11.89
803155,503155,20.0,On Time,10.59
803156,503156,27.0,On Time,14.85
803157,503157,23.0,On Time,11.48
803158,503158,21.0,On Time,0.59
803159,503159,57.0,On Time,10.65
803160,503160,14.0,On Time,1.97
803161,503161,49.0,On Time,8.42
803162,503162,20.0,On Time,2.78
803163,503163,23.0,On Time,7.67
803164,503164,23.0,On Time,11.99
803165,503165,22.0,On Time,4.69
803166,503166,46.0,On Time,2.71
803167,503167,42.0,On Time,5.06
803168,503168,32.0,On Time,3.02
803169,503169,67.0,On Time,3.16
803170,503170,35.0,Failed,10.61
803171,503171,36.0,On Time,10.71
803172,503172,27.0,Delayed,8.17
803173,503173,25.0,On Time,4.16
803174,503174,29.0,On Time,8.18
803175,503175,45.0,On Time,14.25
803176,503176,42.0,On Time,6.06
803177,503177,50.0,On Time,6.64
803178,503178,26.0,On Time,7.67
803179,503179,42.0,Delayed,3.09
803180,503180,39.0,On Time,4.05
803181,503181,40.0,On Time,10.52
803182,503182,25.0,On Time,2.84
803183,503183,23.0,On Time,9.27
803184,503184,41.0,Delayed,6.1
803185,503185,45.0,On Time,4.94
803186,503186,28.0,On Time,8.47
803187,503187,42.0,On Time,3.77
803188,503188,49.0,On Time,4.99
803189,503189,31.0,On Time,8.11
803190,503190,18.0,On Time,10.03
803191,503191,19.0,Delayed,12.63
803192,503192,27.0,Delayed,12.46
803193,503193,30.0,On Time,7.72
803194,503194,35.0,On Time,1.58
803195,503195,35.0,Delayed,3.23
803196,503196,32.0,On Time,0.51
803197,503197,43.0,On Time,3.19
803198,503198,26.0,On Time,0.95
803199,503199,50.0,On Time,10.86
803200,503200,46.0,On Time,8.42
803201,503201,45.0,Delayed,1.02
803202,503202,27.0,On Time,9.46
803203,503203,34.0,On Time,12.31
803204,503204,44.0,On Time,0.91
803205,503205,33.0,Delayed,2.34
803206,503206,27.0,On Time,7.33
803207,503207,26.0,On Time,1.11
803208,503208,27.0,On Time,0.81
803209,503209,21.0,Delayed,8.95
803210,503210,69.0,On Time,8.66
803211,503211,12.0,Failed,12.2
803212,503212,23.0,On Time,1.63
803213,503213,42.0,On Time,13.51
803214,503214,27.0,On Time,0.77
803215,503215,31.0,On Time,4.87
803216,503216,40.0,Failed,1.21
803217,503217,47.0,On Time,4.04
803218,503218,32.0,Delayed,12.32
803219,503219,46.0,On Time,2.31
803220,503220,15.0,On Time,3.43
803221,503221,28.0,On Time,9.36
803222,503222,41.0,Delayed,0.81
803223,503223,59.0,On Time,9.24
803224,503224,23.0,On Time,13.47
803225,503225,21.0,Delayed,1.51
803226,503226,39.0,On Time,0.59
803227,503227,36.0,Failed,6.39
803228,503228,26.0,On Time,12.81
803229,503229,20.0,On Time,14.06
803230,503230,29.0,On Time,12.12
803231,503231,41.0,Delayed,9.92
803232,503232,31.0,Failed,6.69
803233,503233,49.0,On Time,11.94
803234,503234,33.0,On Time,11.47
803235,503235,42.0,On Time,3.16
803236,503236,38.0,On Time,10.88
803237,503237,30.0,On Time,11.99
803238,503238,45.0,On Time,13.56
803239,503239,20.0,On Time,11.08
803240,503240,28.0,On Time,11.12
803241,503241,30.0,Delayed,13.57
803242,503242,40.0,On Time,3.32
803243,503243,43.0,On Time,8.48
803244,503244,25.0,On Time,13.46
803245,503245,24.0,On Time,9.66
803246,503246,36.0,Delayed,14.0
803247,503247,17.0,On Time,1.23
803248,503248,47.0,On Time,3.6
803249,503249,32.0,On Time,3.71
803250,503250,21.0,On Time,1.64
803251,503251,21.0,On Time,9.53
803252,503252,39.0,On Time,6.32
803253,503253,38.0,On Time,4.02
803254,503254,26.0,On Time,11.05
803255,503255,34.0,On Time,10.3
803256,503256,21.0,Delayed,1.07
803257,503257,32.0,On Time,6.87
803258,503258,53.0,On Time,10.94
803259,503259,61.0,On Time,2.0
803260,503260,32.0,On Time,12.03
803261,503261,40.0,Delayed,9.43
803262,503262,40.0,On Time,10.91
803263,503263,14.0,On Time,4.13
803264,503264,21.0,Failed,11.34
803265,503265,10.0,On Time,3.02
803266,503266,40.0,Failed,12.97
803267,503267,58.0,On Time,3.49
803268,503268,48.0,On Time,4.39
803269,503269,36.0,On Time,10.23
803270,503270,34.0,On Time,5.34
803271,503271,31.0,On Time,4.98
803272,503272,48.0,On Time,1.41
803273,503273,38.0,On Time,12.39
803274,503274,36.0,On Time,7.16
803275,503275,22.0,On Time,6.2
803276,503276,42.0,Delayed,4.06
803277,503277,33.0,Delayed,8.55
803278,503278,40.0,On Time,8.61
803279,503279,47.0,On Time,0.53
803280,503280,15.0,On Time,1.74
803281,503281,31.0,Delayed,9.39
803282,503282,30.0,On Time,4.62
803283,503283,29.0,On Time,14.77
803284,503284,22.0,On Time,4.1
803285,503285,26.0,Delayed,2.7
803286,503286,22.0,On Time,1.15
803287,503287,45.0,On Time,10.45
803288,503288,40.0,On Time,4.71
803289,503289,39.0,On Time,4.47
803290,503290,12.0,On Time,2.1
803291,503291,58.0,On Time,1.26
803292,503292,30.0,On Time,3.84
803293,503293,56.0,Delayed,6.25
803294,503294,44.0,Failed,10.1
803295,503295,32.0,On Time,1.97
803296,503296,60.0,On Time,5.81
803297,503297,42.0,On Time,14.89
803298,503298,32.0,Failed,10.38
803299,503299,30.0,On Time,14.99
803300,503300,47.0,On Time,1.65
803301,503301,29.0,On Time,6.37
803302,503302,30.0,On Time,3.84
803303,503303,28.0,On Time,14.15
803304,503304,26.0,Delayed,13.63
803305,503305,27.0,On Time,8.75
803306,503306,56.0,On Time,4.95
803307,503307,47.0,On Time,8.4
803308,503308,38.0,On Time,13.13
803309,503309,28.0,On Time,8.82
803310,503310,28.0,On Time,11.6
803311,503311,31.0,On Time,10.47
803312,503312,56.0,On Time,1.91
803313,503313,38.0,On Time,11.49
803314,503314,44.0,On Time,3.52
803315,503315,37.0,On Time,13.12
803316,503316,24.0,On Time,4.99
803317,503317,36.0,On Time,8.68
803318,503318,22.0,On Time,4.64
803319,503319,49.0,On Time,0.62
803320,503320,26.0,On Time,11.81
803321,503321,28.0,On Time,10.87
803322,503322,45.0,Delayed,13.89
803323,503323,27.0,On Time,8.8
803324,503324,32.0,On Time,3.23
803325,503325,10.0,Delayed,2.98
803326,503326,31.0,Delayed,6.14
803327,503327,42.0,Delayed,5.29
803328,503328,27.0,On Time,6.42
803329,503329,42.0,Delayed,3.76
803330,503330,35.0,On Time,14.84
803331,503331,48.0,Delayed,1.74
803332,503332,26.0,On Time,11.22
803333,503333,32.0,On Time,8.73
803334,503334,17.0,On Time,8.56
803335,503335,34.0,On Time,9.39
803336,503336,30.0,On Time,13.61
803337,503337,47.0,On Time,10.29
803338,503338,28.0,On Time,4.43
803339,503339,30.0,On Time,4.4
803340,503340,27.0,Delayed,12.51
803341,503341,35.0,On Time,7.43
803342,503342,59.0,On Time,10.72
803343,503343,10.0,Delayed,5.95
803344,503344,34.0,On Time,11.2
803345,503345,49.0,On Time,6.65
803346,503346,29.0,On Time,7.65
803347,503347,41.0,On Time,13.96
803348,503348,49.0,On Time,7.68
803349,503349,32.0,On Time,3.76
803350,503350,27.0,On Time,8.21
803351,503351,46.0,On Time,0.62
803352,503352,41.0,On Time,4.54
803353,503353,34.0,On Time,9.26
803354,503354,42.0,On Time,1.53
803355,503355,47.0,On Time,7.1
803356,503356,34.0,On Time,9.18
803357,503357,39.0,On Time,3.78
803358,503358,41.0,On Time,3.66
803359,503359,29.0,Delayed,10.2
803360,503360,49.0,On Time,14.63
803361,503361,23.0,On Time,4.96
803362,503362,33.0,On Time,3.51
803363,503363,44.0,On Time,14.77
803364,503364,22.0,On Time,12.6
803365,503365,45.0,On Time,14.07
803366,503366,37.0,On Time,1.17
803367,503367,51.0,On Time,14.04
803368,503368,42.0,Delayed,12.66
803369,503369,33.0,On Time,4.85
803370,503370,38.0,On Time,9.55
803371,503371,38.0,On Time,3.0
803372,503372,59.0,On Time,6.56
803373,503373,36.0,On Time,9.24
803374,503374,33.0,On Time,2.1
803375,503375,33.0,On Time,14.51
803376,503376,37.0,On Time,13.97
803377,503377,21.0,On Time,13.08
803378,503378,30.0,On Time,2.36
803379,503379,23.0,On Time,10.2
803380,503380,24.0,On Time,13.41
803381,503381,45.0,On Time,2.5
803382,503382,35.0,On Time,9.89
803383,503383,26.0,On Time,3.46
803384,503384,33.0,Delayed,10.5
803385,503385,32.0,Delayed,9.89
803386,503386,36.0,Failed,13.14
803387,503387,17.0,On Time,7.54
803388,503388,22.0,On Time,11.5
803389,503389,18.0,On Time,3.28
803390,503390,24.0,On Time,9.82
803391,503391,26.0,On Time,13.21
803392,503392,23.0,On Time,10.98
803393,503393,44.0,On Time,13.24
803394,503394,57.0,Delayed,9.63
803395,503395,45.0,On Time,8.5
803396,503396,28.0,On Time,13.77
803397,503397,38.0,Delayed,5.19
803398,503398,34.0,On Time,11.35
803399,503399,28.0,On Time,10.55
803400,503400,51.0,Delayed,12.31
803401,503401,59.0,On Time,7.72
803402,503402,17.0,On Time,7.66
803403,503403,52.0,On Time,1.0
803404,503404,28.0,On Time,14.01
803405,503405,32.0,Delayed,6.12
803406,503406,38.0,On Time,8.5
803407,503407,54.0,On Time,3.37
803408,503408,38.0,Delayed,9.44
803409,503409,40.0,On Time,5.52
803410,503410,45.0,On Time,8.98
803411,503411,47.0,On Time,11.16
803412,503412,41.0,On Time,9.34
803413,503413,47.0,On Time,0.94
803414,503414,28.0,On Time,12.19
803415,503415,14.0,On Time,8.63
803416,503416,57.0,On Time,3.96
803417,503417,23.0,On Time,5.19
803418,503418,29.0,On Time,12.26
803419,503419,31.0,On Time,14.08
803420,503420,29.0,On Time,12.3
803421,503421,26.0,On Time,13.35
803422,503422,41.0,On Time,7.6
803423,503423,41.0,On Time,6.54
803424,503424,42.0,On Time,12.37
803425,503425,42.0,On Time,6.22
803426,503426,30.0,On Time,10.73
803427,503427,30.0,On Time,9.39
803428,503428,48.0,On Time,2.72
803429,503429,29.0,On Time,4.98
803430,503430,29.0,Failed,3.58
803431,503431,46.0,Delayed,2.32
803432,503432,35.0,On Time,6.59
803433,503433,29.0,On Time,3.38
803434,503434,29.0,On Time,1.54
803435,503435,48.0,On Time,3.5
803436,503436,42.0,On Time,9.47
803437,503437,38.0,On Time,12.22
803438,503438,21.0,On Time,7.21
803439,503439,38.0,On Time,9.34
803440,503440,32.0,On Time,9.93
803441,503441,24.0,On Time,9.95
803442,503442,28.0,Delayed,14.81
803443,503443,43.0,On Time,9.33
803444,503444,50.0,On Time,8.42
803445,503445,22.0,On Time,13.07
803446,503446,24.0,On Time,9.5
803447,503447,43.0,On Time,7.14
803448,503448,30.0,On Time,11.27
803449,503449,42.0,On Time,3.75
803450,503450,30.0,On Time,10.25
803451,503451,42.0,On Time,11.62
803452,503452,19.0,On Time,9.76
803453,503453,42.0,On Time,3.22
803454,503454,10.0,On Time,7.97
803455,503455,46.0,On Time,12.24
803456,503456,35.0,On Time,6.34
803457,503457,40.0,Delayed,13.95
803458,503458,38.0,On Time,1.2
803459,503459,15.0,On Time,10.14
803460,503460,51.0,On Time,3.88
803461,503461,39.0,On Time,9.91
803462,503462,44.0,Delayed,14.27
803463,503463,25.0,On Time,8.84
803464,503464,38.0,Delayed,6.84
803465,503465,19.0,On Time,12.95
803466,503466,37.0,Delayed,7.22
803467,503467,24.0,On Time,8.68
803468,503468,95.0,On Time,4.95
803469,503469,42.0,On Time,8.47
803470,503470,51.0,On Time,10.88
803471,503471,32.0,Failed,7.88
803472,503472,40.0,On Time,3.56
803473,503473,46.0,On Time,0.78
803474,503474,22.0,On Time,3.66
803475,503475,27.0,On Time,12.83
803476,503476,47.0,On Time,14.41
803477,503477,32.0,On Time,8.66
803478,503478,26.0,On Time,12.52
803479,503479,27.0,Delayed,1.18
803480,503480,20.0,Delayed,12.88
803481,503481,11.0,On Time,4.66
803482,503482,15.0,On Time,3.04
803483,503483,36.0,Delayed,4.52
803484,503484,43.0,On Time,7.72
803485,503485,65.0,On Time,9.02
803486,503486,35.0,Failed,0.6
803487,503487,20.0,On Time,5.47
803488,503488,35.0,On Time,10.71
803489,503489,43.0,Delayed,11.38
803490,503490,47.0,On Time,3.9
803491,503491,46.0,On Time,4.07
803492,503492,42.0,On Time,10.36
803493,503493,36.0,On Time,9.34
803494,503494,44.0,On Time,7.71
803495,503495,21.0,On Time,8.42
803496,503496,11.0,Delayed,7.74
803497,503497,60.0,On Time,6.4
803498,503498,34.0,On Time,11.92
803499,503499,41.0,On Time,13.38
803500,503500,10.0,Delayed,9.78
803501,503501,54.0,On Time,4.41
803502,503502,49.0,Delayed,14.63
803503,503503,16.0,On Time,1.78
803504,503504,31.0,Delayed,14.3
803505,503505,38.0,Delayed,8.56
803506,503506,20.0,On Time,10.8
803507,503507,41.0,On Time,6.64
803508,503508,48.0,On Time,5.68
803509,503509,39.0,On Time,3.74
803510,503510,16.0,On Time,2.13
803511,503511,23.0,On Time,5.04
803512,503512,34.0,On Time,4.19
803513,503513,32.0,On Time,8.24
803514,503514,32.0,On Time,12.93
803515,503515,32.0,On Time,1.71
803516,503516,13.0,On Time,11.33
803517,503517,45.0,On Time,4.38
803518,503518,43.0,On Time,9.8
803519,503519,41.0,On Time,9.6
803520,503520,40.0,On Time,11.19
803521,503521,32.0,On Time,0.72
803522,503522,28.0,On Time,0.52
803523,503523,23.0,On Time,2.95
803524,503524,54.0,On Time,14.72
803525,503525,35.0,On Time,5.45
803526,503526,15.0,Delayed,9.57
803527,503527,35.0,On Time,4.97
803528,503528,10.0,On Time,7.57
803529,503529,38.0,On Time,6.85
803530,503530,37.0,On Time,3.23
803531,503531,28.0,On Time,5.69
803532,503532,24.0,On Time,3.26
803533,503533,42.0,On Time,4.56
803534,503534,34.0,On Time,6.55
803535,503535,12.0,On Time,12.04
803536,503536,49.0,On Time,3.35
803537,503537,24.0,Delayed,3.34
803538,503538,19.0,Delayed,4.09
803539,503539,51.0,Delayed,11.95
803540,503540,48.0,On Time,4.09
803541,503541,30.0,On Time,12.38
803542,503542,20.0,On Time,5.18
803543,503543,24.0,On Time,4.89
803544,503544,30.0,On Time,5.99
803545,503545,50.0,On Time,7.0
803546,503546,51.0,On Time,6.59
803547,503547,37.0,Delayed,6.22
803548,503548,43.0,On Time,14.97
803549,503549,32.0,On Time,10.55
803550,503550,25.0,Delayed,13.28
803551,503551,17.0,On Time,13.46
803552,503552,39.0,Delayed,6.69
803553,503553,46.0,On Time,11.74
803554,503554,29.0,On Time,7.33
803555,503555,49.0,On Time,9.12
803556,503556,30.0,On Time,11.15
803557,503557,36.0,On Time,8.94
803558,503558,32.0,On Time,7.86
803559,503559,50.0,On Time,0.67
803560,503560,41.0,On Time,14.56
803561,503561,34.0,On Time,1.05
803562,503562,36.0,On Time,2.24
803563,503563,21.0,On Time,1.12
803564,503564,10.0,On Time,9.58
803565,503565,29.0,Delayed,4.89
803566,503566,33.0,Delayed,13.46
803567,503567,41.0,On Time,9.09
803568,503568,33.0,On Time,11.83
803569,503569,29.0,On Time,2.61
803570,503570,10.0,On Time,6.45
803571,503571,41.0,Delayed,9.55
803572,503572,38.0,On Time,3.22
803573,503573,45.0,On Time,6.04
803574,503574,35.0,On Time,11.44
803575,503575,49.0,On Time,10.39
803576,503576,28.0,On Time,13.58
803577,503577,35.0,On Time,8.59
803578,503578,38.0,Delayed,3.5
803579,503579,43.0,On Time,13.24
803580,503580,40.0,On Time,14.45
803581,503581,41.0,On Time,7.54
803582,503582,38.0,Delayed,1.72
803583,503583,33.0,On Time,4.17
803584,503584,46.0,On Time,11.41
803585,503585,15.0,On Time,0.5
803586,503586,27.0,On Time,4.77
803587,503587,54.0,On Time,5.85
803588,503588,27.0,On Time,11.93
803589,503589,34.0,On Time,6.84
803590,503590,52.0,On Time,8.12
803591,503591,33.0,Delayed,10.24
803592,503592,25.0,On Time,11.88
803593,503593,49.0,On Time,5.4
803594,503594,32.0,On Time,2.99
803595,503595,32.0,On Time,3.14
803596,503596,11.0,On Time,2.82
803597,503597,33.0,On Time,2.16
803598,503598,43.0,On Time,6.89
803599,503599,30.0,On Time,3.16
803600,503600,20.0,On Time,11.85
803601,503601,29.0,On Time,0.5
803602,503602,28.0,On Time,14.33
803603,503603,32.0,Failed,0.69
803604,503604,29.0,Delayed,5.22
803605,503605,55.0,On Time,11.43
803606,503606,39.0,Delayed,13.14
803607,503607,14.0,On Time,1.76
803608,503608,36.0,On Time,12.12
803609,503609,35.0,On Time,11.4
803610,503610,49.0,Delayed,7.17
803611,503611,33.0,On Time,9.59
803612,503612,33.0,On Time,5.82
803613,503613,57.0,On Time,5.02
803614,503614,22.0,On Time,0.98
803615,503615,45.0,Delayed,0.6
803616,503616,36.0,Delayed,8.13
803617,503617,29.0,On Time,0.67
803618,503618,27.0,Delayed,2.28
803619,503619,51.0,On Time,1.9
803620,503620,41.0,Delayed,9.68
803621,503621,42.0,On Time,10.2
803622,503622,46.0,On Time,11.44
803623,503623,39.0,On Time,14.61
803624,503624,22.0,On Time,14.71
803625,503625,16.0,On Time,3.51
803626,503626,53.0,On Time,5.6
803627,503627,37.0,On Time,8.64
803628,503628,36.0,On Time,1.14
803629,503629,57.0,Delayed,3.29
803630,503630,22.0,On Time,12.88
803631,503631,10.0,Failed,6.42
803632,503632,13.0,Delayed,7.53
803633,503633,29.0,Delayed,11.18
803634,503634,36.0,On Time,12.23
803635,503635,52.0,Delayed,13.04
803636,503636,45.0,On Time,13.48
803637,503637,10.0,On Time,4.77
803638,503638,69.0,On Time,9.91
803639,503639,30.0,Delayed,2.11
803640,503640,50.0,Delayed,14.55
803641,503641,42.0,On Time,4.38
803642,503642,35.0,On Time,6.16
803643,503643,32.0,On Time,13.99
803644,503644,22.0,On Time,9.64
803645,503645,20.0,On Time,4.68
803646,503646,33.0,On Time,1.75
803647,503647,18.0,On Time,7.59
803648,503648,55.0,On Time,9.07
803649,503649,36.0,On Time,10.19
803650,503650,60.0,On Time,2.89
803651,503651,30.0,On Time,10.74
803652,503652,28.0,Delayed,5.76
803653,503653,42.0,On Time,14.19
803654,503654,32.0,On Time,9.98
803655,503655,47.0,On Time,13.81
803656,503656,52.0,On Time,0.94
803657,503657,48.0,On Time,13.6
803658,503658,51.0,On Time,13.23
803659,503659,45.0,On Time,7.91
803660,503660,28.0,On Time,14.66
803661,503661,49.0,Delayed,11.36
803662,503662,43.0,On Time,14.93
803663,503663,28.0,Failed,11.47
803664,503664,29.0,On Time,13.77
803665,503665,34.0,On Time,3.36
803666,503666,48.0,On Time,3.36
803667,503667,36.0,On Time,7.86
803668,503668,35.0,On Time,11.07
803669,503669,33.0,On Time,4.34
803670,503670,31.0,On Time,6.55
803671,503671,21.0,On Time,3.0
803672,503672,45.0,On Time,13.92
803673,503673,23.0,On Time,11.29
803674,503674,36.0,On Time,1.06
803675,503675,30.0,On Time,0.83
803676,503676,44.0,On Time,14.91
803677,503677,31.0,On Time,6.24
803678,503678,23.0,On Time,9.23
803679,503679,47.0,On Time,14.24
803680,503680,25.0,Delayed,14.36
803681,503681,37.0,On Time,1.89
803682,503682,50.0,On Time,9.71
803683,503683,26.0,On Time,14.9
803684,503684,34.0,Delayed,3.1
803685,503685,30.0,On Time,10.11
803686,503686,37.0,On Time,11.72
803687,503687,34.0,On Time,1.6
803688,503688,46.0,On Time,6.11
803689,503689,28.0,On Time,3.48
803690,503690,50.0,On Time,1.32
803691,503691,54.0,On Time,1.94
803692,503692,38.0,On Time,5.46
803693,503693,26.0,On Time,8.9
803694,503694,35.0,On Time,14.33
803695,503695,34.0,On Time,14.07
803696,503696,56.0,On Time,13.15
803697,503697,34.0,On Time,11.69
803698,503698,52.0,On Time,1.09
803699,503699,36.0,On Time,6.38
803700,503700,36.0,On Time,11.8
803701,503701,31.0,On Time,14.53
803702,503702,32.0,Delayed,7.2
803703,503703,46.0,On Time,10.67
803704,503704,26.0,On Time,14.93
803705,503705,47.0,On Time,9.53
803706,503706,52.0,On Time,11.79
803707,503707,28.0,On Time,14.51
803708,503708,49.0,Delayed,10.8
803709,503709,48.0,On Time,2.41
803710,503710,45.0,Failed,14.7
803711,503711,27.0,On Time,12.16
803712,503712,34.0,On Time,4.34
803713,503713,34.0,On Time,14.82
803714,503714,60.0,On Time,1.65
803715,503715,35.0,On Time,14.13
803716,503716,33.0,On Time,12.7
803717,503717,21.0,On Time,4.49
803718,503718,23.0,Delayed,12.98
803719,503719,27.0,On Time,1.38
803720,503720,39.0,On Time,14.31
803721,503721,18.0,On Time,9.27
803722,503722,27.0,On Time,8.06
803723,503723,13.0,On Time,14.87
803724,503724,52.0,On Time,0.88
803725,503725,36.0,On Time,7.93
803726,503726,39.0,Delayed,11.16
803727,503727,22.0,On Time,2.13
803728,503728,49.0,Delayed,0.72
803729,503729,53.0,On Time,9.42
803730,503730,36.0,Delayed,5.4
803731,503731,29.0,On Time,7.49
803732,503732,42.0,On Time,9.52
803733,503733,44.0,On Time,6.1
803734,503734,45.0,Delayed,3.61
803735,503735,43.0,Delayed,3.96
803736,503736,47.0,On Time,3.22
803737,503737,27.0,On Time,10.88
803738,503738,46.0,Delayed,2.45
803739,503739,30.0,On Time,14.6
803740,503740,10.0,On Time,0.57
803741,503741,29.0,Failed,4.9
803742,503742,28.0,On Time,12.14
803743,503743,38.0,On Time,1.81
803744,503744,45.0,On Time,9.03
803745,503745,37.0,On Time,4.71
803746,503746,59.0,On Time,14.5
803747,503747,29.0,Delayed,3.68
803748,503748,11.0,On Time,1.53
803749,503749,38.0,On Time,9.4
803750,503750,28.0,On Time,5.95
803751,503751,22.0,On Time,13.61
803752,503752,31.0,On Time,13.77
803753,503753,26.0,On Time,12.03
803754,503754,27.0,On Time,2.37
803755,503755,53.0,On Time,10.04
803756,503756,36.0,On Time,1.84
803757,503757,32.0,Delayed,0.87
803758,503758,54.0,On Time,3.36
803759,503759,31.0,On Time,7.67
803760,503760,20.0,Delayed,7.04
803761,503761,19.0,On Time,11.75
803762,503762,34.0,On Time,8.09
803763,503763,15.0,On Time,4.33
803764,503764,21.0,On Time,2.53
803765,503765,30.0,On Time,8.76
803766,503766,49.0,On Time,10.29
803767,503767,51.0,On Time,3.59
803768,503768,43.0,On Time,9.66
803769,503769,35.0,On Time,12.97
803770,503770,28.0,On Time,4.01
803771,503771,40.0,On Time,12.38
803772,503772,56.0,On Time,14.28
803773,503773,37.0,On Time,14.08
803774,503774,29.0,On Time,2.55
803775,503775,33.0,Failed,1.21
803776,503776,32.0,On Time,11.04
803777,503777,42.0,On Time,6.04
803778,503778,26.0,On Time,3.08
803779,503779,40.0,On Time,6.98
803780,503780,42.0,On Time,8.37
803781,503781,39.0,On Time,2.85
803782,503782,22.0,On Time,1.05
803783,503783,33.0,On Time,11.84
803784,503784,29.0,Delayed,7.11
803785,503785,34.0,On Time,4.04
803786,503786,27.0,On Time,14.35
803787,503787,50.0,On Time,11.51
803788,503788,37.0,On Time,6.34
803789,503789,16.0,On Time,4.46
803790,503790,19.0,On Time,11.07
803791,503791,49.0,On Time,11.0
803792,503792,33.0,On Time,13.32
803793,503793,30.0,Delayed,0.69
803794,503794,49.0,Delayed,9.63
803795,503795,33.0,On Time,4.59
803796,503796,21.0,Delayed,14.63
803797,503797,21.0,On Time,0.86
803798,503798,43.0,On Time,7.57
803799,503799,59.0,Failed,10.81
803800,503800,45.0,On Time,11.39
803801,503801,30.0,On Time,9.68
803802,503802,32.0,On Time,7.35
803803,503803,36.0,On Time,13.69
803804,503804,11.0,On Time,8.86
803805,503805,35.0,On Time,8.06
803806,503806,42.0,On Time,12.93
803807,503807,56.0,On Time,6.93
803808,503808,48.0,On Time,9.31
803809,503809,58.0,On Time,5.27
803810,503810,55.0,On Time,3.58
803811,503811,52.0,On Time,7.17
803812,503812,35.0,Failed,5.37
803813,503813,39.0,On Time,1.05
803814,503814,15.0,On Time,7.56
803815,503815,37.0,On Time,10.02
803816,503816,42.0,Delayed,1.25
803817,503817,32.0,On Time,8.73
803818,503818,17.0,Delayed,5.0
803819,503819,54.0,Delayed,1.09
803820,503820,40.0,On Time,1.9
803821,503821,56.0,On Time,10.89
803822,503822,44.0,On Time,8.32
803823,503823,51.0,On Time,14.36
803824,503824,49.0,Delayed,10.38
803825,503825,27.0,On Time,14.46
803826,503826,29.0,Delayed,4.63
803827,503827,30.0,On Time,8.95
803828,503828,23.0,On Time,8.6
803829,503829,56.0,On Time,8.09
803830,503830,36.0,On Time,13.51
803831,503831,41.0,On Time,8.15
803832,503832,19.0,On Time,4.32
803833,503833,45.0,On Time,10.68
803834,503834,30.0,On Time,4.34
803835,503835,50.0,On Time,1.71
803836,503836,27.0,On Time,9.04
803837,503837,51.0,Delayed,2.49
803838,503838,46.0,On Time,10.86
803839,503839,29.0,On Time,6.85
803840,503840,52.0,On Time,13.06
803841,503841,49.0,On Time,6.37
803842,503842,41.0,On Time,6.24
803843,503843,23.0,On Time,6.72
803844,503844,45.0,On Time,10.85
803845,503845,36.0,On Time,2.75
803846,503846,36.0,On Time,5.45
803847,503847,36.0,On Time,4.38
803848,503848,35.0,On Time,6.13
803849,503849,25.0,On Time,13.72
803850,503850,17.0,On Time,9.65
803851,503851,14.0,On Time,7.8
803852,503852,39.0,On Time,2.37
803853,503853,10.0,On Time,8.86
803854,503854,44.0,On Time,12.08
803855,503855,41.0,On Time,5.73
803856,503856,31.0,On Time,13.59
803857,503857,47.0,Delayed,5.6
803858,503858,32.0,On Time,2.83
803859,503859,40.0,On Time,12.5
803860,503860,12.0,Failed,8.7
803861,503861,10.0,On Time,7.99
803862,503862,32.0,On Time,13.92
803863,503863,40.0,On Time,12.46
803864,503864,46.0,On Time,14.89
803865,503865,33.0,On Time,10.53
803866,503866,38.0,On Time,8.9
803867,503867,44.0,On Time,8.31
803868,503868,33.0,On Time,5.66
803869,503869,42.0,On Time,3.12
803870,503870,21.0,On Time,12.46
803871,503871,15.0,Delayed,0.6
803872,503872,29.0,On Time,13.37
803873,503873,44.0,On Time,4.31
803874,503874,26.0,Failed,3.97
803875,503875,43.0,On Time,0.6
803876,503876,23.0,On Time,5.72
803877,503877,28.0,On Time,1.79
803878,503878,38.0,On Time,3.18
803879,503879,27.0,On Time,10.48
803880,503880,29.0,On Time,6.52
803881,503881,10.0,On Time,0.66
803882,503882,45.0,On Time,5.09
803883,503883,34.0,On Time,0.59
803884,503884,24.0,On Time,13.77
803885,503885,57.0,On Time,12.98
803886,503886,26.0,On Time,5.62
803887,503887,29.0,On Time,3.99
803888,503888,23.0,On Time,2.05
803889,503889,48.0,On Time,10.73
803890,503890,52.0,On Time,2.25
803891,503891,51.0,On Time,10.21
803892,503892,51.0,On Time,4.25
803893,503893,28.0,On Time,11.07
803894,503894,55.0,On Time,6.2
803895,503895,33.0,Delayed,2.48
803896,503896,16.0,Delayed,4.52
803897,503897,30.0,On Time,10.51
803898,503898,39.0,Delayed,10.43
803899,503899,27.0,On Time,9.16
803900,503900,37.0,On Time,5.19
803901,503901,41.0,On Time,9.71
803902,503902,40.0,On Time,1.11
803903,503903,43.0,On Time,9.26
803904,503904,33.0,On Time,11.83
803905,503905,26.0,Delayed,2.5
803906,503906,17.0,On Time,12.34
803907,503907,34.0,On Time,13.62
803908,503908,29.0,On Time,14.41
803909,503909,34.0,On Time,0.94
803910,503910,10.0,On Time,13.49
803911,503911,17.0,On Time,1.42
803912,503912,41.0,On Time,6.0
803913,503913,15.0,On Time,8.45
803914,503914,33.0,On Time,3.71
803915,503915,25.0,On Time,5.5
803916,503916,24.0,On Time,13.67
803917,503917,36.0,On Time,3.04
803918,503918,35.0,On Time,8.31
803919,503919,42.0,On Time,12.49
803920,503920,22.0,On Time,4.0
803921,503921,24.0,On Time,14.06
803922,503922,48.0,On Time,14.71
803923,503923,32.0,Delayed,4.36
803924,503924,39.0,On Time,7.36
803925,503925,29.0,Failed,0.66
803926,503926,40.0,On Time,14.43
803927,503927,10.0,On Time,2.49
803928,503928,49.0,On Time,6.7
803929,503929,30.0,Delayed,10.25
803930,503930,20.0,Delayed,9.93
803931,503931,22.0,On Time,9.96
803932,503932,32.0,On Time,0.75
803933,503933,34.0,On Time,11.15
803934,503934,37.0,On Time,11.32
803935,503935,21.0,On Time,8.41
803936,503936,45.0,On Time,11.1
803937,503937,29.0,On Time,0.51
803938,503938,28.0,On Time,2.91
803939,503939,32.0,Delayed,1.58
803940,503940,43.0,On Time,5.04
803941,503941,35.0,On Time,3.45
803942,503942,28.0,On Time,3.2
803943,503943,31.0,On Time,6.58
803944,503944,50.0,On Time,9.54
803945,503945,48.0,On Time,8.38
803946,503946,39.0,On Time,12.64
803947,503947,37.0,On Time,6.21
803948,503948,63.0,On Time,6.41
803949,503949,41.0,On Time,0.66
803950,503950,37.0,On Time,11.52
803951,503951,33.0,On Time,9.23
803952,503952,39.0,On Time,2.32
803953,503953,10.0,Delayed,3.28
803954,503954,47.0,On Time,2.98
803955,503955,20.0,On Time,6.41
803956,503956,26.0,On Time,1.05
803957,503957,18.0,Delayed,11.79
803958,503958,26.0,On Time,5.11
803959,503959,31.0,On Time,13.82
803960,503960,46.0,On Time,4.44
803961,503961,50.0,On Time,5.81
803962,503962,58.0,On Time,13.85
803963,503963,36.0,On Time,2.94
803964,503964,32.0,On Time,12.76
803965,503965,44.0,On Time,2.7
803966,503966,25.0,On Time,7.68
803967,503967,23.0,Delayed,13.17
803968,503968,31.0,On Time,2.82
803969,503969,35.0,On Time,1.04
803970,503970,10.0,On Time,3.97
803971,503971,48.0,On Time,4.3
803972,503972,38.0,Delayed,6.4
803973,503973,45.0,On Time,11.28
803974,503974,16.0,On Time,1.2
803975,503975,27.0,On Time,8.79
803976,503976,26.0,Delayed,11.02
803977,503977,33.0,On Time,12.2
803978,503978,35.0,On Time,14.52
803979,503979,45.0,On Time,12.47
803980,503980,36.0,On Time,2.0
803981,503981,26.0,Delayed,3.05
803982,503982,61.0,On Time,10.95
803983,503983,32.0,On Time,3.57
803984,503984,24.0,On Time,4.08
803985,503985,12.0,Delayed,12.81
803986,503986,36.0,On Time,7.19
803987,503987,43.0,On Time,6.25
803988,503988,21.0,Delayed,7.31
803989,503989,42.0,Delayed,4.22
803990,503990,36.0,On Time,1.77
803991,503991,14.0,On Time,14.67
803992,503992,43.0,Delayed,4.73
803993,503993,32.0,On Time,7.92
803994,503994,21.0,On Time,1.35
803995,503995,46.0,Delayed,2.66
803996,503996,46.0,On Time,1.98
803997,503997,21.0,On Time,1.24
803998,503998,39.0,On Time,9.94
803999,503999,37.0,On Time,0.75
804000,504000,34.0,On Time,7.12
804001,504001,29.0,On Time,10.14
804002,504002,33.0,On Time,5.76
804003,504003,46.0,On Time,2.68
804004,504004,40.0,On Time,3.74
804005,504005,12.0,On Time,2.73
804006,504006,10.0,On Time,4.78
804007,504007,13.0,On Time,5.67
804008,504008,19.0,On Time,6.25
804009,504009,26.0,On Time,3.73
804010,504010,30.0,On Time,3.9
804011,504011,34.0,On Time,9.77
804012,504012,35.0,On Time,0.83
804013,504013,34.0,On Time,6.9
804014,504014,49.0,On Time,13.97
804015,504015,15.0,Delayed,11.54
804016,504016,39.0,On Time,5.33
804017,504017,39.0,On Time,8.45
804018,504018,20.0,On Time,14.74
804019,504019,41.0,On Time,10.89
804020,504020,39.0,On Time,9.05
804021,504021,34.0,On Time,8.61
804022,504022,10.0,On Time,13.47
804023,504023,47.0,On Time,3.32
804024,504024,38.0,On Time,8.89
804025,504025,40.0,Delayed,5.58
804026,504026,10.0,On Time,7.29
804027,504027,29.0,On Time,1.08
804028,504028,18.0,On Time,12.0
804029,504029,51.0,On Time,3.17
804030,504030,22.0,Failed,8.66
804031,504031,53.0,On Time,13.89
804032,504032,46.0,Delayed,4.23
804033,504033,38.0,Delayed,5.25
804034,504034,49.0,On Time,6.39
804035,504035,24.0,On Time,8.39
804036,504036,26.0,On Time,3.84
804037,504037,46.0,On Time,11.21
804038,504038,24.0,On Time,9.63
804039,504039,19.0,Delayed,1.85
804040,504040,31.0,On Time,7.89
804041,504041,24.0,On Time,5.72
804042,504042,57.0,On Time,5.58
804043,504043,44.0,On Time,14.75
804044,504044,28.0,Failed,6.38
804045,504045,23.0,On Time,0.85
804046,504046,39.0,On Time,5.65
804047,504047,49.0,On Time,9.19
804048,504048,38.0,On Time,8.15
804049,504049,24.0,On Time,1.62
804050,504050,18.0,On Time,2.94
804051,504051,30.0,On Time,11.66
804052,504052,39.0,On Time,0.6
804053,504053,29.0,On Time,3.84
804054,504054,47.0,On Time,14.72
804055,504055,41.0,On Time,10.01
804056,504056,38.0,On Time,4.06
804057,504057,41.0,On Time,3.31
804058,504058,18.0,On Time,6.54
804059,504059,29.0,On Time,9.86
804060,504060,23.0,On Time,2.98
804061,504061,40.0,On Time,11.35
804062,504062,23.0,On Time,1.11
804063,504063,36.0,On Time,3.31
804064,504064,33.0,On Time,9.06
804065,504065,42.0,On Time,10.74
804066,504066,21.0,Delayed,10.25
804067,504067,40.0,Delayed,4.3
804068,504068,22.0,On Time,6.09
804069,504069,23.0,On Time,1.05
804070,504070,33.0,On Time,0.51
804071,504071,49.0,On Time,6.54
804072,504072,25.0,On Time,8.38
804073,504073,14.0,On Time,12.41
804074,504074,24.0,On Time,14.46
804075,504075,30.0,Delayed,9.19
804076,504076,57.0,On Time,12.34
804077,504077,40.0,On Time,2.39
804078,504078,26.0,On Time,12.34
804079,504079,33.0,On Time,4.17
804080,504080,54.0,On Time,6.44
804081,504081,32.0,On Time,0.81
804082,504082,32.0,On Time,7.29
804083,504083,30.0,On Time,9.94
804084,504084,43.0,On Time,4.15
804085,504085,29.0,On Time,12.23
804086,504086,45.0,On Time,13.93
804087,504087,48.0,Delayed,8.77
804088,504088,42.0,On Time,4.04
804089,504089,32.0,On Time,10.73
804090,504090,18.0,On Time,4.77
804091,504091,32.0,Delayed,2.86
804092,504092,27.0,On Time,4.64
804093,504093,26.0,On Time,6.87
804094,504094,32.0,On Time,3.77
804095,504095,41.0,Failed,5.39
804096,504096,28.0,Failed,6.24
804097,504097,19.0,On Time,11.43
804098,504098,23.0,On Time,12.94
804099,504099,55.0,On Time,12.46
804100,504100,42.0,On Time,3.3
804101,504101,24.0,On Time,12.24
804102,504102,50.0,Delayed,9.79
804103,504103,32.0,On Time,3.95
804104,504104,62.0,On Time,5.95
804105,504105,38.0,On Time,5.51
804106,504106,42.0,On Time,6.81
804107,504107,45.0,On Time,12.75
804108,504108,53.0,On Time,6.47
804109,504109,30.0,On Time,1.29
804110,504110,52.0,On Time,11.19
804111,504111,28.0,On Time,11.91
804112,504112,31.0,Delayed,8.8
804113,504113,35.0,Delayed,7.39
804114,504114,46.0,On Time,11.7
804115,504115,31.0,On Time,0.82
804116,504116,55.0,On Time,8.97
804117,504117,51.0,On Time,14.3
804118,504118,35.0,On Time,12.02
804119,504119,23.0,On Time,4.5
804120,504120,47.0,On Time,13.81
804121,504121,10.0,On Time,3.44
804122,504122,44.0,On Time,8.43
804123,504123,25.0,On Time,9.56
804124,504124,50.0,On Time,0.99
804125,504125,18.0,On Time,2.35
804126,504126,27.0,Delayed,8.39
804127,504127,40.0,On Time,3.12
804128,504128,42.0,On Time,6.58
804129,504129,27.0,Delayed,10.73
804130,504130,31.0,On Time,9.57
804131,504131,46.0,On Time,13.18
804132,504132,47.0,On Time,13.86
804133,504133,31.0,Delayed,13.94
804134,504134,28.0,Delayed,6.19
804135,504135,19.0,On Time,2.27
804136,504136,38.0,On Time,10.17
804137,504137,45.0,On Time,13.83
804138,504138,37.0,On Time,11.65
804139,504139,24.0,On Time,10.61
804140,504140,56.0,On Time,12.14
804141,504141,10.0,On Time,6.44
804142,504142,46.0,Delayed,7.78
804143,504143,38.0,On Time,3.4
804144,504144,41.0,On Time,10.24
804145,504145,26.0,On Time,5.55
804146,504146,33.0,On Time,4.38
804147,504147,39.0,On Time,4.13
804148,504148,34.0,On Time,7.91
804149,504149,13.0,On Time,8.33
804150,504150,56.0,Delayed,12.48
804151,504151,43.0,On Time,13.79
804152,504152,35.0,On Time,4.98
804153,504153,36.0,Delayed,5.31
804154,504154,55.0,On Time,4.58
804155,504155,26.0,Delayed,4.88
804156,504156,23.0,On Time,11.06
804157,504157,45.0,On Time,9.62
804158,504158,41.0,Delayed,1.63
804159,504159,23.0,On Time,8.8
804160,504160,48.0,Delayed,12.79
804161,504161,39.0,On Time,1.37
804162,504162,24.0,On Time,13.63
804163,504163,41.0,On Time,4.22
804164,504164,39.0,On Time,5.25
804165,504165,34.0,On Time,6.29
804166,504166,40.0,On Time,2.56
804167,504167,43.0,On Time,1.93
804168,504168,46.0,On Time,3.99
804169,504169,36.0,On Time,0.58
804170,504170,32.0,On Time,8.87
804171,504171,38.0,On Time,2.45
804172,504172,49.0,On Time,1.85
804173,504173,43.0,On Time,8.67
804174,504174,31.0,On Time,9.09
804175,504175,36.0,On Time,10.07
804176,504176,55.0,On Time,7.8
804177,504177,44.0,On Time,13.32
804178,504178,37.0,On Time,2.31
804179,504179,49.0,On Time,11.9
804180,504180,28.0,On Time,6.46
804181,504181,39.0,On Time,13.6
804182,504182,58.0,On Time,3.9
804183,504183,43.0,Delayed,14.24
804184,504184,54.0,On Time,13.07
804185,504185,34.0,On Time,3.01
804186,504186,29.0,On Time,6.81
804187,504187,49.0,Delayed,4.02
804188,504188,13.0,On Time,2.56
804189,504189,37.0,On Time,6.13
804190,504190,47.0,On Time,8.26
804191,504191,42.0,Delayed,6.32
804192,504192,10.0,On Time,5.31
804193,504193,19.0,On Time,5.25
804194,504194,34.0,On Time,2.83
804195,504195,41.0,On Time,3.73
804196,504196,41.0,On Time,8.18
804197,504197,35.0,On Time,2.81
804198,504198,44.0,Delayed,12.53
804199,504199,40.0,On Time,11.17
804200,504200,33.0,On Time,14.84
804201,504201,41.0,Delayed,5.09
804202,504202,27.0,On Time,3.14
804203,504203,43.0,On Time,1.59
804204,504204,25.0,On Time,5.57
804205,504205,41.0,On Time,13.85
804206,504206,41.0,On Time,9.07
804207,504207,31.0,On Time,14.4
804208,504208,43.0,Delayed,13.75
804209,504209,54.0,On Time,6.01
804210,504210,23.0,On Time,6.85
804211,504211,46.0,Delayed,4.84
804212,504212,48.0,Delayed,11.26
804213,504213,33.0,Delayed,8.76
804214,504214,45.0,Delayed,1.42
804215,504215,32.0,On Time,13.82
804216,504216,50.0,On Time,11.89
804217,504217,10.0,On Time,14.03
804218,504218,52.0,On Time,4.12
804219,504219,22.0,On Time,11.42
804220,504220,36.0,On Time,9.69
804221,504221,25.0,On Time,2.29
804222,504222,53.0,On Time,4.26
804223,504223,32.0,On Time,3.28
804224,504224,28.0,On Time,2.72
804225,504225,48.0,On Time,9.92
804226,504226,44.0,On Time,13.06
804227,504227,31.0,On Time,14.82
804228,504228,23.0,On Time,3.62
804229,504229,21.0,On Time,10.28
804230,504230,50.0,On Time,1.64
804231,504231,40.0,On Time,3.97
804232,504232,37.0,Failed,12.79
804233,504233,41.0,On Time,14.15
804234,504234,12.0,Delayed,14.57
804235,504235,31.0,On Time,7.23
804236,504236,31.0,On Time,11.17
804237,504237,47.0,Delayed,5.85
804238,504238,17.0,On Time,10.66
804239,504239,48.0,On Time,2.71
804240,504240,57.0,On Time,2.27
804241,504241,14.0,On Time,14.77
804242,504242,35.0,On Time,5.02
804243,504243,41.0,On Time,13.51
804244,504244,45.0,On Time,0.83
804245,504245,10.0,On Time,12.56
804246,504246,39.0,On Time,14.08
804247,504247,32.0,Delayed,0.73
804248,504248,32.0,On Time,6.14
804249,504249,60.0,On Time,12.22
804250,504250,32.0,On Time,0.56
804251,504251,40.0,Failed,4.92
804252,504252,34.0,On Time,4.24
804253,504253,38.0,On Time,2.44
804254,504254,42.0,Delayed,1.78
804255,504255,46.0,On Time,4.11
804256,504256,26.0,On Time,3.4
804257,504257,37.0,On Time,14.63
804258,504258,37.0,On Time,0.82
804259,504259,15.0,On Time,2.38
804260,504260,24.0,On Time,12.2
804261,504261,46.0,Failed,11.56
804262,504262,29.0,Delayed,7.29
804263,504263,66.0,On Time,6.09
804264,504264,47.0,On Time,5.52
804265,504265,40.0,On Time,14.62
804266,504266,53.0,Delayed,13.07
804267,504267,44.0,On Time,4.3
804268,504268,37.0,On Time,7.19
804269,504269,18.0,Failed,11.32
804270,504270,43.0,Delayed,12.46
804271,504271,52.0,On Time,2.27
804272,504272,28.0,On Time,14.36
804273,504273,13.0,Delayed,12.38
804274,504274,22.0,On Time,7.8
804275,504275,56.0,Delayed,7.76
804276,504276,36.0,On Time,7.85
804277,504277,53.0,On Time,12.33
804278,504278,35.0,Delayed,8.42
804279,504279,29.0,Delayed,12.28
804280,504280,61.0,On Time,13.02
804281,504281,31.0,Delayed,10.69
804282,504282,32.0,On Time,1.18
804283,504283,41.0,Delayed,6.99
804284,504284,32.0,On Time,4.21
804285,504285,44.0,Failed,1.13
804286,504286,40.0,On Time,9.9
804287,504287,41.0,On Time,7.94
804288,504288,28.0,On Time,1.39
804289,504289,15.0,On Time,9.52
804290,504290,25.0,On Time,3.26
804291,504291,26.0,On Time,14.09
804292,504292,39.0,Delayed,10.61
804293,504293,25.0,On Time,0.55
804294,504294,17.0,On Time,13.14
804295,504295,21.0,On Time,1.44
804296,504296,40.0,On Time,0.67
804297,504297,43.0,On Time,6.23
804298,504298,29.0,On Time,2.76
804299,504299,30.0,On Time,12.36
804300,504300,42.0,On Time,14.2
804301,504301,37.0,On Time,11.86
804302,504302,49.0,On Time,5.84
804303,504303,33.0,On Time,4.74
804304,504304,25.0,On Time,5.47
804305,504305,48.0,On Time,1.76
804306,504306,31.0,On Time,13.6
804307,504307,26.0,Delayed,4.04
804308,504308,46.0,On Time,4.13
804309,504309,52.0,On Time,10.88
804310,504310,37.0,On Time,9.46
804311,504311,23.0,On Time,14.4
804312,504312,53.0,On Time,14.73
804313,504313,40.0,On Time,6.55
804314,504314,38.0,On Time,13.85
804315,504315,30.0,On Time,14.35
804316,504316,49.0,On Time,12.91
804317,504317,22.0,On Time,14.02
804318,504318,21.0,On Time,9.2
804319,504319,58.0,On Time,2.16
804320,504320,25.0,On Time,12.96
804321,504321,47.0,On Time,4.96
804322,504322,52.0,On Time,13.91
804323,504323,38.0,On Time,8.03
804324,504324,24.0,On Time,7.6
804325,504325,43.0,On Time,12.55
804326,504326,52.0,On Time,6.13
804327,504327,39.0,On Time,2.04
804328,504328,26.0,On Time,11.86
804329,504329,39.0,Failed,4.71
804330,504330,18.0,On Time,12.77
804331,504331,23.0,On Time,13.78
804332,504332,32.0,On Time,6.18
804333,504333,36.0,Delayed,10.22
804334,504334,21.0,On Time,0.76
804335,504335,38.0,On Time,12.01
804336,504336,41.0,On Time,7.16
804337,504337,32.0,Delayed,4.33
804338,504338,10.0,On Time,13.19
804339,504339,36.0,On Time,6.43
804340,504340,57.0,On Time,12.44
804341,504341,40.0,On Time,6.6
804342,504342,35.0,On Time,14.27
804343,504343,31.0,On Time,10.22
804344,504344,42.0,On Time,10.17
804345,504345,38.0,On Time,2.29
804346,504346,43.0,On Time,11.34
804347,504347,22.0,Delayed,8.04
804348,504348,36.0,On Time,10.92
804349,504349,29.0,On Time,13.08
804350,504350,39.0,On Time,10.7
804351,504351,12.0,On Time,7.74
804352,504352,30.0,On Time,12.85
804353,504353,42.0,On Time,11.2
804354,504354,43.0,On Time,11.59
804355,504355,35.0,Failed,13.72
804356,504356,10.0,On Time,2.5
804357,504357,43.0,On Time,7.74
804358,504358,54.0,Delayed,2.3
804359,504359,25.0,On Time,11.37
804360,504360,30.0,On Time,6.76
804361,504361,45.0,On Time,10.94
804362,504362,45.0,On Time,2.27
804363,504363,48.0,On Time,9.49
804364,504364,47.0,On Time,2.14
804365,504365,17.0,On Time,5.62
804366,504366,29.0,On Time,8.27
804367,504367,43.0,On Time,10.53
804368,504368,34.0,On Time,7.77
804369,504369,39.0,On Time,11.1
804370,504370,33.0,On Time,3.02
804371,504371,30.0,Delayed,9.81
804372,504372,32.0,Failed,6.09
804373,504373,22.0,On Time,2.74
804374,504374,26.0,Failed,12.87
804375,504375,34.0,Failed,14.65
804376,504376,34.0,On Time,3.97
804377,504377,42.0,Delayed,2.78
804378,504378,32.0,On Time,11.58
804379,504379,55.0,Delayed,14.86
804380,504380,50.0,On Time,6.57
804381,504381,29.0,On Time,11.97
804382,504382,37.0,On Time,2.63
804383,504383,50.0,On Time,3.81
804384,504384,27.0,On Time,2.54
804385,504385,26.0,On Time,10.16
804386,504386,51.0,Delayed,9.02
804387,504387,43.0,On Time,10.1
804388,504388,48.0,On Time,2.95
804389,504389,39.0,On Time,1.68
804390,504390,32.0,On Time,8.24
804391,504391,19.0,Failed,8.18
804392,504392,37.0,On Time,6.61
804393,504393,50.0,On Time,10.4
804394,504394,50.0,On Time,6.57
804395,504395,48.0,On Time,12.92
804396,504396,44.0,On Time,11.78
804397,504397,62.0,On Time,5.37
804398,504398,16.0,On Time,13.47
804399,504399,38.0,On Time,7.63
804400,504400,24.0,Delayed,7.23
804401,504401,54.0,On Time,10.95
804402,504402,28.0,On Time,14.37
804403,504403,47.0,On Time,0.98
804404,504404,30.0,On Time,3.04
804405,504405,40.0,On Time,12.18
804406,504406,34.0,On Time,6.91
804407,504407,35.0,On Time,12.95
804408,504408,39.0,On Time,5.6
804409,504409,46.0,On Time,14.65
804410,504410,34.0,On Time,3.63
804411,504411,46.0,On Time,14.26
804412,504412,47.0,Delayed,11.95
804413,504413,30.0,Delayed,14.62
804414,504414,58.0,On Time,2.85
804415,504415,44.0,On Time,5.62
804416,504416,30.0,Delayed,3.37
804417,504417,42.0,On Time,12.53
804418,504418,47.0,On Time,4.39
804419,504419,42.0,On Time,8.12
804420,504420,37.0,On Time,3.3
804421,504421,10.0,Delayed,10.76
804422,504422,23.0,On Time,11.27
804423,504423,43.0,On Time,2.17
804424,504424,23.0,On Time,10.45
804425,504425,41.0,On Time,2.9
804426,504426,46.0,On Time,14.34
804427,504427,34.0,On Time,13.26
804428,504428,14.0,Delayed,3.42
804429,504429,26.0,On Time,5.43
804430,504430,43.0,On Time,9.14
804431,504431,50.0,On Time,12.2
804432,504432,10.0,On Time,14.18
804433,504433,36.0,On Time,6.58
804434,504434,17.0,On Time,7.59
804435,504435,36.0,On Time,2.77
804436,504436,33.0,On Time,5.57
804437,504437,63.0,On Time,14.88
804438,504438,29.0,Failed,14.09
804439,504439,48.0,On Time,6.5
804440,504440,47.0,On Time,3.74
804441,504441,33.0,On Time,8.81
804442,504442,36.0,On Time,6.64
804443,504443,35.0,On Time,11.41
804444,504444,26.0,Delayed,9.63
804445,504445,25.0,On Time,10.08
804446,504446,30.0,On Time,5.93
804447,504447,21.0,On Time,9.45
804448,504448,29.0,On Time,10.5
804449,504449,33.0,On Time,9.9
804450,504450,37.0,On Time,10.58
804451,504451,40.0,On Time,13.41
804452,504452,33.0,On Time,4.39
804453,504453,26.0,On Time,2.77
804454,504454,40.0,On Time,1.0
804455,504455,44.0,On Time,10.65
804456,504456,29.0,On Time,5.36
804457,504457,23.0,On Time,7.84
804458,504458,30.0,Delayed,1.56
804459,504459,33.0,On Time,13.94
804460,504460,49.0,On Time,9.03
804461,504461,43.0,On Time,2.31
804462,504462,35.0,On Time,6.39
804463,504463,58.0,Delayed,5.04
804464,504464,35.0,On Time,13.07
804465,504465,52.0,On Time,13.2
804466,504466,50.0,On Time,11.96
804467,504467,49.0,On Time,6.13
804468,504468,39.0,On Time,14.18
804469,504469,36.0,On Time,4.49
804470,504470,35.0,On Time,10.09
804471,504471,45.0,On Time,8.09
804472,504472,26.0,On Time,6.85
804473,504473,32.0,Delayed,3.23
804474,504474,55.0,On Time,3.98
804475,504475,42.0,On Time,12.42
804476,504476,46.0,On Time,10.2
804477,504477,20.0,On Time,14.0
804478,504478,30.0,On Time,10.38
804479,504479,39.0,On Time,1.38
804480,504480,35.0,Failed,2.19
804481,504481,20.0,On Time,10.99
804482,504482,44.0,On Time,4.14
804483,504483,48.0,On Time,4.11
804484,504484,32.0,Delayed,6.39
804485,504485,45.0,On Time,11.31
804486,504486,59.0,On Time,9.76
804487,504487,53.0,On Time,3.32
804488,504488,32.0,On Time,13.5
804489,504489,22.0,On Time,14.6
804490,504490,38.0,On Time,11.98
804491,504491,63.0,On Time,3.3
804492,504492,51.0,Delayed,12.01
804493,504493,35.0,On Time,8.06
804494,504494,54.0,On Time,0.91
804495,504495,49.0,On Time,10.18
804496,504496,12.0,On Time,14.67
804497,504497,48.0,On Time,6.76
804498,504498,36.0,On Time,1.42
804499,504499,25.0,On Time,3.84
804500,504500,36.0,Delayed,8.6
804501,504501,40.0,On Time,11.97
804502,504502,25.0,On Time,3.19
804503,504503,34.0,On Time,3.68
804504,504504,31.0,Failed,13.87
804505,504505,45.0,On Time,13.28
804506,504506,31.0,On Time,13.78
804507,504507,15.0,Delayed,3.05
804508,504508,30.0,On Time,14.02
804509,504509,24.0,On Time,5.43
804510,504510,19.0,On Time,7.99
804511,504511,49.0,On Time,7.12
804512,504512,45.0,On Time,14.68
804513,504513,23.0,On Time,4.31
804514,504514,20.0,On Time,14.39
804515,504515,34.0,Delayed,14.41
804516,504516,19.0,On Time,13.8
804517,504517,32.0,On Time,5.68
804518,504518,36.0,On Time,5.94
804519,504519,39.0,On Time,3.46
804520,504520,39.0,On Time,7.39
804521,504521,26.0,Delayed,4.11
804522,504522,36.0,On Time,9.59
804523,504523,50.0,Delayed,13.08
804524,504524,10.0,Delayed,14.27
804525,504525,39.0,On Time,6.85
804526,504526,21.0,On Time,6.76
804527,504527,52.0,On Time,7.96
804528,504528,45.0,On Time,13.72
804529,504529,44.0,On Time,1.64
804530,504530,25.0,On Time,4.94
804531,504531,38.0,Delayed,3.36
804532,504532,40.0,On Time,11.74
804533,504533,10.0,On Time,5.98
804534,504534,37.0,Failed,14.48
804535,504535,42.0,On Time,14.7
804536,504536,18.0,On Time,13.27
804537,504537,42.0,Delayed,7.88
804538,504538,36.0,Failed,14.0
804539,504539,52.0,On Time,5.97
804540,504540,30.0,On Time,6.2
804541,504541,37.0,On Time,7.36
804542,504542,39.0,Delayed,10.61
804543,504543,10.0,Delayed,1.42
804544,504544,31.0,On Time,8.27
804545,504545,36.0,On Time,14.5
804546,504546,10.0,On Time,1.48
804547,504547,43.0,On Time,1.75
804548,504548,36.0,On Time,14.19
804549,504549,36.0,On Time,12.55
804550,504550,44.0,On Time,0.51
804551,504551,30.0,On Time,7.04
804552,504552,36.0,Delayed,4.99
804553,504553,45.0,On Time,2.93
804554,504554,36.0,Delayed,1.26
804555,504555,13.0,On Time,4.12
804556,504556,36.0,Delayed,9.96
804557,504557,36.0,On Time,4.91
804558,504558,46.0,On Time,4.96
804559,504559,31.0,On Time,4.31
804560,504560,23.0,On Time,1.91
804561,504561,23.0,On Time,9.1
804562,504562,52.0,On Time,11.1
804563,504563,38.0,On Time,14.71
804564,504564,52.0,Delayed,3.79
804565,504565,53.0,On Time,2.86
804566,504566,26.0,On Time,10.76
804567,504567,25.0,On Time,5.19
804568,504568,33.0,On Time,7.87
804569,504569,42.0,On Time,10.77
804570,504570,18.0,On Time,6.58
804571,504571,40.0,On Time,5.88
804572,504572,40.0,On Time,6.87
804573,504573,21.0,On Time,7.13
804574,504574,22.0,On Time,0.51
804575,504575,40.0,On Time,3.23
804576,504576,60.0,On Time,9.34
804577,504577,31.0,Delayed,0.75
804578,504578,39.0,Delayed,4.51
804579,504579,28.0,On Time,6.89
804580,504580,38.0,On Time,6.91
804581,504581,27.0,On Time,1.19
804582,504582,32.0,On Time,13.19
804583,504583,64.0,On Time,1.81
804584,504584,36.0,On Time,13.2
804585,504585,16.0,On Time,14.87
804586,504586,43.0,Delayed,3.09
804587,504587,49.0,On Time,1.52
804588,504588,43.0,On Time,2.26
804589,504589,33.0,Delayed,12.86
804590,504590,24.0,On Time,14.6
804591,504591,24.0,On Time,9.08
804592,504592,33.0,On Time,14.24
804593,504593,31.0,On Time,11.66
804594,504594,28.0,On Time,8.75
804595,504595,50.0,On Time,13.76
804596,504596,46.0,On Time,7.29
804597,504597,50.0,On Time,6.47
804598,504598,26.0,On Time,10.94
804599,504599,24.0,Delayed,11.36
804600,504600,36.0,On Time,5.64
804601,504601,40.0,On Time,7.4
804602,504602,36.0,On Time,3.63
804603,504603,39.0,On Time,2.24
804604,504604,54.0,Delayed,5.6
804605,504605,32.0,Delayed,7.65
804606,504606,45.0,On Time,2.78
804607,504607,41.0,On Time,2.86
804608,504608,36.0,Delayed,2.3
804609,504609,44.0,On Time,13.2
804610,504610,26.0,Delayed,10.56
804611,504611,23.0,On Time,2.61
804612,504612,40.0,On Time,10.09
804613,504613,15.0,On Time,7.54
804614,504614,41.0,On Time,8.7
804615,504615,21.0,Delayed,12.51
804616,504616,53.0,On Time,7.4
804617,504617,30.0,On Time,4.68
804618,504618,52.0,On Time,11.81
804619,504619,32.0,On Time,2.81
804620,504620,32.0,Failed,13.91
804621,504621,45.0,On Time,14.15
804622,504622,39.0,On Time,5.5
804623,504623,34.0,On Time,11.7
804624,504624,30.0,On Time,13.87
804625,504625,30.0,On Time,13.83
804626,504626,63.0,On Time,2.16
804627,504627,15.0,On Time,2.93
804628,504628,21.0,On Time,7.61
804629,504629,49.0,On Time,8.51
804630,504630,48.0,On Time,5.49
804631,504631,24.0,On Time,1.61
804632,504632,14.0,On Time,6.73
804633,504633,50.0,On Time,4.58
804634,504634,22.0,On Time,6.99
804635,504635,29.0,Delayed,4.46
804636,504636,36.0,Delayed,6.82
804637,504637,22.0,On Time,9.03
804638,504638,46.0,On Time,5.73
804639,504639,35.0,On Time,3.55
804640,504640,24.0,On Time,6.25
804641,504641,25.0,On Time,4.28
804642,504642,51.0,On Time,1.43
804643,504643,32.0,On Time,9.69
804644,504644,42.0,On Time,9.69
804645,504645,35.0,On Time,5.11
804646,504646,14.0,On Time,14.41
804647,504647,44.0,On Time,11.94
804648,504648,48.0,On Time,13.58
804649,504649,57.0,On Time,7.31
804650,504650,12.0,On Time,8.09
804651,504651,10.0,On Time,10.53
804652,504652,43.0,On Time,9.03
804653,504653,28.0,On Time,10.19
804654,504654,18.0,On Time,6.77
804655,504655,36.0,On Time,2.43
804656,504656,30.0,On Time,12.27
804657,504657,20.0,Delayed,6.12
804658,504658,34.0,On Time,9.32
804659,504659,42.0,On Time,5.85
804660,504660,37.0,Delayed,7.49
804661,504661,37.0,On Time,9.76
804662,504662,40.0,On Time,8.89
804663,504663,15.0,On Time,2.54
804664,504664,34.0,On Time,3.91
804665,504665,38.0,On Time,3.02
804666,504666,30.0,On Time,8.85
804667,504667,25.0,On Time,6.22
804668,504668,26.0,On Time,4.07
804669,504669,31.0,On Time,1.14
804670,504670,46.0,Delayed,11.63
804671,504671,53.0,On Time,1.28
804672,504672,51.0,On Time,6.02
804673,504673,16.0,On Time,7.11
804674,504674,24.0,On Time,7.07
804675,504675,43.0,On Time,2.51
804676,504676,51.0,On Time,10.79
804677,504677,23.0,Failed,3.79
804678,504678,37.0,On Time,9.62
804679,504679,21.0,Failed,5.98
804680,504680,38.0,On Time,8.06
804681,504681,27.0,On Time,7.06
804682,504682,37.0,Delayed,14.35
804683,504683,20.0,Delayed,5.52
804684,504684,15.0,On Time,2.72
804685,504685,72.0,On Time,5.73
804686,504686,36.0,On Time,7.74
804687,504687,61.0,On Time,1.46
804688,504688,53.0,Delayed,13.82
804689,504689,15.0,On Time,3.38
804690,504690,39.0,On Time,13.99
804691,504691,19.0,On Time,6.36
804692,504692,31.0,On Time,8.55
804693,504693,12.0,On Time,10.4
804694,504694,16.0,On Time,1.44
804695,504695,25.0,On Time,6.5
804696,504696,28.0,On Time,4.58
804697,504697,35.0,On Time,2.94
804698,504698,23.0,On Time,10.2
804699,504699,37.0,On Time,2.9
804700,504700,49.0,On Time,8.95
804701,504701,38.0,On Time,6.16
804702,504702,34.0,Delayed,14.66
804703,504703,39.0,On Time,13.65
804704,504704,18.0,On Time,0.61
804705,504705,46.0,On Time,12.26
804706,504706,21.0,On Time,2.95
804707,504707,54.0,On Time,7.32
804708,504708,44.0,On Time,12.27
804709,504709,42.0,Failed,4.67
804710,504710,42.0,On Time,11.14
804711,504711,35.0,On Time,3.99
804712,504712,26.0,On Time,13.16
804713,504713,24.0,On Time,6.87
804714,504714,56.0,On Time,3.39
804715,504715,36.0,Delayed,1.27
804716,504716,22.0,Failed,9.29
804717,504717,41.0,On Time,10.4
804718,504718,39.0,Failed,10.37
804719,504719,31.0,On Time,7.71
804720,504720,24.0,On Time,6.34
804721,504721,44.0,Failed,9.48
804722,504722,46.0,Failed,0.98
804723,504723,39.0,On Time,3.97
804724,504724,36.0,On Time,4.21
804725,504725,26.0,On Time,11.79
804726,504726,41.0,On Time,6.9
804727,504727,27.0,On Time,1.16
804728,504728,20.0,Delayed,13.48
804729,504729,49.0,On Time,6.09
804730,504730,23.0,On Time,1.62
804731,504731,12.0,On Time,6.57
804732,504732,51.0,On Time,14.27
804733,504733,14.0,On Time,12.12
804734,504734,30.0,Delayed,9.11
804735,504735,22.0,On Time,11.51
804736,504736,26.0,On Time,7.99
804737,504737,62.0,On Time,12.16
804738,504738,34.0,On Time,12.68
804739,504739,39.0,On Time,5.39
804740,504740,44.0,On Time,6.96
804741,504741,27.0,On Time,3.78
804742,504742,48.0,On Time,10.43
804743,504743,40.0,On Time,2.49
804744,504744,44.0,On Time,7.34
804745,504745,26.0,Delayed,14.51
804746,504746,40.0,Delayed,7.26
804747,504747,35.0,On Time,1.49
804748,504748,49.0,On Time,0.77
804749,504749,29.0,On Time,14.28
804750,504750,59.0,On Time,10.75
804751,504751,39.0,Delayed,10.79
804752,504752,33.0,On Time,5.86
804753,504753,32.0,On Time,7.77
804754,504754,35.0,Delayed,8.6
804755,504755,27.0,On Time,11.62
804756,504756,43.0,On Time,7.89
804757,504757,35.0,On Time,4.95
804758,504758,58.0,On Time,8.22
804759,504759,30.0,On Time,10.38
804760,504760,34.0,On Time,1.34
804761,504761,30.0,On Time,7.37
804762,504762,57.0,On Time,5.5
804763,504763,18.0,Failed,13.49
804764,504764,36.0,On Time,6.13
804765,504765,39.0,On Time,9.62
804766,504766,21.0,On Time,7.1
804767,504767,67.0,Delayed,12.29
804768,504768,24.0,On Time,13.98
804769,504769,35.0,On Time,1.71
804770,504770,55.0,On Time,0.79
804771,504771,30.0,On Time,10.72
804772,504772,37.0,Delayed,9.66
804773,504773,31.0,On Time,8.54
804774,504774,34.0,On Time,6.75
804775,504775,48.0,On Time,11.37
804776,504776,30.0,On Time,10.7
804777,504777,10.0,Delayed,6.54
804778,504778,35.0,On Time,5.21
804779,504779,36.0,Delayed,14.45
804780,504780,37.0,On Time,6.38
804781,504781,33.0,On Time,3.53
804782,504782,25.0,On Time,14.42
804783,504783,32.0,On Time,10.74
804784,504784,56.0,On Time,8.6
804785,504785,34.0,Failed,11.63
804786,504786,43.0,On Time,3.72
804787,504787,23.0,Delayed,8.59
804788,504788,32.0,On Time,4.47
804789,504789,23.0,On Time,13.01
804790,504790,51.0,Delayed,2.48
804791,504791,16.0,On Time,3.65
804792,504792,39.0,On Time,4.03
804793,504793,39.0,Delayed,6.85
804794,504794,38.0,On Time,2.43
804795,504795,10.0,On Time,8.39
804796,504796,11.0,On Time,11.13
804797,504797,36.0,On Time,0.62
804798,504798,24.0,On Time,13.36
804799,504799,27.0,On Time,12.86
804800,504800,30.0,On Time,1.24
804801,504801,22.0,On Time,1.49
804802,504802,20.0,On Time,8.82
804803,504803,35.0,On Time,5.05
804804,504804,12.0,On Time,7.61
804805,504805,29.0,On Time,8.73
804806,504806,27.0,On Time,9.75
804807,504807,35.0,Failed,11.11
804808,504808,64.0,On Time,12.93
804809,504809,23.0,Delayed,9.3
804810,504810,40.0,Delayed,2.02
804811,504811,38.0,On Time,2.48
804812,504812,42.0,On Time,9.4
804813,504813,32.0,On Time,10.78
804814,504814,52.0,On Time,11.43
804815,504815,43.0,On Time,8.02
804816,504816,43.0,On Time,9.21
804817,504817,18.0,On Time,14.63
804818,504818,36.0,Delayed,5.55
804819,504819,29.0,On Time,3.61
804820,504820,25.0,On Time,14.55
804821,504821,27.0,Delayed,13.82
804822,504822,34.0,On Time,0.6
804823,504823,40.0,On Time,6.33
804824,504824,47.0,On Time,11.16
804825,504825,46.0,Failed,3.07
804826,504826,39.0,Delayed,0.96
804827,504827,36.0,On Time,1.03
804828,504828,31.0,Delayed,8.69
804829,504829,32.0,On Time,3.84
804830,504830,26.0,On Time,4.24
804831,504831,30.0,On Time,0.72
804832,504832,39.0,On Time,11.03
804833,504833,53.0,On Time,12.73
804834,504834,33.0,On Time,11.14
804835,504835,25.0,On Time,2.48
804836,504836,47.0,On Time,14.38
804837,504837,11.0,Failed,14.45
804838,504838,48.0,On Time,4.26
804839,504839,18.0,On Time,14.75
804840,504840,43.0,On Time,6.94
804841,504841,29.0,On Time,1.1
804842,504842,39.0,On Time,8.84
804843,504843,60.0,On Time,8.14
804844,504844,25.0,Delayed,12.95
804845,504845,23.0,On Time,5.66
804846,504846,36.0,On Time,11.62
804847,504847,53.0,On Time,11.91
804848,504848,37.0,On Time,1.01
804849,504849,36.0,On Time,10.26
804850,504850,37.0,On Time,7.45
804851,504851,23.0,Delayed,3.44
804852,504852,37.0,On Time,6.54
804853,504853,30.0,On Time,12.93
804854,504854,51.0,On Time,10.5
804855,504855,45.0,On Time,9.59
804856,504856,19.0,On Time,1.68
804857,504857,32.0,On Time,10.17
804858,504858,41.0,On Time,11.5
804859,504859,23.0,On Time,14.27
804860,504860,22.0,On Time,12.07
804861,504861,29.0,On Time,1.66
804862,504862,39.0,On Time,14.18
804863,504863,47.0,Delayed,11.98
804864,504864,38.0,On Time,0.55
804865,504865,65.0,On Time,10.83
804866,504866,27.0,On Time,4.91
804867,504867,44.0,On Time,9.27
804868,504868,22.0,Delayed,4.6
804869,504869,54.0,On Time,11.09
804870,504870,51.0,On Time,3.21
804871,504871,44.0,On Time,12.6
804872,504872,14.0,On Time,1.56
804873,504873,43.0,On Time,0.85
804874,504874,25.0,On Time,2.41
804875,504875,40.0,On Time,6.08
804876,504876,18.0,On Time,10.02
804877,504877,38.0,On Time,7.47
804878,504878,31.0,On Time,7.4
804879,504879,26.0,On Time,13.05
804880,504880,42.0,On Time,8.61
804881,504881,34.0,On Time,7.86
804882,504882,33.0,On Time,6.58
804883,504883,44.0,On Time,14.69
804884,504884,58.0,On Time,4.02
804885,504885,38.0,Delayed,2.76
804886,504886,13.0,On Time,7.64
804887,504887,16.0,On Time,10.33
804888,504888,36.0,On Time,0.81
804889,504889,47.0,On Time,12.93
804890,504890,37.0,On Time,4.61
804891,504891,41.0,On Time,9.86
804892,504892,34.0,On Time,3.01
804893,504893,47.0,On Time,13.14
804894,504894,42.0,On Time,5.7
804895,504895,23.0,On Time,3.21
804896,504896,40.0,Failed,0.79
804897,504897,16.0,On Time,4.98
804898,504898,40.0,Delayed,6.0
804899,504899,32.0,On Time,1.01
804900,504900,37.0,On Time,8.55
804901,504901,39.0,On Time,7.09
804902,504902,38.0,Delayed,7.65
804903,504903,52.0,On Time,2.44
804904,504904,35.0,On Time,6.05
804905,504905,37.0,On Time,14.53
804906,504906,51.0,On Time,5.68
804907,504907,58.0,On Time,12.0
804908,504908,35.0,On Time,2.3
804909,504909,29.0,On Time,2.28
804910,504910,29.0,On Time,14.98
804911,504911,40.0,On Time,9.9
804912,504912,33.0,On Time,10.14
804913,504913,14.0,On Time,6.68
804914,504914,48.0,On Time,11.54
804915,504915,45.0,On Time,13.96
804916,504916,49.0,Delayed,1.69
804917,504917,51.0,On Time,3.0
804918,504918,37.0,Delayed,13.06
804919,504919,38.0,Delayed,1.65
804920,504920,47.0,On Time,5.71
804921,504921,20.0,On Time,1.71
804922,504922,31.0,On Time,6.42
804923,504923,34.0,Delayed,6.98
804924,504924,46.0,On Time,3.11
804925,504925,29.0,Delayed,1.68
804926,504926,26.0,On Time,6.55
804927,504927,30.0,On Time,7.96
804928,504928,41.0,Delayed,11.19
804929,504929,34.0,On Time,11.03
804930,504930,18.0,On Time,1.51
804931,504931,20.0,On Time,6.85
804932,504932,37.0,On Time,12.73
804933,504933,37.0,Delayed,9.16
804934,504934,35.0,On Time,12.9
804935,504935,29.0,On Time,14.29
804936,504936,44.0,Delayed,5.35
804937,504937,39.0,On Time,2.43
804938,504938,39.0,Delayed,1.72
804939,504939,39.0,Delayed,2.33
804940,504940,54.0,On Time,10.4
804941,504941,23.0,On Time,2.23
804942,504942,30.0,On Time,14.31
804943,504943,31.0,On Time,10.06
804944,504944,50.0,On Time,14.36
804945,504945,31.0,On Time,8.67
804946,504946,25.0,On Time,3.43
804947,504947,34.0,On Time,2.94
804948,504948,36.0,On Time,11.63
804949,504949,49.0,On Time,0.5
804950,504950,30.0,On Time,13.19
804951,504951,27.0,On Time,0.93
804952,504952,24.0,On Time,9.26
804953,504953,31.0,Delayed,6.14
804954,504954,66.0,On Time,9.37
804955,504955,40.0,Delayed,11.84
804956,504956,42.0,On Time,2.12
804957,504957,35.0,Delayed,14.22
804958,504958,37.0,On Time,9.14
804959,504959,44.0,On Time,6.04
804960,504960,42.0,On Time,14.7
804961,504961,39.0,On Time,12.27
804962,504962,35.0,Delayed,2.85
804963,504963,31.0,On Time,1.78
804964,504964,40.0,On Time,13.88
804965,504965,36.0,On Time,8.98
804966,504966,61.0,On Time,7.22
804967,504967,48.0,Delayed,1.62
804968,504968,27.0,On Time,8.36
804969,504969,21.0,On Time,4.44
804970,504970,30.0,On Time,3.3
804971,504971,22.0,Delayed,6.17
804972,504972,30.0,On Time,1.02
804973,504973,23.0,On Time,9.17
804974,504974,31.0,On Time,9.51
804975,504975,31.0,On Time,10.58
804976,504976,37.0,On Time,0.83
804977,504977,33.0,On Time,3.05
804978,504978,24.0,On Time,11.7
804979,504979,50.0,On Time,8.83
804980,504980,40.0,On Time,0.63
804981,504981,28.0,On Time,11.1
804982,504982,24.0,On Time,6.54
804983,504983,17.0,Delayed,4.31
804984,504984,17.0,On Time,11.44
804985,504985,48.0,On Time,5.73
804986,504986,46.0,On Time,7.08
804987,504987,28.0,Delayed,12.98
804988,504988,51.0,Delayed,2.67
804989,504989,42.0,On Time,8.7
804990,504990,37.0,On Time,2.01
804991,504991,45.0,On Time,14.68
804992,504992,42.0,On Time,5.02
804993,504993,37.0,On Time,13.7
804994,504994,32.0,On Time,5.82
804995,504995,34.0,On Time,12.77
804996,504996,16.0,On Time,11.59
804997,504997,25.0,On Time,3.87
804998,504998,57.0,On Time,9.88
804999,504999,25.0,On Time,3.88
805000,505000,13.0,Delayed,0.78
