OrderID,CustomerID,OrderDate,OrderStatus
500001,20855,2025-10-26,Delivered
500002,20768,2025-05-31,Returned
500003,20638,2025-01-07,Cancelled
500004,20894,2025-10-04,Delivered
500005,20781,2025-11-01,Delivered
500006,20653,2025-05-06,Cancelled
500007,20864,2025-06-14,Delivered
500008,20125,2025-05-13,Delivered
500009,20819,2025-02-12,Delivered
500010,20296,2025-12-30,Delivered
500011,20734,2025-01-09,Processing
500012,20914,2025-07-22,Processing
500013,20497,2025-01-06,Delivered
500014,20089,2025-09-09,Delivered
500015,20371,2025-11-25,Cancelled
500016,20407,2025-08-23,Processing
500017,20937,2025-08-10,Delivered
500018,20943,2025-10-30,Delivered
500019,20569,2025-12-22,Delivered
500020,20951,2025-11-11,Cancelled
500021,20437,2025-03-26,Delivered
500022,20412,2025-07-25,Delivered
500023,20837,2025-10-26,Delivered
500024,20668,2025-04-18,Delivered
500025,20523,2025-09-04,Delivered
500026,20457,2025-01-09,
500027,20706,2025-11-17,Delivered
500028,20754,2025-08-13,Delivered
500029,20491,2025-09-29,Delivered
500030,20032,2025-10-29,Cancelled
500031,20102,2025-03-21,Delivered
500032,20145,2025-06-14,Delivered
500033,20463,2025-11-10,Delivered
500034,20615,2025-03-02,Delivered
500035,20804,2025-10-28,Delivered
500036,20233,2025-04-16,Delivered
500037,20787,2025-07-30,Returned
500038,20667,2025-07-06,Returned
500039,20052,2025-09-08,Delivered
500040,20352,2025-11-02,Cancelled
500041,20303,2025-05-08,Delivered
500042,20887,2025-03-04,Delivered
500043,20922,2025-06-04,Cancelled
500044,20820,2025-08-12,Delivered
500045,20529,2025-10-01,Delivered
500046,20493,2025-10-02,Delivered
500047,20312,2025-05-05,Delivered
500048,20773,2025-12-08,Returned
500049,20087,2025-01-31,Delivered
500050,20272,2025-02-12,Delivered
500051,20136,2025-01-10,Delivered
500052,20495,2025-12-05,Returned
500053,20300,2025-03-07,Delivered
500054,20198,2025-08-08,Delivered
500055,20377,2025-10-24,Delivered
500056,20861,2025-10-07,Delivered
500057,20559,2025-12-13,Delivered
500058,20824,2025-01-20,Delivered
500059,20914,2025-05-29,Delivered
500060,20903,2025-07-04,Delivered
500061,20352,2025-09-12,Delivered
500062,20878,2025-08-16,Delivered
500063,20910,2025-07-24,Delivered
500064,20960,2025-04-22,Delivered
500065,20352,2025-02-08,Delivered
500066,20229,2025-06-07,Delivered
500067,20585,2025-04-05,Delivered
500068,20932,2025-07-22,Delivered
500069,20901,2025-10-18,Delivered
500070,20572,2025-07-21,Delivered
500071,20150,2025-08-01,Delivered
500072,20423,2025-01-16,Processing
500073,20715,2025-08-24,Delivered
500074,20561,2025-06-10,Returned
500075,20346,2025-02-15,Delivered
500076,20343,2025-03-20,Delivered
500077,20060,2025-10-12,Delivered
500078,20289,2025-12-01,Delivered
500079,20670,2025-07-05,Delivered
500080,20242,2025-12-23,Delivered
500081,20994,2025-03-07,Processing
500082,20083,2025-04-20,Delivered
500083,20589,2025-12-06,Returned
500084,20497,2025-03-05,Delivered
500085,20834,2025-08-29,Delivered
500086,20888,2025-03-22,Delivered
500087,20544,2025-05-01,Delivered
500088,20631,2025-06-24,Processing
500089,20699,2025-05-12,Returned
500090,20521,2025-11-16,Processing
500091,20185,2025-12-22,Processing
500092,20429,2025-07-02,Delivered
500093,20242,2025-07-11,Delivered
500094,20465,2025-01-21,Cancelled
500095,20616,2025-03-27,Delivered
500096,20210,2025-01-15,Cancelled
500097,20250,2025-11-09,Delivered
500098,20823,2025-03-24,Delivered
500099,20378,2025-05-05,Delivered
500100,20199,2025-11-04,Delivered
500101,20714,2025-09-18,Delivered
500102,20717,2025-08-15,Delivered
500103,20827,2025-01-15,Delivered
500104,20760,2025-07-25,Delivered
500105,20992,2025-07-24,Delivered
500106,20575,2025-04-27,Delivered
500107,20287,2025-09-29,Delivered
500108,20863,2025-12-06,Cancelled
500109,20265,2025-04-05,Delivered
500110,20292,2025-05-01,Delivered
500111,20829,2025-04-28,Delivered
500112,20882,2025-11-01,Delivered
500113,20340,2025-01-29,Delivered
500114,20730,2025-11-24,Delivered
500115,20923,2025-10-10,Delivered
500116,20799,2025-06-26,Delivered
500117,20005,2025-08-01,Delivered
500118,20665,2025-11-23,Delivered
500119,20170,2025-10-08,Delivered
500120,20847,2025-04-12,Delivered
500121,20068,2025-01-19,Delivered
500122,20994,2025-08-29,Delivered
500123,20178,2025-02-23,Delivered
500124,20421,2025-02-02,Delivered
500125,20235,2025-12-25,Delivered
500126,20814,2025-06-22,Delivered
500127,20394,2025-08-26,Delivered
500128,20745,2025-03-21,Cancelled
500129,20068,2025-02-07,Delivered
500130,20453,2025-01-23,Delivered
500131,20912,2025-05-10,Delivered
500132,20927,2025-01-02,Cancelled
500133,20209,2025-06-03,Delivered
500134,20395,2025-04-29,Delivered
500135,20410,2025-07-12,Cancelled
500136,20566,2025-08-04,Delivered
500137,20538,2025-04-23,Delivered
500138,20106,2025-06-16,Delivered
500139,20763,2025-01-29,Delivered
500140,20226,2025-04-21,Delivered
500141,20315,2025-12-24,Delivered
500142,20841,2025-12-28,Delivered
500143,20690,2025-06-27,Delivered
500144,20397,2025-12-09,Delivered
500145,20913,2025-07-02,Cancelled
500146,20395,2025-02-15,Delivered
500147,20566,2025-11-13,Delivered
500148,20246,2025-06-01,Delivered
500149,20184,2025-08-12,Delivered
500150,20492,2025-08-25,Delivered
500151,20564,2025-04-23,Delivered
500152,20806,2025-09-25,Delivered
500153,20391,2025-07-02,Delivered
500154,20896,2025-05-14,Returned
500155,20608,2025-04-19,Delivered
500156,20071,2025-09-30,Delivered
500157,20740,2025-04-02,Delivered
500158,20575,2025-02-15,Delivered
500159,20390,2025-11-18,Delivered
500160,20468,2025-05-02,Delivered
500161,20302,2025-08-22,Cancelled
500162,20615,2025-09-19,Delivered
500163,20567,2025-11-02,Returned
500164,20448,2025-08-17,Cancelled
500165,20286,2025-09-16,Delivered
500166,20399,2025-11-02,Returned
500167,20498,2025-12-11,Delivered
500168,20472,2025-01-18,Delivered
500169,20310,2025-09-29,Delivered
500170,20582,2025-03-05,Delivered
500171,20227,2025-11-22,Delivered
500172,20501,2025-01-18,Returned
500173,20122,2025-04-01,Delivered
500174,20473,2025-03-12,Delivered
500175,20784,2025-08-09,Delivered
500176,20818,2025-01-02,Delivered
500177,20695,2025-01-07,Delivered
500178,20746,2025-07-04,Delivered
500179,20066,2025-12-21,Processing
500180,20342,2025-07-12,Delivered
500181,20655,2025-06-12,Delivered
500182,20801,2025-08-29,Delivered
500183,20583,2025-07-21,Delivered
500184,20854,2025-05-21,Processing
500185,20274,2025-08-03,Delivered
500186,20154,2025-01-02,Delivered
500187,20087,2025-03-31,Delivered
500188,20583,2025-09-03,Cancelled
500189,20666,2025-05-05,Delivered
500190,20286,2025-01-20,Delivered
500191,20784,2025-02-15,Delivered
500192,20740,2025-11-13,Delivered
500193,20361,2025-05-01,Delivered
500194,20239,2025-01-09,Delivered
500195,20743,2025-09-24,Delivered
500196,20672,2025-07-13,Processing
500197,20171,2025-06-14,Delivered
500198,20256,2025-11-23,Cancelled
500199,20486,2025-04-25,Delivered
500200,20512,2025-07-28,Delivered
500201,20166,2025-09-29,Delivered
500202,20949,2025-08-11,Delivered
500203,20389,2025-03-17,Delivered
500204,20382,2025-09-06,Delivered
500205,20061,2025-09-29,Delivered
500206,20876,2025-02-14,Delivered
500207,20236,2025-03-02,Delivered
500208,20987,2025-09-04,Cancelled
500209,20497,2025-02-13,Delivered
500210,20875,2025-11-18,Delivered
500211,20180,2025-02-09,Delivered
500212,20166,2025-12-22,Delivered
500213,20802,2025-09-03,Delivered
500214,20820,2025-06-11,Delivered
500215,20544,2025-04-08,Delivered
500216,20033,2025-05-06,Delivered
500217,20944,2025-10-01,Delivered
500218,20394,2025-10-02,Delivered
500219,20936,2025-03-18,Returned
500220,20871,2025-07-18,Delivered
500221,20852,2025-12-29,Delivered
500222,20689,2025-04-04,Delivered
500223,20674,2025-09-11,Delivered
500224,20533,2025-03-04,Delivered
500225,20025,2025-11-01,Delivered
500226,20388,2025-03-04,Delivered
500227,20731,2025-04-19,Delivered
500228,20813,2025-06-17,Delivered
500229,20560,2025-05-16,Processing
500230,20710,2025-03-04,Delivered
500231,20022,2025-08-22,Delivered
500232,20469,2025-01-08,Delivered
500233,20508,2025-12-25,Delivered
500234,20893,2025-01-20,Delivered
500235,20312,2025-05-02,Processing
500236,20230,2025-12-06,Delivered
500237,20353,2025-02-26,Delivered
500238,20171,2025-01-27,Delivered
500239,20559,2025-09-29,Delivered
500240,20643,2025-01-27,Delivered
500241,20802,2025-11-25,Processing
500242,20972,2025-06-14,Delivered
500243,20074,2025-11-14,Delivered
500244,20248,2025-03-31,Delivered
500245,20301,2025-02-21,Delivered
500246,20250,2025-12-18,Delivered
500247,20828,2025-10-06,Delivered
500248,20140,2025-11-29,Delivered
500249,20030,2025-04-27,Delivered
500250,20861,2025-05-28,Delivered
500251,20962,2025-07-30,Cancelled
500252,20227,2025-06-13,Delivered
500253,20333,2025-03-30,Delivered
500254,20504,2025-05-17,Delivered
500255,20526,2025-08-11,Delivered
500256,20991,2025-01-14,Delivered
500257,20405,2025-05-03,Delivered
500258,20013,2025-04-17,Delivered
500259,20423,2025-01-26,Delivered
500260,20557,2025-02-14,Delivered
500261,20517,2025-06-30,Delivered
500262,20513,2025-02-07,Cancelled
500263,20923,2025-05-06,Delivered
500264,20808,2025-07-24,Delivered
500265,20252,2025-11-15,Delivered
500266,20356,2025-02-06,Delivered
500267,20668,2025-06-08,Delivered
500268,20411,2025-02-07,Delivered
500269,20429,2025-06-06,Cancelled
500270,20168,2025-06-25,Delivered
500271,20255,2025-10-19,Delivered
500272,20741,2025-06-11,Delivered
500273,20843,2025-12-08,Delivered
500274,20785,2025-02-20,Delivered
500275,20308,2025-01-20,Delivered
500276,20137,2025-01-02,Delivered
500277,20160,2025-05-11,Delivered
500278,20394,2025-03-12,Delivered
500279,20518,2025-02-03,Delivered
500280,20893,2025-03-28,Delivered
500281,20899,2025-12-22,Delivered
500282,20003,2025-10-20,Delivered
500283,20708,2025-01-07,Delivered
500284,20299,2025-12-01,Delivered
500285,20198,2025-03-16,Delivered
500286,20556,2025-05-29,Delivered
500287,20034,2025-04-30,Delivered
500288,20335,2025-05-28,Delivered
500289,20553,2025-10-05,Processing
500290,20273,2025-09-18,Returned
500291,20594,2025-08-05,Delivered
500292,20461,2025-08-17,Delivered
500293,20800,2025-09-23,Delivered
500294,20182,2025-03-09,Delivered
500295,20058,2025-05-25,Delivered
500296,20530,2025-02-09,Delivered
500297,20257,2025-09-15,Delivered
500298,20707,2025-06-09,Delivered
500299,20094,2025-08-21,Delivered
500300,20576,2025-07-26,Delivered
500301,20990,2025-04-10,Delivered
500302,20094,2025-02-20,Returned
500303,20302,2025-12-22,Delivered
500304,20845,2025-04-18,Delivered
500305,20534,2025-02-09,Delivered
500306,20175,2025-04-22,Delivered
500307,20214,2025-11-26,Delivered
500308,20765,2025-04-06,Delivered
500309,20861,2025-12-27,Processing
500310,20361,2025-06-18,Delivered
500311,20474,2025-11-11,Delivered
500312,20783,2025-08-27,Delivered
500313,20177,2025-01-17,Returned
500314,20207,2025-07-05,Delivered
500315,20775,2025-06-02,Processing
500316,20187,2025-03-15,Delivered
500317,20771,2025-07-20,Delivered
500318,20498,2025-02-07,Cancelled
500319,20991,2025-09-12,Delivered
500320,20033,2025-10-27,Delivered
500321,20946,2025-02-03,Processing
500322,20226,2025-06-24,Delivered
500323,20036,2025-08-28,Delivered
500324,20725,2025-01-23,Cancelled
500325,20533,2025-05-23,Returned
500326,20838,2025-04-05,Processing
500327,20109,2025-01-15,Cancelled
500328,20081,2025-10-21,Delivered
500329,20568,2025-06-12,Returned
500330,20883,2025-10-02,Delivered
500331,20406,2025-08-03,Delivered
500332,20798,2025-11-16,Delivered
500333,20907,2025-12-30,Delivered
500334,20870,2025-08-08,Delivered
500335,20509,2025-05-09,Cancelled
500336,20699,2025-06-04,Delivered
500337,20526,2025-10-29,Delivered
500338,20675,2025-06-05,Delivered
500339,20568,2025-07-09,Delivered
500340,20526,2025-03-12,Delivered
500341,20437,2025-12-28,Delivered
500342,20653,2025-08-26,Delivered
500343,20752,2025-05-01,Delivered
500344,20920,2025-08-02,Delivered
500345,20614,2025-05-27,Delivered
500346,20101,2025-02-26,Delivered
500347,20588,2025-11-16,Delivered
500348,20316,2025-11-20,Delivered
500349,20027,2025-11-01,Delivered
500350,20073,2025-05-15,Delivered
500351,20592,2025-04-04,Delivered
500352,20945,2025-01-19,Delivered
500353,20506,2025-09-25,Delivered
500354,20446,2025-04-30,Delivered
500355,20089,2025-11-22,Delivered
500356,20676,2025-11-14,Delivered
500357,20056,2025-02-16,Returned
500358,20842,2025-12-01,Delivered
500359,20817,2025-02-21,Delivered
500360,20992,2025-06-28,Returned
500361,20285,2025-06-22,Delivered
500362,20162,2025-12-16,Delivered
500363,20300,2025-08-28,Cancelled
500364,20800,2025-11-16,Delivered
500365,20219,2025-08-06,Cancelled
500366,20888,2025-10-29,Delivered
500367,20155,2025-11-08,Delivered
500368,20049,2025-11-10,Delivered
500369,20220,2025-05-31,Delivered
500370,20755,2025-05-20,Returned
500371,20603,2025-12-26,Delivered
500372,20355,2025-10-04,Delivered
500373,20657,2025-12-01,Delivered
500374,20649,2025-07-30,Delivered
500375,20555,2025-12-06,Delivered
500376,20515,2025-09-20,Delivered
500377,20102,2025-09-29,Delivered
500378,20260,2025-03-06,Cancelled
500379,20528,2025-07-26,Delivered
500380,20136,2025-09-24,Delivered
500381,20476,2025-10-05,Delivered
500382,20117,2025-12-16,Delivered
500383,20788,2025-04-30,Delivered
500384,20104,2025-04-21,Delivered
500385,20093,2025-12-20,Delivered
500386,20638,2025-12-26,Cancelled
500387,20221,2025-03-07,Cancelled
500388,20352,2025-05-19,Processing
500389,20315,2025-12-13,Returned
500390,20217,2025-03-14,Delivered
500391,20762,2025-10-13,Delivered
500392,20692,2025-02-10,Cancelled
500393,20239,2025-03-07,Returned
500394,20687,2025-10-14,Processing
500395,20714,2025-08-10,Delivered
500396,20540,2025-07-22,Delivered
500397,20579,2025-11-09,Returned
500398,20935,2025-04-23,Returned
500399,20454,2025-07-03,Delivered
500400,20386,2025-08-11,Cancelled
500401,20540,2025-09-28,Delivered
500402,20836,2025-05-02,Returned
500403,20710,2025-08-20,Delivered
500404,20076,2025-06-13,Cancelled
500405,20460,2025-07-17,Delivered
500406,20740,2025-11-11,Delivered
500407,20224,2025-05-24,Delivered
500408,20989,2025-09-01,Delivered
500409,20809,2025-12-10,Delivered
500410,20847,2025-10-06,Processing
500411,20082,2025-12-27,Delivered
500412,20580,2025-08-01,Cancelled
500413,20528,2025-04-13,Delivered
500414,20627,2025-12-28,Delivered
500415,20851,2025-08-24,Delivered
500416,20354,2025-03-30,Delivered
500417,20534,2025-04-26,Delivered
500418,20680,2025-04-06,Delivered
500419,20754,2025-11-01,Cancelled
500420,20771,2025-02-03,Delivered
500421,20337,2025-09-28,Processing
500422,20999,2025-07-22,Delivered
500423,20010,2025-01-27,Delivered
500424,20493,2025-08-12,Delivered
500425,20609,2025-10-02,Delivered
500426,20062,2025-09-22,Delivered
500427,20452,2025-07-12,Delivered
500428,20596,2025-05-03,Delivered
500429,20608,2025-03-01,Delivered
500430,20120,2025-01-05,Delivered
500431,20278,2025-05-12,Delivered
500432,20245,2025-08-19,Delivered
500433,20640,2025-01-14,Returned
500434,20329,2025-12-31,Delivered
500435,20572,2025-08-02,Delivered
500436,20732,2025-04-18,Delivered
500437,20798,2025-12-18,Delivered
500438,20184,2025-03-09,Delivered
500439,20904,2025-12-16,Processing
500440,20166,2025-04-13,Delivered
500441,20022,2025-05-19,Delivered
500442,20045,2025-06-05,Delivered
500443,20202,2025-12-30,Delivered
500444,20874,2025-04-02,Delivered
500445,20208,2025-12-22,Delivered
500446,20694,2025-05-07,Cancelled
500447,20419,2025-04-15,Delivered
500448,20040,2025-08-21,Delivered
500449,20445,2025-09-11,Delivered
500450,20029,2025-05-06,Cancelled
500451,20477,2025-02-18,Delivered
500452,20559,2025-05-25,Delivered
500453,20522,2025-07-17,Cancelled
500454,20283,2025-01-15,Delivered
500455,20767,2025-01-29,Returned
500456,20597,2025-12-02,Delivered
500457,20255,2025-01-14,Delivered
500458,20435,2025-05-29,Processing
500459,20109,2025-10-06,Delivered
500460,20924,2025-04-30,Delivered
500461,20754,2025-06-30,Delivered
500462,20288,2025-02-01,Delivered
500463,20675,2025-10-17,Returned
500464,20680,2025-08-20,Delivered
500465,20610,2025-11-07,Returned
500466,20055,2025-11-12,Delivered
500467,20879,2025-05-09,Delivered
500468,20956,2025-01-16,Delivered
500469,20975,2025-05-07,Delivered
500470,20981,2025-02-23,Cancelled
500471,20929,2025-07-14,Delivered
500472,20740,2025-02-23,Delivered
500473,20057,2025-12-03,Delivered
500474,20466,2025-08-08,Delivered
500475,20246,2025-04-03,Returned
500476,20220,2025-12-03,Delivered
500477,20831,2025-10-08,Delivered
500478,20813,2025-06-09,Delivered
500479,20523,2025-02-23,Delivered
500480,20737,2025-05-06,Processing
500481,20130,2025-08-02,Delivered
500482,20222,2025-10-07,Delivered
500483,20861,2025-04-06,Delivered
500484,20452,2025-09-29,Delivered
500485,20547,2025-04-14,Processing
500486,20463,2025-04-01,Delivered
500487,20203,2025-06-13,Delivered
500488,20827,2025-02-28,Delivered
500489,20759,2025-05-28,Processing
500490,20684,2025-05-11,Processing
500491,20354,2025-04-13,Delivered
500492,20644,2025-10-11,Delivered
500493,20954,2025-05-02,Delivered
500494,20650,2025-09-11,Delivered
500495,20495,2025-09-20,Delivered
500496,20271,2025-09-01,Delivered
500497,20523,2025-04-09,Returned
500498,20372,2025-10-30,Delivered
500499,20612,2025-03-28,Delivered
500500,20046,2025-04-12,Delivered
500501,20191,2025-11-16,Delivered
500502,20787,2025-05-04,Delivered
500503,20381,2025-09-12,Delivered
500504,20433,2025-01-16,Processing
500505,20544,2025-08-13,Delivered
500506,20439,2025-11-14,Cancelled
500507,20759,2025-09-16,Delivered
500508,20246,2025-08-01,Delivered
500509,20759,2025-11-06,Delivered
500510,20210,2025-04-19,Returned
500511,20371,2025-05-18,Delivered
500512,20588,2025-01-26,Delivered
500513,20886,2025-09-12,Delivered
500514,20233,2025-09-22,Delivered
500515,20588,2025-10-02,Delivered
500516,20065,2025-10-01,Delivered
500517,20076,2025-02-16,Delivered
500518,20768,2025-09-01,Cancelled
500519,20719,2025-10-06,Delivered
500520,20377,2025-03-16,Delivered
500521,20623,2025-06-23,Delivered
500522,20381,2025-11-30,Delivered
500523,20278,2025-06-01,Returned
500524,20432,2025-10-02,Delivered
500525,20312,2025-07-13,Delivered
500526,20816,2025-08-29,Returned
500527,20412,2025-08-17,Delivered
500528,20321,2025-08-26,Delivered
500529,20537,2025-10-12,Delivered
500530,20759,2025-11-27,Delivered
500531,20274,2025-04-18,Delivered
500532,20940,2025-12-05,Delivered
500533,20464,2025-08-18,Delivered
500534,20661,2025-08-06,Delivered
500535,20958,2025-04-30,Returned
500536,20432,2025-06-02,Delivered
500537,20200,2025-08-26,Delivered
500538,20748,2025-05-13,Delivered
500539,20007,2025-04-15,Delivered
500540,20458,2025-10-26,Delivered
500541,20980,2025-06-01,Delivered
500542,20415,2025-08-24,Returned
500543,20685,2025-01-12,Delivered
500544,20526,2025-01-29,Cancelled
500545,20215,2025-11-06,Delivered
500546,20318,2025-02-21,Delivered
500547,20524,2025-10-18,Delivered
500548,20105,2025-11-25,Delivered
500549,20415,2025-06-25,Delivered
500550,20415,2025-11-19,Delivered
500551,20835,2025-06-05,Delivered
500552,20124,2025-12-14,Delivered
500553,20843,2025-03-28,Delivered
500554,20411,2025-06-06,Delivered
500555,20652,2025-05-22,Delivered
500556,20557,2025-10-14,Delivered
500557,20300,2025-01-16,Delivered
500558,20931,2025-10-30,Delivered
500559,20225,2025-01-09,Cancelled
500560,20037,2025-04-26,Delivered
500561,20751,2025-08-06,Delivered
500562,20622,2025-02-23,Delivered
500563,20891,2025-06-28,Delivered
500564,20458,2025-12-30,Cancelled
500565,20017,2025-10-28,Delivered
500566,20021,2025-01-12,Processing
500567,20434,2025-08-04,Cancelled
500568,20250,2025-08-07,Delivered
500569,20923,2025-01-25,Delivered
500570,20119,2025-08-26,Delivered
500571,20881,2025-07-10,Delivered
500572,20217,2025-09-06,Delivered
500573,20120,2025-04-19,Delivered
500574,20275,2025-04-04,Delivered
500575,20145,2025-09-26,Delivered
500576,20402,2025-09-21,Delivered
500577,20331,2025-03-01,Delivered
500578,20530,2025-03-20,Processing
500579,20538,2025-08-03,Delivered
500580,20001,2025-10-30,Delivered
500581,20125,2025-03-15,Processing
500582,20162,2025-03-21,Delivered
500583,20195,2025-10-22,Delivered
500584,20094,2025-09-12,Delivered
500585,20315,2025-11-26,Delivered
500586,20550,2025-10-13,Cancelled
500587,20309,2025-12-14,Delivered
500588,20330,2025-03-10,Delivered
500589,20470,2025-04-10,Delivered
500590,20549,2025-03-28,Delivered
500591,20331,2025-01-21,Delivered
500592,20222,2025-10-12,Delivered
500593,20410,2025-08-30,Delivered
500594,20025,2025-02-01,Delivered
500595,20493,2025-03-14,Delivered
500596,20942,2025-03-11,Returned
500597,20398,2025-05-28,Delivered
500598,20109,2025-06-16,Delivered
500599,20708,2025-04-16,Delivered
500600,20127,2025-12-06,Delivered
500601,20194,2025-03-19,Delivered
500602,20147,2025-07-25,Cancelled
500603,20884,2025-06-09,Delivered
500604,20982,2025-05-22,Returned
500605,20570,2025-10-29,Returned
500606,20618,2025-12-24,Delivered
500607,20646,2025-01-03,Delivered
500608,20611,2025-06-19,Delivered
500609,20545,2025-02-13,Delivered
500610,20987,2025-06-08,Delivered
500611,20734,2025-08-14,Delivered
500612,20089,2025-05-31,Processing
500613,20392,2025-04-23,Delivered
500614,20975,2025-04-24,Delivered
500615,20404,2025-04-20,Delivered
500616,20205,2025-04-29,Delivered
500617,20869,2025-05-17,Delivered
500618,20624,2025-09-09,Delivered
500619,20563,2025-02-05,Delivered
500620,20421,2025-01-15,Processing
500621,20125,2025-07-08,Delivered
500622,20384,2025-09-06,Processing
500623,20438,2025-04-05,Delivered
500624,20932,2025-03-15,Delivered
500625,20308,2025-08-17,Delivered
500626,20150,2025-05-21,Delivered
500627,20428,2025-09-26,Cancelled
500628,20998,2025-02-23,Delivered
500629,20483,2025-02-14,Delivered
500630,20380,2025-07-21,Delivered
500631,20667,2025-05-24,Delivered
500632,20649,2025-09-24,Delivered
500633,20300,2025-07-04,Delivered
500634,20968,2025-05-10,Returned
500635,20593,2025-02-28,Delivered
500636,20058,2025-03-01,Delivered
500637,20408,2025-10-03,Delivered
500638,20923,2025-03-24,Delivered
500639,20394,2025-07-03,Returned
500640,20568,2025-10-26,Delivered
500641,20613,2025-11-24,Delivered
500642,20705,2025-04-08,Delivered
500643,20873,2025-02-10,Returned
500644,20150,2025-10-10,Delivered
500645,20517,2025-09-08,Cancelled
500646,20534,2025-05-01,Delivered
500647,20153,2025-08-05,Returned
500648,20674,2025-03-10,Delivered
500649,20119,2025-09-13,Delivered
500650,20457,2025-09-23,Delivered
500651,20331,2025-04-20,Delivered
500652,20155,2025-06-21,Processing
500653,20823,2025-05-02,Processing
500654,20245,2025-01-12,Delivered
500655,20256,2025-02-16,Returned
500656,20855,2025-12-17,Delivered
500657,20878,2025-06-16,Delivered
500658,20035,2025-02-23,Delivered
500659,20278,2025-01-17,Delivered
500660,20709,2025-05-09,Delivered
500661,20779,2025-12-25,Delivered
500662,21000,2025-05-21,Delivered
500663,20555,2025-12-31,Delivered
500664,20008,2025-06-28,Cancelled
500665,20874,2025-10-06,Delivered
500666,20162,2025-10-14,Delivered
500667,20121,2025-01-11,Delivered
500668,20675,2025-01-03,Delivered
500669,20604,2025-12-03,Delivered
500670,20060,2025-12-07,Delivered
500671,20170,2025-02-18,Delivered
500672,20590,2025-08-24,Delivered
500673,20256,2025-12-04,Cancelled
500674,20685,2025-12-13,Returned
500675,20412,2025-04-19,Delivered
500676,20589,2025-10-26,Processing
500677,20475,2025-08-24,Returned
500678,20366,2025-12-05,Delivered
500679,20343,2025-02-23,Delivered
500680,20698,2025-08-08,Delivered
500681,20515,2025-01-09,Delivered
500682,20595,2025-05-11,Delivered
500683,20578,2025-01-05,Processing
500684,20208,2025-06-11,Delivered
500685,20914,2025-10-24,Delivered
500686,20564,2025-08-29,Delivered
500687,20719,2025-04-26,Delivered
500688,20882,2025-06-05,Delivered
500689,20925,2025-05-15,Returned
500690,20667,2025-09-25,Delivered
500691,20788,2025-04-08,Delivered
500692,20472,2025-02-03,Delivered
500693,20738,2025-07-04,Delivered
500694,20322,2025-10-30,Delivered
500695,20712,2025-06-24,Delivered
500696,20086,2025-03-16,Delivered
500697,20915,2025-01-17,Delivered
500698,20245,2025-12-11,Returned
500699,20657,2025-10-05,Delivered
500700,20012,2025-02-26,Delivered
500701,20156,2025-01-27,Delivered
500702,20987,2025-02-17,Returned
500703,20834,2025-05-18,Delivered
500704,20223,2025-10-24,Delivered
500705,20131,2025-02-28,Delivered
500706,20815,2025-10-26,Delivered
500707,20991,2025-01-01,Delivered
500708,20169,2025-09-27,Delivered
500709,20664,2025-04-14,Delivered
500710,20284,2025-12-17,Delivered
500711,20745,2025-06-23,Delivered
500712,20419,2025-04-09,Delivered
500713,20126,2025-03-30,Delivered
500714,20325,2025-10-29,Delivered
500715,20539,2025-05-28,Delivered
500716,20799,2025-05-09,Delivered
500717,20022,2025-09-26,Delivered
500718,20958,2025-07-16,Delivered
500719,20650,2025-08-31,Delivered
500720,20876,2025-06-12,Processing
500721,20931,2025-01-24,Cancelled
500722,20154,2025-01-03,Delivered
500723,20094,2025-01-15,Delivered
500724,20777,2025-07-29,Delivered
500725,20188,2025-07-07,Delivered
500726,20148,2025-09-30,Delivered
500727,20469,2025-11-23,Returned
500728,20914,2025-03-05,Cancelled
500729,20796,2025-12-16,Delivered
500730,20518,2025-12-07,Delivered
500731,20197,2025-08-13,Delivered
500732,20337,2025-07-13,Delivered
500733,20689,2025-03-06,Delivered
500734,20158,2025-03-07,Returned
500735,20525,2025-01-07,Cancelled
500736,20012,2025-08-24,Delivered
500737,20326,2025-06-08,Delivered
500738,20248,2025-03-12,Delivered
500739,20682,2025-02-18,Delivered
500740,20915,2025-01-24,Delivered
500741,20147,2025-08-22,Delivered
500742,20798,2025-09-08,Delivered
500743,20656,2025-08-19,Delivered
500744,20970,2025-02-10,Delivered
500745,20912,2025-01-16,Delivered
500746,20101,2025-02-08,Delivered
500747,20744,2025-10-02,Cancelled
500748,20593,2025-09-28,Delivered
500749,20114,2025-04-18,Delivered
500750,20258,2025-01-21,Delivered
500751,20927,2025-04-27,Delivered
500752,20543,2025-10-23,Delivered
500753,20339,2025-02-22,Delivered
500754,20321,2025-10-18,Delivered
500755,20838,2025-06-19,Cancelled
500756,20284,2025-02-21,Delivered
500757,20159,2025-12-07,Delivered
500758,20574,2025-07-09,Delivered
500759,20993,2025-09-03,Delivered
500760,20184,2025-02-05,Delivered
500761,20256,2025-05-16,Returned
500762,20470,2025-08-19,Cancelled
500763,20200,2025-08-24,Delivered
500764,20651,2025-01-23,Delivered
500765,20254,2025-08-09,Delivered
500766,20129,2025-12-11,Delivered
500767,20262,2025-10-15,Delivered
500768,20931,2025-03-17,Delivered
500769,20935,2025-11-30,Cancelled
500770,20506,2025-09-07,Delivered
500771,20401,2025-01-21,Delivered
500772,20820,2025-02-16,Returned
500773,20195,2025-12-03,Delivered
500774,20654,2025-03-18,Delivered
500775,20681,2025-02-05,Delivered
500776,20711,2025-06-14,Processing
500777,20218,2025-07-11,Delivered
500778,20717,2025-07-29,Delivered
500779,20612,2025-08-29,Delivered
500780,20876,2025-12-31,Delivered
500781,20175,2025-10-05,Delivered
500782,20614,2025-01-10,Delivered
500783,20830,2025-02-02,Delivered
500784,20279,2025-01-01,Delivered
500785,20744,2025-05-25,Delivered
500786,20100,2025-05-08,Delivered
500787,20719,2025-12-07,Delivered
500788,20607,2025-05-14,Cancelled
500789,20193,2025-01-12,Delivered
500790,20067,2025-11-19,Delivered
500791,20746,2025-04-05,Delivered
500792,20242,2025-11-30,Delivered
500793,20498,2025-10-10,Delivered
500794,20061,2025-11-18,Delivered
500795,20964,2025-10-27,Delivered
500796,20549,2025-02-22,Delivered
500797,20932,2025-08-17,Processing
500798,20161,2025-05-31,Delivered
500799,20206,2025-08-18,Delivered
500800,20611,2025-09-30,Delivered
500801,20605,2025-07-02,Delivered
500802,20791,2025-04-25,Delivered
500803,20929,2025-12-01,Delivered
500804,20822,2025-08-31,Delivered
500805,20141,2025-11-20,Delivered
500806,20310,2025-03-28,Delivered
500807,20914,2025-11-02,Delivered
500808,20549,2025-04-29,Delivered
500809,20868,2025-06-18,Processing
500810,20564,2025-11-11,Delivered
500811,20050,2025-05-10,Delivered
500812,20473,2025-04-02,Delivered
500813,20825,2025-12-01,Delivered
500814,20656,2025-12-18,Cancelled
500815,20133,2025-04-24,Returned
500816,20211,2025-04-22,Cancelled
500817,20855,2025-03-25,Delivered
500818,20980,2025-01-09,Delivered
500819,20753,2025-07-21,Cancelled
500820,20099,2025-04-04,Delivered
500821,20620,2025-11-06,Delivered
500822,20830,2025-03-04,Delivered
500823,20641,2025-08-20,Delivered
500824,20595,2025-07-04,Delivered
500825,20468,2025-08-12,Delivered
500826,20245,2025-02-11,Cancelled
500827,20281,2025-06-20,Returned
500828,20746,2025-08-17,Cancelled
500829,20070,2025-05-05,Delivered
500830,20085,2025-11-16,Delivered
500831,20397,2025-07-13,Delivered
500832,20775,2025-05-13,Cancelled
500833,20658,2025-01-12,Delivered
500834,20590,2025-03-03,Processing
500835,20535,2025-06-23,Delivered
500836,20111,2025-05-27,Delivered
500837,20332,2025-11-15,Delivered
500838,20080,2025-10-14,Delivered
500839,20759,2025-02-28,Processing
500840,20751,2025-08-04,Delivered
500841,20259,2025-06-15,Delivered
500842,20293,2025-02-06,Delivered
500843,20318,2025-09-01,Cancelled
500844,20890,2025-07-16,Delivered
500845,20489,2025-02-01,Delivered
500846,20763,2025-06-20,Delivered
500847,20449,2025-09-25,Delivered
500848,20699,2025-04-30,Delivered
500849,20529,2025-05-11,Returned
500850,20279,2025-02-10,Delivered
500851,20877,2025-03-16,Delivered
500852,20709,2025-12-25,Delivered
500853,20770,2025-08-15,Delivered
500854,20949,2025-03-06,Delivered
500855,20249,2025-06-26,Cancelled
500856,20092,2025-03-12,Delivered
500857,20583,2025-06-11,Delivered
500858,20327,2025-02-23,Delivered
500859,20436,2025-08-14,Delivered
500860,20235,2025-07-28,Delivered
500861,20399,2025-08-20,Returned
500862,20394,2025-06-11,Delivered
500863,20351,2025-04-15,Delivered
500864,20743,2025-04-02,Processing
500865,20593,2025-03-20,Delivered
500866,20475,2025-06-06,Delivered
500867,20113,2025-06-14,Processing
500868,20571,2025-09-03,Cancelled
500869,20176,2025-01-20,Delivered
500870,20315,2025-04-13,Delivered
500871,20415,2025-11-08,Returned
500872,20142,2025-12-01,Delivered
500873,20390,2025-12-06,Delivered
500874,20267,2025-04-22,Cancelled
500875,20850,2025-02-20,Delivered
500876,20860,2025-03-14,Delivered
500877,20005,2025-02-18,Delivered
500878,20603,2025-12-15,Delivered
500879,20641,2025-11-19,Delivered
500880,20378,2025-10-23,Delivered
500881,20470,2025-09-24,Delivered
500882,20790,2025-05-06,Delivered
500883,20378,2025-06-23,Delivered
500884,20065,2025-11-04,Delivered
500885,20373,2025-10-25,Delivered
500886,20254,2025-07-09,Delivered
500887,20383,2025-11-02,Delivered
500888,20231,2025-05-07,Delivered
500889,20150,2025-05-31,Delivered
500890,20986,2025-11-03,Delivered
500891,20129,2025-05-18,Delivered
500892,20707,2025-10-02,Delivered
500893,20718,2025-06-15,Cancelled
500894,20618,2025-04-19,Delivered
500895,20912,2025-03-21,Delivered
500896,20005,2025-08-10,Cancelled
500897,20302,2025-06-25,Returned
500898,20185,2025-05-15,Delivered
500899,20577,2025-09-29,Delivered
500900,20636,2025-01-01,Delivered
500901,20898,2025-02-03,Delivered
500902,20380,2025-12-18,Returned
500903,20236,2025-08-31,Delivered
500904,20925,2025-07-20,Cancelled
500905,20673,2025-01-06,Delivered
500906,20765,2025-08-07,Delivered
500907,20445,2025-06-08,Delivered
500908,20448,2025-08-07,Returned
500909,20390,2025-01-15,Delivered
500910,20750,2025-07-20,Delivered
500911,20211,2025-07-30,Delivered
500912,20976,2025-04-16,Delivered
500913,20176,2025-01-20,Delivered
500914,20461,2025-12-21,Delivered
500915,20315,2025-09-16,Delivered
500916,20643,2025-08-15,Delivered
500917,20681,2025-10-07,Delivered
500918,20919,2025-09-02,Delivered
500919,20790,2025-02-19,Returned
500920,20249,2025-06-15,Cancelled
500921,20207,2025-11-21,Delivered
500922,20887,2025-04-16,Delivered
500923,20488,2025-12-21,Delivered
500924,20098,2025-01-24,Processing
500925,20825,2025-05-01,Delivered
500926,20649,2025-05-08,Delivered
500927,20026,2025-08-14,Returned
500928,20783,2025-03-06,Delivered
500929,20608,2025-03-25,Delivered
500930,20615,2025-08-30,Delivered
500931,20865,2025-04-14,Delivered
500932,20496,2025-11-17,Delivered
500933,20462,2025-11-14,Processing
500934,20618,2025-04-21,Delivered
500935,20198,2025-07-24,Delivered
500936,20152,2025-05-02,Cancelled
500937,20844,2025-05-06,Cancelled
500938,20216,2025-09-02,Delivered
500939,20505,2025-04-17,Delivered
500940,20270,2025-02-24,Delivered
500941,20231,2025-04-05,Delivered
500942,20598,2025-12-06,Delivered
500943,20803,2025-04-05,Delivered
500944,20442,2025-05-13,Returned
500945,20139,2025-08-18,Delivered
500946,20245,2025-02-06,Delivered
500947,20165,2025-04-08,Delivered
500948,20883,2025-03-05,Returned
500949,20320,2025-12-04,Delivered
500950,20374,2025-12-07,Delivered
500951,20072,2025-10-03,Delivered
500952,20447,2025-04-01,Delivered
500953,20914,2025-08-13,Delivered
500954,20410,2025-08-30,Processing
500955,20652,2025-11-14,Delivered
500956,20182,2025-02-27,Delivered
500957,20143,2025-09-26,Delivered
500958,20732,2025-03-12,Delivered
500959,20066,2025-07-27,Delivered
500960,20449,2025-11-17,Delivered
500961,20317,2025-01-23,Delivered
500962,20017,2025-02-24,Delivered
500963,20532,2025-10-24,Delivered
500964,20965,2025-01-07,Delivered
500965,20070,2025-09-08,Delivered
500966,20816,2025-07-02,Delivered
500967,20540,2025-05-07,Delivered
500968,20724,2025-11-11,Delivered
500969,20097,2025-11-06,Delivered
500970,20870,2025-04-29,Cancelled
500971,20012,2025-01-02,Delivered
500972,20907,2025-02-16,Delivered
500973,20658,2025-02-09,Cancelled
500974,20338,2025-12-25,Delivered
500975,20008,2025-08-06,Delivered
500976,20611,2025-09-05,Delivered
500977,20088,2025-03-26,Cancelled
500978,20609,2025-11-07,Delivered
500979,20774,2025-09-21,Delivered
500980,20268,2025-10-02,Delivered
500981,20239,2025-06-20,Delivered
500982,20222,2025-09-12,Returned
500983,20225,2025-07-18,Delivered
500984,20114,2025-05-21,Delivered
500985,20250,2025-08-05,Processing
500986,20660,2025-04-29,Delivered
500987,20303,2025-12-14,Delivered
500988,20781,2025-09-19,Delivered
500989,20820,2025-09-27,Delivered
500990,20761,2025-09-19,Delivered
500991,20540,2025-06-13,Delivered
500992,20317,2025-12-13,Delivered
500993,20930,2025-03-17,Delivered
500994,20206,2025-07-27,Delivered
500995,20465,2025-01-26,Cancelled
500996,20454,2025-04-18,Delivered
500997,20746,2025-07-29,Delivered
500998,20547,2025-06-28,Delivered
500999,20800,2025-12-10,Delivered
501000,20920,2025-08-13,Delivered
501001,20391,2025-05-31,Delivered
501002,20875,2025-06-05,Delivered
501003,20170,2025-08-12,Cancelled
501004,20917,2025-10-16,Delivered
501005,20178,2025-04-11,Delivered
501006,20851,2025-08-02,Delivered
501007,20391,2025-07-29,Delivered
501008,20965,2025-01-04,Delivered
501009,20130,2025-11-30,Delivered
501010,20466,2025-07-27,Delivered
501011,20902,2025-03-30,Delivered
501012,20048,2025-08-20,Delivered
501013,20266,2025-09-05,Delivered
501014,20084,2025-12-01,Processing
501015,20322,2025-01-13,Delivered
501016,20391,2025-06-01,Delivered
501017,20619,2025-03-07,Delivered
501018,20258,2025-07-29,Delivered
501019,20159,2025-07-03,Delivered
501020,20170,2025-06-23,Delivered
501021,20939,2025-12-25,Delivered
501022,20954,2025-07-14,Delivered
501023,20222,2025-05-31,Delivered
501024,20196,2025-01-25,Delivered
501025,20055,2025-04-16,Delivered
501026,20960,2025-11-24,Delivered
501027,20707,2025-06-14,Delivered
501028,20761,2025-11-29,Delivered
501029,20291,2025-07-14,Delivered
501030,20641,2025-07-20,Delivered
501031,20060,2025-06-06,Returned
501032,20677,2025-07-23,Delivered
501033,20580,2025-01-25,Delivered
501034,20332,2025-01-22,Delivered
501035,20711,2025-06-23,Delivered
501036,20647,2025-08-07,Delivered
501037,20439,2025-07-21,Delivered
501038,20187,2025-06-06,Returned
501039,20024,2025-04-18,Delivered
501040,20938,2025-09-16,Cancelled
501041,20282,2025-08-09,Delivered
501042,20302,2025-01-18,Delivered
501043,20682,2025-06-15,Delivered
501044,20256,2025-09-17,Delivered
501045,20376,2025-10-14,Delivered
501046,20712,2025-04-15,Delivered
501047,20596,2025-12-04,Delivered
501048,20657,2025-08-26,Delivered
501049,20005,2025-06-09,Delivered
501050,20452,2025-08-17,Delivered
501051,20476,2025-11-15,Delivered
501052,20633,2025-03-24,Processing
501053,20152,2025-02-24,Delivered
501054,20160,2025-06-10,Delivered
501055,20763,2025-01-31,Delivered
501056,20674,2025-11-02,Delivered
501057,20812,2025-12-21,Delivered
501058,20271,2025-08-10,Delivered
501059,20998,2025-12-24,Delivered
501060,20273,2025-01-26,Delivered
501061,20651,2025-08-19,Delivered
501062,20163,2025-06-11,Returned
501063,20919,2025-04-12,Processing
501064,20333,2025-04-24,Delivered
501065,20803,2025-07-18,Delivered
501066,20332,2025-08-23,Delivered
501067,20791,2025-03-01,Delivered
501068,20455,2025-08-13,Delivered
501069,20063,2025-12-05,Delivered
501070,20191,2025-01-04,Delivered
501071,20684,2025-11-17,Delivered
501072,20194,2025-08-10,Delivered
501073,20276,2025-05-05,Processing
501074,20542,2025-09-26,Returned
501075,20254,2025-08-14,Delivered
501076,20129,2025-10-08,Delivered
501077,20625,2025-01-30,Delivered
501078,20689,2025-01-22,Delivered
501079,20734,2025-08-23,Delivered
501080,20944,2025-04-21,Cancelled
501081,20125,2025-03-28,Delivered
501082,20427,2025-06-03,Delivered
501083,20234,2025-09-22,Processing
501084,20902,2025-03-07,Delivered
501085,20540,2025-12-22,Delivered
501086,20099,2025-06-03,Delivered
501087,20693,2025-02-24,Delivered
501088,20043,2025-01-26,Delivered
501089,20275,2025-11-09,Delivered
501090,20722,2025-02-11,Delivered
501091,20507,2025-06-02,Delivered
501092,20762,2025-09-02,Delivered
501093,20572,2025-07-07,Delivered
501094,20844,2025-04-06,Cancelled
501095,20563,2025-02-09,Delivered
501096,20057,2025-09-17,Delivered
501097,20072,2025-06-28,Delivered
501098,20777,2025-01-18,Delivered
501099,20039,2025-03-08,Delivered
501100,20377,2025-07-25,Cancelled
501101,20017,2025-03-03,Delivered
501102,20304,2025-05-23,Delivered
501103,20596,2025-02-15,Delivered
501104,20174,2025-10-18,Delivered
501105,20467,2025-08-19,Delivered
501106,20997,2025-10-14,Delivered
501107,20071,2025-01-20,Delivered
501108,20064,2025-05-18,Delivered
501109,20272,2025-04-08,Delivered
501110,20828,2025-08-16,Delivered
501111,20406,2025-10-27,Delivered
501112,20640,2025-03-25,Delivered
501113,20034,2025-10-08,Delivered
501114,20736,2025-07-31,Delivered
501115,20068,2025-10-28,Delivered
501116,20712,2025-01-30,Delivered
501117,20148,2025-12-28,Delivered
501118,20859,2025-06-08,Delivered
501119,20297,2025-04-13,Delivered
501120,20184,2025-03-08,Delivered
501121,20337,2025-12-26,Delivered
501122,20001,2025-11-19,Delivered
501123,20166,2025-02-17,Delivered
501124,20599,2025-06-12,Delivered
501125,20301,2025-09-25,Delivered
501126,20354,2025-08-04,Delivered
501127,20808,2025-03-10,Delivered
501128,20124,2025-05-12,Delivered
501129,20396,2025-05-15,Delivered
501130,20187,2025-04-16,Delivered
501131,20483,2025-12-17,Delivered
501132,20332,2025-03-16,Delivered
501133,20047,2025-09-15,Delivered
501134,20071,2025-11-29,Delivered
501135,20853,2025-10-18,Delivered
501136,20057,2025-10-19,Returned
501137,20783,2025-02-27,Processing
501138,20917,2025-02-18,Delivered
501139,20466,2025-10-13,Delivered
501140,20313,2025-09-30,Delivered
501141,20777,2025-09-28,Delivered
501142,20983,2025-06-02,Delivered
501143,20121,2025-07-11,Delivered
501144,20965,2025-01-06,Delivered
501145,20944,2025-04-17,Delivered
501146,20143,2025-07-12,Delivered
501147,20055,2025-02-15,Delivered
501148,20715,2025-02-17,Delivered
501149,20078,2025-01-17,Delivered
501150,20601,2025-03-18,Delivered
501151,20065,2025-12-29,Delivered
501152,20691,2025-09-12,Delivered
501153,20232,2025-12-13,Delivered
501154,20097,2025-04-04,Delivered
501155,20067,2025-08-07,Delivered
501156,20189,2025-11-22,Delivered
501157,20541,2025-05-09,Delivered
501158,20077,2025-08-28,Cancelled
501159,20803,2025-09-10,Delivered
501160,20605,2025-10-31,Delivered
501161,20298,2025-12-20,Delivered
501162,20987,2025-08-13,Delivered
501163,20659,2025-08-01,Delivered
501164,20672,2025-11-14,Cancelled
501165,20174,2025-09-07,Delivered
501166,20711,2025-05-13,Delivered
501167,20560,2025-08-19,Delivered
501168,20985,2025-07-20,Delivered
501169,20478,2025-03-25,Delivered
501170,20679,2025-07-08,Delivered
501171,20342,2025-08-16,Delivered
501172,20041,2025-11-26,Delivered
501173,20128,2025-07-31,Delivered
501174,20868,2025-03-02,Delivered
501175,20739,2025-12-27,Delivered
501176,20365,2025-07-30,Delivered
501177,20698,2025-04-15,Delivered
501178,20005,2025-10-03,Processing
501179,20038,2025-05-21,Delivered
501180,20508,2025-05-16,Delivered
501181,20625,2025-11-03,Delivered
501182,20938,2025-11-13,Processing
501183,20760,2025-07-11,Delivered
501184,20258,2025-05-17,Delivered
501185,20816,2025-11-12,Delivered
501186,20492,2025-03-05,Delivered
501187,20827,2025-09-30,Delivered
501188,20174,2025-08-02,Delivered
501189,20027,2025-11-08,Cancelled
501190,20058,2025-06-03,Delivered
501191,20991,2025-10-31,Delivered
501192,20081,2025-01-06,Delivered
501193,20940,2025-10-04,Processing
501194,20728,2025-01-26,Delivered
501195,20147,2025-08-23,Delivered
501196,20865,2025-03-13,Delivered
501197,20145,2025-12-18,Delivered
501198,20144,2025-10-08,Delivered
501199,20576,2025-02-08,Delivered
501200,20289,2025-11-22,Delivered
501201,20291,2025-04-02,Cancelled
501202,20196,2025-07-19,Cancelled
501203,20608,2025-02-01,Delivered
501204,20027,2025-02-08,Delivered
501205,20246,2025-03-30,Delivered
501206,20554,2025-07-15,Delivered
501207,20487,2025-07-18,Delivered
501208,20700,2025-11-09,Delivered
501209,20217,2025-03-02,Delivered
501210,20648,2025-10-01,Delivered
501211,20760,2025-01-03,Delivered
501212,20389,2025-04-17,Delivered
501213,20257,2025-03-05,Delivered
501214,20556,2025-02-15,Delivered
501215,20579,2025-08-02,Delivered
501216,20095,2025-11-25,Delivered
501217,20566,2025-09-01,Delivered
501218,20155,2025-11-08,Delivered
501219,20569,2025-08-04,Returned
501220,20932,2025-01-20,Cancelled
501221,20538,2025-05-07,Cancelled
501222,20762,2025-10-28,Processing
501223,20310,2025-01-17,Delivered
501224,20923,2025-02-05,Processing
501225,20813,2025-11-01,Returned
501226,20917,2025-01-24,Delivered
501227,20742,2025-12-17,Cancelled
501228,20650,2025-10-04,Delivered
501229,20526,2025-08-31,Delivered
501230,20929,2025-07-15,Cancelled
501231,20849,2025-02-02,Delivered
501232,20417,2025-06-01,Delivered
501233,20086,2025-10-22,Delivered
501234,20004,2025-11-26,Delivered
501235,20234,2025-06-13,Cancelled
501236,20063,2025-11-03,Cancelled
501237,20212,2025-10-11,Delivered
501238,20110,2025-01-22,Processing
501239,20982,2025-08-15,Delivered
501240,20096,2025-08-13,Processing
501241,20627,2025-07-18,Delivered
501242,20352,2025-10-09,Delivered
501243,20175,2025-11-21,Delivered
501244,20702,2025-07-20,Delivered
501245,20971,2025-04-27,Delivered
501246,20791,2025-12-25,Delivered
501247,20976,2025-12-18,Delivered
501248,20591,2025-09-08,Delivered
501249,20674,2025-08-22,Delivered
501250,20147,2025-02-08,Delivered
501251,20853,2025-05-27,Delivered
501252,20748,2025-03-14,Delivered
501253,20255,2025-07-07,Delivered
501254,20355,2025-10-29,Delivered
501255,20611,2025-03-23,Delivered
501256,20013,2025-12-30,Delivered
501257,20818,2025-02-17,Delivered
501258,20281,2025-02-05,Delivered
501259,20075,2025-12-22,Delivered
501260,20331,2025-02-06,Processing
501261,20836,2025-09-26,Delivered
501262,20275,2025-10-06,Delivered
501263,20540,2025-05-01,Delivered
501264,20812,2025-01-24,Delivered
501265,20034,2025-04-23,Delivered
501266,20760,2025-01-26,Delivered
501267,20289,2025-09-03,Cancelled
501268,20696,2025-11-21,Processing
501269,20189,2025-12-30,Delivered
501270,20140,2025-10-20,Delivered
501271,20789,2025-10-10,Delivered
501272,20808,2025-11-18,Delivered
501273,20982,2025-10-09,Cancelled
501274,20678,2025-08-26,Delivered
501275,20466,2025-12-30,Delivered
501276,20195,2025-04-28,Delivered
501277,20296,2025-05-31,Delivered
501278,20649,2025-11-27,Delivered
501279,20347,2025-04-24,Delivered
501280,20484,2025-04-20,Delivered
501281,20169,2025-02-25,Delivered
501282,20440,2025-04-11,Cancelled
501283,20238,2025-08-05,Delivered
501284,20113,2025-11-20,Delivered
501285,20132,2025-02-19,Delivered
501286,20519,2025-09-06,Delivered
501287,20367,2025-10-07,Cancelled
501288,20100,2025-11-23,Delivered
501289,20515,2025-10-01,Delivered
501290,20165,2025-02-26,Delivered
501291,20016,2025-06-28,Delivered
501292,20133,2025-12-14,Returned
501293,20449,2025-11-28,Delivered
501294,20955,2025-08-12,Delivered
501295,20242,2025-12-18,Delivered
501296,20285,2025-09-01,Delivered
501297,20243,2025-01-24,Delivered
501298,20356,2025-11-30,Delivered
501299,20718,2025-03-03,Delivered
501300,20323,2025-05-19,Delivered
501301,20658,2025-03-28,Delivered
501302,20899,2025-09-20,Delivered
501303,20947,2025-01-11,Delivered
501304,20563,2025-08-22,Delivered
501305,20714,2025-11-12,Delivered
501306,20920,2025-10-15,Delivered
501307,20787,2025-04-23,Delivered
501308,20300,2025-11-24,Delivered
501309,20133,2025-05-13,Delivered
501310,20115,2025-09-06,Delivered
501311,20883,2025-07-04,Delivered
501312,20557,2025-01-25,Returned
501313,20297,2025-01-02,Delivered
501314,20346,2025-03-08,Delivered
501315,20282,2025-12-08,Returned
501316,20802,2025-12-15,Delivered
501317,20613,2025-05-30,Delivered
501318,20880,2025-12-20,Delivered
501319,20302,2025-01-19,Delivered
501320,20473,2025-12-20,Delivered
501321,20122,2025-03-26,Delivered
501322,20972,2025-01-14,Delivered
501323,20512,2025-10-04,Delivered
501324,20554,2025-05-20,Delivered
501325,20414,2025-04-17,Delivered
501326,20271,2025-10-05,Delivered
501327,20949,2025-05-02,Delivered
501328,20489,2025-10-02,Delivered
501329,20675,2025-03-13,Cancelled
501330,20038,2025-02-01,Delivered
501331,20276,2025-04-29,Delivered
501332,20805,2025-08-11,Delivered
501333,20088,2025-03-24,Delivered
501334,20102,2025-02-22,Delivered
501335,20810,2025-10-01,Delivered
501336,20309,2025-06-30,Delivered
501337,20274,2025-06-07,Delivered
501338,20566,2025-03-29,Processing
501339,20195,2025-01-07,Delivered
501340,20043,2025-01-20,Delivered
501341,20005,2025-09-06,Delivered
501342,20080,2025-01-30,Delivered
501343,20159,2025-04-01,Delivered
501344,20697,2025-11-29,Processing
501345,20298,2025-05-06,Delivered
501346,20072,2025-09-29,Processing
501347,20015,2025-05-06,Delivered
501348,20478,2025-12-07,Delivered
501349,20841,2025-10-27,Delivered
501350,20339,2025-06-21,Returned
501351,20064,2025-09-07,Delivered
501352,20229,2025-05-31,Delivered
501353,20500,2025-12-11,Delivered
501354,20189,2025-05-11,Delivered
501355,20979,2025-11-02,Delivered
501356,20764,2025-08-13,Delivered
501357,20345,2025-08-23,Delivered
501358,20952,2025-05-09,Delivered
501359,20326,2025-10-31,Delivered
501360,20141,2025-09-30,Delivered
501361,20939,2025-10-25,Delivered
501362,20960,2025-10-20,Delivered
501363,20313,2025-02-27,Delivered
501364,20595,2025-11-16,Processing
501365,20174,2025-11-04,Delivered
501366,20642,2025-03-30,Delivered
501367,20691,2025-12-25,Delivered
501368,20710,2025-07-12,Delivered
501369,20569,2025-04-28,Delivered
501370,20705,2025-03-23,Delivered
501371,20556,2025-05-14,Delivered
501372,20820,2025-01-14,Delivered
501373,20180,2025-09-10,Delivered
501374,20484,2025-09-16,Delivered
501375,20417,2025-09-01,Delivered
501376,20534,2025-07-20,Delivered
501377,20143,2025-05-13,Delivered
501378,20324,2025-09-22,Delivered
501379,20955,2025-11-15,Returned
501380,20106,2025-02-01,Delivered
501381,20636,2025-05-20,Cancelled
501382,20665,2025-12-30,Delivered
501383,20475,2025-11-11,Cancelled
501384,20034,2025-12-29,Delivered
501385,20035,2025-03-08,Delivered
501386,20276,2025-06-19,Delivered
501387,20103,2025-02-17,Delivered
501388,20095,2025-11-13,Returned
501389,20161,2025-07-09,Delivered
501390,20191,2025-03-30,Delivered
501391,20839,2025-02-02,Delivered
501392,20639,2025-09-27,Delivered
501393,20031,2025-10-24,Delivered
501394,20629,2025-11-17,Cancelled
501395,20137,2025-12-21,Delivered
501396,20422,2025-10-25,Delivered
501397,20039,2025-10-15,Delivered
501398,20091,2025-10-24,Processing
501399,20133,2025-12-31,Delivered
501400,20434,2025-06-19,Delivered
501401,20464,2025-10-04,Cancelled
501402,20353,2025-10-27,Delivered
501403,20621,2025-02-12,Delivered
501404,20721,2025-09-10,Delivered
501405,20729,2025-05-04,Delivered
501406,20580,2025-02-18,Returned
501407,20546,2025-03-04,Cancelled
501408,20492,2025-02-11,Delivered
501409,20238,2025-11-24,Processing
501410,20487,2025-10-09,Delivered
501411,20011,2025-02-07,Cancelled
501412,20967,2025-08-17,Delivered
501413,20371,2025-08-30,Delivered
501414,20757,2025-07-09,Delivered
501415,20957,2025-08-10,Delivered
501416,20497,2025-11-28,Delivered
501417,20862,2025-07-09,Delivered
501418,20480,2025-08-29,Delivered
501419,20133,2025-07-28,Delivered
501420,20027,2025-05-25,Delivered
501421,20136,2025-11-22,Delivered
501422,20943,2025-06-01,Delivered
501423,20476,2025-10-19,Cancelled
501424,20320,2025-08-09,Delivered
501425,20447,2025-09-08,Processing
501426,20256,2025-10-05,Cancelled
501427,20871,2025-09-26,Delivered
501428,21000,2025-07-25,Delivered
501429,20085,2025-08-13,Delivered
501430,20719,2025-07-05,Delivered
501431,20336,2025-05-04,Delivered
501432,20048,2025-09-23,Processing
501433,20923,2025-11-17,Returned
501434,20062,2025-09-15,Delivered
501435,20206,2025-10-09,Delivered
501436,20026,2025-10-31,Delivered
501437,20472,2025-05-15,Delivered
501438,20600,2025-01-23,Cancelled
501439,20321,2025-05-04,Delivered
501440,20072,2025-10-03,Delivered
501441,20117,2025-10-25,Delivered
501442,20934,2025-07-07,Returned
501443,20806,2025-10-12,Delivered
501444,20937,2025-01-28,Cancelled
501445,20531,2025-08-24,Delivered
501446,20547,2025-09-05,Delivered
501447,20786,2025-07-05,Returned
501448,20617,2025-09-19,Delivered
501449,20437,2025-06-29,Delivered
501450,20292,2025-07-11,Delivered
501451,20486,2025-08-09,Delivered
501452,20064,2025-10-17,Delivered
501453,20193,2025-04-01,Delivered
501454,20738,2025-04-20,Delivered
501455,20869,2025-06-02,Delivered
501456,20102,2025-03-15,Delivered
501457,20097,2025-05-02,Delivered
501458,20086,2025-05-09,Delivered
501459,20792,2025-04-25,Processing
501460,20312,2025-05-30,Delivered
501461,20327,2025-07-04,Delivered
501462,20013,2025-09-12,Delivered
501463,20973,2025-04-21,Returned
501464,20435,2025-11-05,Delivered
501465,20798,2025-06-24,Cancelled
501466,20708,2025-09-21,Returned
501467,20142,2025-02-11,Delivered
501468,20802,2025-03-05,Processing
501469,20551,2025-06-15,Delivered
501470,20605,2025-05-14,Cancelled
501471,20201,2025-07-01,Cancelled
501472,20847,2025-02-27,Returned
501473,20932,2025-06-22,Delivered
501474,20407,2025-09-08,Delivered
501475,20093,2025-09-23,Delivered
501476,20849,2025-04-01,Delivered
501477,20888,2025-05-06,Delivered
501478,20507,2025-07-11,Delivered
501479,20580,2025-07-09,Delivered
501480,20224,2025-10-17,Delivered
501481,20068,2025-05-23,Delivered
501482,20945,2025-09-02,Delivered
501483,20483,2025-11-19,Delivered
501484,20275,2025-04-19,Delivered
501485,20694,2025-10-28,Delivered
501486,20027,2025-05-02,Delivered
501487,20080,2025-05-03,Delivered
501488,20243,2025-08-27,Delivered
501489,20451,2025-08-15,Delivered
501490,20367,2025-07-20,Delivered
501491,20188,2025-03-26,Delivered
501492,20352,2025-02-05,Delivered
501493,20334,2025-11-28,Delivered
501494,20525,2025-11-16,Delivered
501495,20563,2025-11-20,Delivered
501496,20884,2025-07-07,Delivered
501497,20807,2025-11-19,Delivered
501498,20293,2025-06-22,Delivered
501499,20903,2025-01-28,Delivered
501500,20521,2025-03-14,Delivered
501501,20188,2025-04-10,Delivered
501502,20341,2025-05-18,Delivered
501503,20742,2025-12-09,Delivered
501504,20822,2025-05-02,Delivered
501505,20375,2025-08-12,Delivered
501506,20158,2025-04-09,Delivered
501507,20192,2025-08-23,Delivered
501508,20104,2025-07-27,Delivered
501509,20699,2025-02-24,Delivered
501510,20503,2025-06-18,Processing
501511,20452,2025-02-08,Delivered
501512,20672,2025-11-21,Delivered
501513,20829,2025-09-15,Delivered
501514,20796,2025-12-10,Delivered
501515,20138,2025-11-16,Delivered
501516,20590,2025-03-22,Delivered
501517,20883,2025-09-16,Delivered
501518,20774,2025-02-06,Delivered
501519,20330,2025-12-17,Delivered
501520,20393,2025-10-14,Delivered
501521,20891,2025-09-06,Processing
501522,20033,2025-12-30,Delivered
501523,20526,2025-11-06,Delivered
501524,20117,2025-11-12,Delivered
501525,20895,2025-02-06,Delivered
501526,20039,2025-01-09,Cancelled
501527,20024,2025-12-17,Delivered
501528,20329,2025-04-02,Delivered
501529,20201,2025-06-05,Delivered
501530,20496,2025-01-16,Cancelled
501531,20300,2025-08-16,Delivered
501532,20357,2025-10-27,Processing
501533,20565,2025-11-04,Cancelled
501534,20561,2025-08-01,Delivered
501535,20935,2025-08-30,Cancelled
501536,20481,2025-07-07,Processing
501537,20565,2025-06-12,Delivered
501538,20678,2025-07-22,Delivered
501539,20175,2025-12-08,Delivered
501540,20667,2025-04-03,Delivered
501541,20862,2025-06-21,Delivered
501542,20319,2025-08-08,Delivered
501543,20179,2025-07-28,Delivered
501544,20347,2025-01-12,Delivered
501545,20276,2025-04-15,Delivered
501546,20586,2025-08-24,Delivered
501547,20864,2025-09-11,Delivered
501548,20597,2025-09-26,Delivered
501549,20126,2025-12-28,Delivered
501550,20315,2025-09-03,Delivered
501551,20690,2025-07-31,Delivered
501552,20331,2025-05-02,Returned
501553,20587,2025-05-16,Delivered
501554,20695,2025-10-29,Delivered
501555,20330,2025-06-21,Delivered
501556,20648,2025-09-19,Delivered
501557,20399,2025-02-15,Delivered
501558,20136,2025-02-16,Delivered
501559,20373,2025-03-20,Delivered
501560,20442,2025-03-13,Delivered
501561,20003,2025-08-10,Delivered
501562,20893,2025-08-21,Delivered
501563,20528,2025-07-23,Delivered
501564,20037,2025-04-16,Processing
501565,20868,2025-07-30,Delivered
501566,20856,2025-02-13,Returned
501567,20013,2025-06-22,Delivered
501568,20164,2025-02-26,Delivered
501569,20364,2025-01-29,Delivered
501570,20508,2025-03-02,Delivered
501571,20726,2025-02-10,Delivered
501572,20425,2025-06-24,Cancelled
501573,20612,2025-07-19,Delivered
501574,20011,2025-08-10,Delivered
501575,20659,2025-06-10,Delivered
501576,20916,2025-03-06,Delivered
501577,20527,2025-01-08,Delivered
501578,20455,2025-09-18,Delivered
501579,20298,2025-12-25,Delivered
501580,20955,2025-04-13,Delivered
501581,20034,2025-03-16,Delivered
501582,20287,2025-04-24,Delivered
501583,20139,2025-03-20,Delivered
501584,20867,2025-03-23,Delivered
501585,20483,2025-06-30,Returned
501586,20923,2025-10-14,Processing
501587,20666,2025-09-17,Delivered
501588,20557,2025-12-17,Delivered
501589,20518,2025-05-11,Delivered
501590,20203,2025-06-29,Delivered
501591,20563,2025-05-19,Delivered
501592,20686,2025-01-16,Delivered
501593,20966,2025-05-22,Delivered
501594,20549,2025-04-06,Processing
501595,20939,2025-06-24,Delivered
501596,20945,2025-02-27,Processing
501597,20523,2025-09-28,Delivered
501598,20440,2025-11-04,Delivered
501599,20143,2025-12-17,Delivered
501600,20269,2025-01-31,Delivered
501601,20880,2025-02-12,Delivered
501602,20139,2025-12-19,Delivered
501603,20398,2025-11-06,Delivered
501604,20699,2025-08-03,Delivered
501605,20241,2025-04-28,Delivered
501606,20975,2025-07-08,Delivered
501607,20650,2025-07-15,Delivered
501608,20029,2025-11-06,Delivered
501609,20248,2025-07-13,Delivered
501610,20741,2025-01-11,Delivered
501611,20864,2025-09-13,Delivered
501612,20927,2025-10-11,Processing
501613,20852,2025-04-19,Delivered
501614,20075,2025-02-12,Delivered
501615,20730,2025-02-21,Delivered
501616,20111,2025-11-03,Cancelled
501617,20077,2025-06-13,Delivered
501618,20692,2025-07-13,Delivered
501619,20479,2025-12-17,Delivered
501620,20648,2025-01-23,Delivered
501621,20852,2025-03-17,Returned
501622,20069,2025-11-01,Delivered
501623,20528,2025-07-17,Delivered
501624,20835,2025-01-10,Delivered
501625,20441,2025-09-14,Delivered
501626,20524,2025-02-20,Delivered
501627,20498,2025-10-13,Processing
501628,20908,2025-10-19,Processing
501629,20050,2025-10-28,Delivered
501630,20878,2025-06-19,Delivered
501631,20817,2025-04-08,Processing
501632,20813,2025-11-18,Delivered
501633,20413,2025-07-23,Delivered
501634,20516,2025-08-20,Delivered
501635,20369,2025-02-19,Delivered
501636,20252,2025-08-16,Cancelled
501637,20876,2025-07-31,Processing
501638,20506,2025-04-17,Delivered
501639,20724,2025-10-07,Delivered
501640,20101,2025-02-18,Delivered
501641,20789,2025-09-20,Delivered
501642,20659,2025-12-17,Delivered
501643,20998,2025-07-27,Delivered
501644,20134,2025-02-08,Returned
501645,20541,2025-07-21,Delivered
501646,20512,2025-07-13,Delivered
501647,20539,2025-07-21,Delivered
501648,20055,2025-04-10,Delivered
501649,20474,2025-08-17,Delivered
501650,20300,2025-04-07,Processing
501651,20618,2025-07-23,Delivered
501652,20233,2025-08-06,Delivered
501653,20436,2025-08-24,Delivered
501654,20621,2025-10-19,Delivered
501655,20065,2025-11-19,Delivered
501656,20787,2025-10-11,Delivered
501657,20716,2025-10-18,Delivered
501658,20058,2025-11-14,Delivered
501659,20065,2025-03-30,Delivered
501660,20851,2025-04-17,Cancelled
501661,20284,2025-07-14,Delivered
501662,20861,2025-06-19,Delivered
501663,20500,2025-09-14,Delivered
501664,20343,2025-01-04,Delivered
501665,20274,2025-02-20,Cancelled
501666,20660,2025-09-30,Delivered
501667,20110,2025-10-28,Delivered
501668,20403,2025-04-21,Returned
501669,20346,2025-04-24,Delivered
501670,20155,2025-07-24,Delivered
501671,20353,2025-06-24,Processing
501672,20529,2025-03-03,Delivered
501673,20678,2025-07-02,Delivered
501674,20087,2025-10-27,Cancelled
501675,20873,2025-09-24,Delivered
501676,20879,2025-10-26,Delivered
501677,20692,2025-08-23,Delivered
501678,20925,2025-11-17,Cancelled
501679,20428,2025-04-02,Returned
501680,20822,2025-01-17,Cancelled
501681,20728,2025-02-11,Delivered
501682,20563,2025-12-29,Delivered
501683,20180,2025-08-22,Returned
501684,20558,2025-04-01,Delivered
501685,20902,2025-11-08,Delivered
501686,20985,2025-04-23,Delivered
501687,20449,2025-08-07,Cancelled
501688,20248,2025-04-02,Delivered
501689,20748,2025-02-04,Delivered
501690,20076,2025-04-08,Returned
501691,20152,2025-03-25,Returned
501692,20562,2025-07-21,Processing
501693,20991,2025-01-08,Delivered
501694,20329,2025-03-29,Delivered
501695,20444,2025-07-27,Delivered
501696,20323,2025-05-24,Delivered
501697,20441,2025-08-21,Cancelled
501698,20008,2025-08-28,Delivered
501699,20595,2025-12-19,Delivered
501700,20597,2025-11-02,Delivered
501701,20316,2025-03-25,Delivered
501702,20265,2025-09-10,Cancelled
501703,20762,2025-08-17,Delivered
501704,20188,2025-08-05,Delivered
501705,20048,2025-10-19,Delivered
501706,20041,2025-02-23,Delivered
501707,20882,2025-05-17,Delivered
501708,20365,2025-10-25,Returned
501709,20102,2025-11-22,Delivered
501710,20879,2025-01-14,Delivered
501711,20149,2025-06-22,Delivered
501712,20337,2025-04-07,Delivered
501713,20021,2025-03-03,Delivered
501714,20680,2025-01-21,Delivered
501715,20700,2025-07-16,Delivered
501716,20757,2025-09-01,Delivered
501717,20264,2025-07-13,Cancelled
501718,20329,2025-05-15,Returned
501719,20939,2025-10-09,Delivered
501720,20822,2025-08-26,Delivered
501721,20038,2025-11-28,Delivered
501722,20692,2025-05-07,Delivered
501723,20813,2025-03-29,Delivered
501724,20560,2025-06-16,Delivered
501725,20640,2025-07-05,Delivered
501726,20001,2025-06-17,Returned
501727,20031,2025-10-31,Cancelled
501728,20036,2025-01-17,Delivered
501729,20159,2025-07-12,Delivered
501730,20991,2025-06-07,Delivered
501731,20635,2025-03-18,Delivered
501732,20783,2025-08-22,Delivered
501733,20296,2025-10-20,Delivered
501734,20938,2025-07-19,Delivered
501735,20199,2025-02-01,Delivered
501736,20903,2025-01-28,Delivered
501737,20031,2025-06-03,Delivered
501738,20021,2025-09-01,Delivered
501739,20079,2025-04-25,Delivered
501740,20792,2025-04-23,Delivered
501741,20258,2025-11-10,Delivered
501742,20452,2025-01-06,Delivered
501743,20472,2025-01-30,Delivered
501744,20790,2025-02-26,Delivered
501745,20349,2025-12-26,Delivered
501746,20007,2025-07-01,Cancelled
501747,20387,2025-02-27,Delivered
501748,20289,2025-04-24,Delivered
501749,20731,2025-12-20,Delivered
501750,20752,2025-09-11,Delivered
501751,20092,2025-03-23,Delivered
501752,20794,2025-03-29,Delivered
501753,20071,2025-01-28,Cancelled
501754,20620,2025-10-10,Delivered
501755,20390,2025-02-20,Delivered
501756,20302,2025-04-15,Delivered
501757,20484,2025-05-08,Delivered
501758,20311,2025-08-15,Cancelled
501759,20794,2025-08-10,Delivered
501760,20967,2025-10-19,Delivered
501761,20816,2025-04-19,Delivered
501762,20440,2025-05-21,Delivered
501763,20504,2025-05-22,Delivered
501764,20448,2025-01-18,Delivered
501765,20794,2025-09-27,Delivered
501766,20553,2025-07-15,Delivered
501767,20469,2025-06-23,Processing
501768,20410,2025-12-30,Delivered
501769,20376,2025-03-07,Delivered
501770,20553,2025-12-20,Delivered
501771,20689,2025-09-06,Delivered
501772,20433,2025-03-22,Delivered
501773,20807,2025-09-05,Delivered
501774,20827,2025-10-03,Delivered
501775,20430,2025-05-13,Delivered
501776,20910,2025-05-06,Delivered
501777,20174,2025-11-01,Delivered
501778,20933,2025-02-28,Delivered
501779,20295,2025-01-05,Delivered
501780,20565,2025-09-01,Delivered
501781,20284,2025-11-27,Cancelled
501782,20443,2025-07-02,Delivered
501783,20341,2025-02-19,Delivered
501784,20706,2025-07-16,Processing
501785,20082,2025-04-02,Delivered
501786,20839,2025-10-29,Delivered
501787,20904,2025-08-12,Processing
501788,20563,2025-05-03,Delivered
501789,20548,2025-08-16,Delivered
501790,20700,2025-09-01,Delivered
501791,20200,2025-09-05,Delivered
501792,20750,2025-05-14,Delivered
501793,20219,2025-07-28,Delivered
501794,20677,2025-01-16,Returned
501795,20306,2025-05-28,Delivered
501796,20747,2025-05-18,Delivered
501797,20792,2025-07-15,Cancelled
501798,20209,2025-12-13,Delivered
501799,20618,2025-12-15,Delivered
501800,20499,2025-06-26,Delivered
501801,20295,2025-08-24,Delivered
501802,20589,2025-02-09,Cancelled
501803,20993,2025-06-26,Delivered
501804,20003,2025-09-09,Delivered
501805,20957,2025-09-07,Delivered
501806,20856,2025-12-18,Delivered
501807,20530,2025-06-20,Delivered
501808,20611,2025-11-28,Cancelled
501809,20370,2025-12-24,Delivered
501810,20130,2025-07-28,Delivered
501811,20572,2025-02-03,Delivered
501812,20817,2025-05-18,Delivered
501813,20232,2025-10-07,Delivered
501814,20718,2025-07-31,Delivered
501815,20749,2025-12-08,Delivered
501816,20759,2025-10-25,Delivered
501817,20341,2025-01-24,Delivered
501818,20393,2025-11-11,Delivered
501819,20417,2025-05-11,Delivered
501820,20855,2025-10-26,Delivered
501821,20901,2025-07-05,Delivered
501822,20415,2025-06-16,Delivered
501823,20970,2025-01-27,Delivered
501824,20571,2025-02-13,Processing
501825,20386,2025-08-06,Cancelled
501826,20001,2025-07-27,Delivered
501827,20612,2025-07-22,Delivered
501828,20645,2025-02-27,Delivered
501829,20969,2025-07-06,Delivered
501830,20719,2025-01-23,Processing
501831,20030,2025-02-22,Delivered
501832,20568,2025-07-02,Delivered
501833,20743,2025-08-14,Delivered
501834,20497,2025-08-28,Delivered
501835,20430,2025-12-25,Delivered
501836,20810,2025-11-08,Delivered
501837,20612,2025-05-19,Delivered
501838,20682,2025-10-13,Delivered
501839,20465,2025-02-04,Delivered
501840,20279,2025-11-09,Cancelled
501841,20520,2025-05-22,Delivered
501842,20960,2025-10-05,Delivered
501843,20603,2025-12-21,Delivered
501844,20708,2025-09-14,Delivered
501845,20125,2025-12-02,Delivered
501846,20988,2025-01-04,Delivered
501847,20245,2025-03-04,Delivered
501848,20972,2025-08-17,Delivered
501849,20446,2025-07-17,Delivered
501850,20919,2025-02-13,Delivered
501851,20892,2025-09-20,Delivered
501852,20756,2025-01-22,Returned
501853,20917,2025-12-28,Delivered
501854,20610,2025-02-27,Delivered
501855,20849,2025-06-12,Delivered
501856,20173,2025-10-28,Delivered
501857,20071,2025-07-07,Delivered
501858,20544,2025-09-29,Delivered
501859,20810,2025-09-14,Delivered
501860,20766,2025-12-13,Delivered
501861,20528,2025-06-19,Returned
501862,20521,2025-12-24,Delivered
501863,20610,2025-07-08,Delivered
501864,20869,2025-11-23,Delivered
501865,20842,2025-09-25,Delivered
501866,20110,2025-02-18,Delivered
501867,20596,2025-08-23,Delivered
501868,20381,2025-11-17,Delivered
501869,20800,2025-02-16,Delivered
501870,20506,2025-11-03,Processing
501871,20992,2025-02-08,Cancelled
501872,20433,2025-11-14,Delivered
501873,20680,2025-10-15,Delivered
501874,20109,2025-02-25,Delivered
501875,20933,2025-09-23,Processing
501876,20154,2025-02-12,Delivered
501877,20379,2025-07-27,Delivered
501878,20838,2025-12-04,Delivered
501879,20968,2025-03-17,Delivered
501880,20485,2025-03-05,Delivered
501881,20485,2025-06-04,Delivered
501882,20049,2025-05-15,Delivered
501883,20979,2025-01-18,Delivered
501884,20017,2025-06-16,Delivered
501885,20027,2025-04-05,Delivered
501886,20474,2025-02-15,Processing
501887,20004,2025-04-11,Delivered
501888,20165,2025-01-08,Delivered
501889,20628,2025-11-30,Delivered
501890,20706,2025-12-29,Delivered
501891,20299,2025-05-15,Processing
501892,20796,2025-11-16,Delivered
501893,20608,2025-06-18,Processing
501894,20229,2025-11-30,Delivered
501895,20713,2025-03-05,Delivered
501896,20593,2025-04-14,Delivered
501897,20813,2025-09-28,Delivered
501898,20155,2025-03-22,Delivered
501899,20231,2025-10-28,Processing
501900,20304,2025-06-05,Returned
501901,20342,2025-05-28,Delivered
501902,20889,2025-06-15,Returned
501903,20733,2025-10-19,Cancelled
501904,20545,2025-01-03,Delivered
501905,20541,2025-10-02,Delivered
501906,20886,2025-10-12,Delivered
501907,20447,2025-10-27,Delivered
501908,20226,2025-12-30,Delivered
501909,20137,2025-10-13,Processing
501910,20331,2025-07-12,Delivered
501911,20654,2025-06-20,Delivered
501912,20471,2025-05-22,Delivered
501913,20422,2025-10-29,Delivered
501914,20481,2025-05-24,Delivered
501915,20975,2025-07-29,Delivered
501916,20998,2025-02-05,Delivered
501917,20162,2025-04-26,Delivered
501918,20115,2025-04-08,Delivered
501919,20245,2025-06-08,Delivered
501920,20852,2025-07-03,Delivered
501921,20460,2025-09-19,Delivered
501922,20864,2025-06-07,Delivered
501923,20647,2025-02-24,Delivered
501924,20554,2025-07-18,Delivered
501925,20282,2025-01-20,Delivered
501926,20345,2025-11-06,Returned
501927,20148,2025-10-09,Cancelled
501928,20520,2025-03-24,Delivered
501929,20281,2025-04-07,Delivered
501930,20293,2025-01-11,Delivered
501931,20040,2025-05-14,Returned
501932,20800,2025-01-14,Delivered
501933,20940,2025-12-08,Delivered
501934,20499,2025-02-18,Delivered
501935,20537,2025-08-29,Delivered
501936,20926,2025-07-28,Delivered
501937,20512,2025-03-28,Delivered
501938,20623,2025-10-22,Delivered
501939,20429,2025-02-09,Delivered
501940,20515,2025-11-20,Delivered
501941,20522,2025-09-28,Delivered
501942,20712,2025-08-20,Delivered
501943,20605,2025-11-18,Processing
501944,20504,2025-05-28,Delivered
501945,20076,2025-04-13,Returned
501946,20905,2025-02-26,Delivered
501947,20889,2025-12-04,Cancelled
501948,20185,2025-05-27,Delivered
501949,20294,2025-10-30,Delivered
501950,20974,2025-05-02,Delivered
501951,20322,2025-12-15,Processing
501952,20813,2025-11-14,Processing
501953,20786,2025-04-23,Delivered
501954,20861,2025-06-27,Delivered
501955,20017,2025-10-17,Delivered
501956,20483,2025-03-24,Delivered
501957,20566,2025-01-09,Delivered
501958,20838,2025-04-16,Delivered
501959,20225,2025-08-04,Delivered
501960,20307,2025-02-19,Delivered
501961,20180,2025-05-02,Returned
501962,20762,2025-12-02,Delivered
501963,20999,2025-01-28,Delivered
501964,20141,2025-01-19,Delivered
501965,20234,2025-06-04,Delivered
501966,20308,2025-01-05,Delivered
501967,20890,2025-01-11,Delivered
501968,20446,2025-03-08,Delivered
501969,20282,2025-02-07,Delivered
501970,20323,2025-10-23,Delivered
501971,20599,2025-02-14,Delivered
501972,20388,2025-07-11,Delivered
501973,20141,2025-09-15,Delivered
501974,20821,2025-08-17,Delivered
501975,20423,2025-08-27,Delivered
501976,20257,2025-05-11,Delivered
501977,20729,2025-11-21,Delivered
501978,20746,2025-01-26,Delivered
501979,20156,2025-02-09,Delivered
501980,20074,2025-11-09,Delivered
501981,20046,2025-01-25,Delivered
501982,20766,2025-03-12,Delivered
501983,20626,2025-03-05,Delivered
501984,20793,2025-01-13,Delivered
501985,20627,2025-02-12,Delivered
501986,20402,2025-07-29,Delivered
501987,20590,2025-08-30,Delivered
501988,20723,2025-01-31,Delivered
501989,20399,2025-12-10,Delivered
501990,20916,2025-02-04,Delivered
501991,20900,2025-09-08,Delivered
501992,20801,2025-10-20,Delivered
501993,20993,2025-07-10,Delivered
501994,20391,2025-06-29,Cancelled
501995,20115,2025-02-09,Delivered
501996,20485,2025-03-30,Cancelled
501997,20746,2025-11-07,Delivered
501998,20780,2025-05-08,Delivered
501999,20389,2025-01-13,Delivered
502000,20293,2025-09-24,Delivered
502001,20446,2025-09-07,Delivered
502002,20804,2025-01-25,Delivered
502003,20061,2025-01-19,Returned
502004,20329,2025-02-12,Delivered
502005,20230,2025-01-19,Delivered
502006,20806,2025-08-13,Delivered
502007,20470,2025-02-18,Delivered
502008,20087,2025-08-10,Delivered
502009,20262,2025-03-06,Delivered
502010,20045,2025-12-21,Delivered
502011,20476,2025-09-22,Delivered
502012,20998,2025-05-17,Delivered
502013,20568,2025-06-06,Delivered
502014,20870,2025-01-24,Delivered
502015,20743,2025-01-21,Delivered
502016,20883,2025-07-16,Returned
502017,20312,2025-01-09,Delivered
502018,20952,2025-08-21,Delivered
502019,20239,2025-05-20,Processing
502020,20439,2025-02-20,Delivered
502021,20682,2025-07-15,Returned
502022,20287,2025-07-21,Delivered
502023,20265,2025-09-30,Delivered
502024,20131,2025-03-14,Delivered
502025,20005,2025-07-19,Delivered
502026,20502,2025-11-05,Delivered
502027,20987,2025-04-09,Delivered
502028,20221,2025-11-01,Delivered
502029,20441,2025-09-22,Delivered
502030,20936,2025-06-06,Delivered
502031,20773,2025-11-19,Delivered
502032,20005,2025-12-19,Delivered
502033,20501,2025-03-28,Returned
502034,20144,2025-12-24,Delivered
502035,20248,2025-01-01,Delivered
502036,20247,2025-02-17,Delivered
502037,20613,2025-01-16,Delivered
502038,20199,2025-05-15,Delivered
502039,20252,2025-12-08,Returned
502040,20226,2025-08-08,Delivered
502041,20357,2025-08-14,Delivered
502042,20657,2025-01-31,Processing
502043,20400,2025-07-08,Delivered
502044,20328,2025-05-20,Delivered
502045,20518,2025-06-24,Delivered
502046,20616,2025-04-06,Delivered
502047,20016,2025-03-15,Delivered
502048,20891,2025-12-14,Delivered
502049,20917,2025-07-23,Delivered
502050,20603,2025-05-31,Delivered
502051,20575,2025-01-27,Delivered
502052,20695,2025-10-06,Delivered
502053,20441,2025-06-22,Cancelled
502054,20366,2025-05-22,Delivered
502055,20353,2025-09-01,Cancelled
502056,20160,2025-02-18,Delivered
502057,20842,2025-07-14,Delivered
502058,20321,2025-11-12,Delivered
502059,20285,2025-06-19,Delivered
502060,20965,2025-01-01,Delivered
502061,20507,2025-03-25,Cancelled
502062,20622,2025-01-21,Delivered
502063,20246,2025-07-02,Delivered
502064,20278,2025-05-14,Delivered
502065,20729,2025-02-18,Cancelled
502066,20451,2025-09-08,Delivered
502067,20148,2025-03-06,Delivered
502068,20836,2025-05-05,Delivered
502069,20403,2025-12-27,Returned
502070,20669,2025-01-25,Delivered
502071,20342,2025-04-01,Delivered
502072,20561,2025-04-27,Delivered
502073,20776,2025-07-05,Delivered
502074,20886,2025-03-31,Cancelled
502075,20208,2025-12-21,Delivered
502076,20673,2025-01-02,Delivered
502077,20915,2025-12-13,Processing
502078,20643,2025-07-15,Processing
502079,20144,2025-01-14,Returned
502080,20190,2025-02-12,Cancelled
502081,20203,2025-02-07,Delivered
502082,20107,2025-04-15,Processing
502083,20754,2025-05-02,Returned
502084,20966,2025-08-23,Delivered
502085,20517,2025-04-24,Delivered
502086,20599,2025-09-22,Delivered
502087,20774,2025-04-18,Delivered
502088,20416,2025-04-07,Delivered
502089,20473,2025-04-11,Delivered
502090,20590,2025-05-01,Delivered
502091,20305,2025-11-02,Delivered
502092,20062,2025-04-01,Delivered
502093,20568,2025-04-10,Processing
502094,20823,2025-12-16,Delivered
502095,20074,2025-08-27,Delivered
502096,20217,2025-03-11,Delivered
502097,20263,2025-11-13,Cancelled
502098,20805,2025-03-08,Cancelled
502099,20505,2025-03-01,Delivered
502100,20535,2025-06-12,Delivered
502101,20646,2025-09-10,Delivered
502102,20277,2025-03-11,Delivered
502103,20714,2025-10-02,Delivered
502104,20031,2025-02-27,Delivered
502105,20114,2025-10-13,Delivered
502106,20816,2025-02-04,Delivered
502107,20659,2025-06-19,Delivered
502108,20177,2025-08-22,Delivered
502109,20439,2025-04-07,Delivered
502110,20052,2025-08-12,Delivered
502111,20672,2025-09-09,Delivered
502112,20756,2025-08-26,Delivered
502113,20279,2025-05-25,Processing
502114,20351,2025-10-10,Delivered
502115,20237,2025-09-25,Delivered
502116,20390,2025-04-30,Delivered
502117,20273,2025-09-25,Delivered
502118,20248,2025-12-02,Returned
502119,20431,2025-10-26,Delivered
502120,20860,2025-09-25,Delivered
502121,20763,2025-10-07,Delivered
502122,20298,2025-10-21,Delivered
502123,20943,2025-04-16,Cancelled
502124,20211,2025-09-21,Delivered
502125,20911,2025-03-14,Delivered
502126,20310,2025-05-11,Delivered
502127,20541,2025-12-08,Delivered
502128,20204,2025-04-14,Delivered
502129,20763,2025-11-04,Cancelled
502130,20318,2025-06-04,Delivered
502131,20873,2025-03-18,Delivered
502132,20083,2025-02-05,Processing
502133,20503,2025-07-20,Delivered
502134,20159,2025-06-14,Delivered
502135,20889,2025-07-06,Delivered
502136,20418,2025-01-16,Delivered
502137,20675,2025-04-08,Delivered
502138,20880,2025-01-02,Delivered
502139,20536,2025-04-21,Delivered
502140,20058,2025-12-06,Returned
502141,20221,2025-02-25,Delivered
502142,20213,2025-09-09,Delivered
502143,20915,2025-01-03,Processing
502144,20909,2025-07-25,Delivered
502145,20477,2025-12-03,Delivered
502146,20891,2025-05-05,Delivered
502147,20247,2025-03-13,Delivered
502148,20680,2025-07-28,Delivered
502149,20392,2025-04-12,Delivered
502150,20241,2025-11-22,Delivered
502151,20251,2025-11-06,Delivered
502152,20420,2025-08-27,Delivered
502153,20340,2025-08-22,Delivered
502154,20212,2025-08-08,Delivered
502155,20335,2025-09-26,Delivered
502156,20129,2025-06-17,Delivered
502157,20970,2025-12-20,Delivered
502158,20380,2025-05-07,Cancelled
502159,20108,2025-01-04,Cancelled
502160,20576,2025-09-12,Delivered
502161,20884,2025-08-30,Processing
502162,20360,2025-12-25,Cancelled
502163,20846,2025-05-25,Delivered
502164,20611,2025-06-05,Delivered
502165,20740,2025-07-25,Delivered
502166,20297,2025-05-24,Delivered
502167,20037,2025-10-14,Delivered
502168,20346,2025-06-06,Delivered
502169,20925,2025-10-14,Delivered
502170,20791,2025-06-05,Delivered
502171,20785,2025-03-24,Cancelled
502172,20879,2025-12-28,Delivered
502173,20374,2025-07-12,Delivered
502174,20323,2025-09-15,Delivered
502175,20926,2025-08-04,Delivered
502176,20572,2025-05-12,Delivered
502177,20298,2025-12-21,Delivered
502178,20279,2025-05-16,Delivered
502179,20878,2025-12-29,Delivered
502180,20054,2025-06-07,Delivered
502181,20062,2025-01-09,Delivered
502182,20738,2025-01-14,Delivered
502183,20002,2025-12-22,Delivered
502184,20172,2025-07-12,Delivered
502185,20991,2025-05-22,Delivered
502186,20426,2025-10-24,Delivered
502187,20728,2025-08-14,Delivered
502188,20488,2025-08-30,Delivered
502189,20091,2025-09-08,Delivered
502190,20185,2025-03-14,Delivered
502191,20762,2025-02-02,Delivered
502192,20095,2025-09-23,Delivered
502193,20595,2025-01-08,Delivered
502194,20349,2025-09-20,Delivered
502195,20371,2025-02-17,Delivered
502196,20953,2025-04-06,Delivered
502197,20606,2025-09-16,Delivered
502198,20616,2025-08-16,Delivered
502199,20351,2025-10-13,Delivered
502200,20382,2025-08-11,Returned
502201,20686,2025-01-18,Delivered
502202,20039,2025-11-03,Delivered
502203,20238,2025-03-20,Delivered
502204,20601,2025-02-19,Delivered
502205,20624,2025-11-17,Delivered
502206,20093,2025-03-13,Delivered
502207,20788,2025-07-15,Delivered
502208,20543,2025-06-27,Delivered
502209,20238,2025-10-08,Delivered
502210,20752,2025-01-17,Delivered
502211,20991,2025-02-08,Delivered
502212,20424,2025-06-01,Delivered
502213,20284,2025-06-22,Delivered
502214,20300,2025-10-15,Delivered
502215,20593,2025-08-10,Delivered
502216,20048,2025-02-24,Cancelled
502217,20484,2025-12-24,Delivered
502218,20025,2025-06-17,Delivered
502219,20039,2025-12-19,Delivered
502220,20431,2025-12-28,Delivered
502221,20746,2025-01-19,Delivered
502222,20884,2025-07-04,Delivered
502223,20088,2025-06-04,Delivered
502224,20245,2025-07-01,Delivered
502225,20422,2025-04-24,Processing
502226,20575,2025-07-23,Delivered
502227,20988,2025-06-29,Delivered
502228,20685,2025-03-09,Delivered
502229,20539,2025-04-16,Delivered
502230,20061,2025-02-23,Cancelled
502231,20081,2025-11-04,Delivered
502232,20154,2025-09-05,Returned
502233,20661,2025-05-22,Delivered
502234,20332,2025-05-25,Delivered
502235,20241,2025-01-29,Delivered
502236,20671,2025-04-16,Delivered
502237,20816,2025-12-04,Returned
502238,20440,2025-01-12,Delivered
502239,20882,2025-02-23,Delivered
502240,20735,2025-11-05,Delivered
502241,20717,2025-07-09,Delivered
502242,20868,2025-01-12,Delivered
502243,20184,2025-06-28,Delivered
502244,20759,2025-10-01,Delivered
502245,20958,2025-05-06,Cancelled
502246,20993,2025-05-20,Delivered
502247,20579,2025-08-19,Delivered
502248,20755,2025-08-07,Delivered
502249,20889,2025-11-26,Cancelled
502250,20853,2025-04-01,Processing
502251,20898,2025-04-11,Delivered
502252,20833,2025-02-26,Delivered
502253,20382,2025-08-31,Delivered
502254,20731,2025-07-14,Delivered
502255,20411,2025-05-07,Delivered
502256,20802,2025-09-11,Delivered
502257,20811,2025-05-18,Cancelled
502258,20935,2025-03-13,Delivered
502259,20589,2025-07-17,Delivered
502260,20476,2025-06-09,Delivered
502261,20166,2025-05-28,Delivered
502262,20639,2025-06-12,Delivered
502263,20567,2025-11-30,Delivered
502264,20515,2025-03-20,Delivered
502265,20677,2025-04-11,Delivered
502266,20852,2025-07-26,Delivered
502267,20149,2025-01-18,Delivered
502268,20432,2025-02-23,Delivered
502269,20723,2025-07-26,Delivered
502270,20820,2025-07-06,Delivered
502271,20779,2025-08-27,Delivered
502272,20800,2025-02-11,Delivered
502273,20856,2025-11-08,Delivered
502274,20962,2025-06-27,Returned
502275,20609,2025-02-26,Delivered
502276,20249,2025-04-24,Delivered
502277,20564,2025-03-25,Delivered
502278,20710,2025-06-15,Delivered
502279,20101,2025-06-21,Delivered
502280,20757,2025-06-08,Returned
502281,20545,2025-06-18,Delivered
502282,20937,2025-11-28,Cancelled
502283,20212,2025-12-17,Delivered
502284,20907,2025-06-28,Delivered
502285,20449,2025-12-18,Delivered
502286,20574,2025-10-26,Delivered
502287,20661,2025-10-27,Cancelled
502288,20580,2025-03-24,Cancelled
502289,20904,2025-06-10,Delivered
502290,20168,2025-05-09,Delivered
502291,20730,2025-02-05,Delivered
502292,20975,2025-01-28,Delivered
502293,20221,2025-08-16,Delivered
502294,20256,2025-06-03,Delivered
502295,20476,2025-10-29,Delivered
502296,20725,2025-09-02,Cancelled
502297,20959,2025-02-01,Delivered
502298,20796,2025-11-02,Delivered
502299,20795,2025-07-01,Delivered
502300,20442,2025-07-26,Returned
502301,20646,2025-12-19,Delivered
502302,20212,2025-08-22,Delivered
502303,20464,2025-01-09,Delivered
502304,20189,2025-03-06,Cancelled
502305,20028,2025-06-05,Delivered
502306,20857,2025-01-14,Cancelled
502307,20805,2025-03-03,Delivered
502308,20511,2025-10-16,Delivered
502309,20015,2025-02-22,Delivered
502310,20091,2025-03-02,Returned
502311,20112,2025-07-04,Delivered
502312,20718,2025-02-03,Delivered
502313,20204,2025-04-04,Delivered
502314,20251,2025-12-09,Delivered
502315,20862,2025-08-19,Delivered
502316,20877,2025-12-18,Delivered
502317,20764,2025-05-10,Delivered
502318,20310,2025-08-13,Delivered
502319,20580,2025-03-29,Delivered
502320,20201,2025-05-19,Cancelled
502321,20858,2025-03-05,Delivered
502322,20085,2025-11-01,Delivered
502323,20745,2025-03-09,Cancelled
502324,20512,2025-03-16,Delivered
502325,20758,2025-06-19,Delivered
502326,20451,2025-06-06,Delivered
502327,20159,2025-04-25,Delivered
502328,20752,2025-05-11,Delivered
502329,20632,2025-04-18,Delivered
502330,20465,2025-11-30,Cancelled
502331,20373,2025-07-31,Delivered
502332,20344,2025-12-02,Delivered
502333,20482,2025-12-27,Delivered
502334,20262,2025-08-26,Delivered
502335,20283,2025-10-29,Delivered
502336,20279,2025-02-10,Processing
502337,20013,2025-12-13,Delivered
502338,20928,2025-06-26,Delivered
502339,20237,2025-09-18,Delivered
502340,20166,2025-03-31,Delivered
502341,20152,2025-02-04,Delivered
502342,20989,2025-11-19,Delivered
502343,20477,2025-06-14,Delivered
502344,20327,2025-02-20,Delivered
502345,20404,2025-08-29,Cancelled
502346,20089,2025-01-20,Delivered
502347,20314,2025-06-14,Delivered
502348,20249,2025-09-15,Delivered
502349,20804,2025-09-20,Delivered
502350,20059,2025-06-15,Delivered
502351,20426,2025-05-16,Returned
502352,20791,2025-11-03,Delivered
502353,20834,2025-03-09,Delivered
502354,20513,2025-01-28,Delivered
502355,20223,2025-02-27,Delivered
502356,20337,2025-10-20,Delivered
502357,20223,2025-06-21,Delivered
502358,20663,2025-01-14,Delivered
502359,20293,2025-03-03,Delivered
502360,20631,2025-01-11,Delivered
502361,20656,2025-10-25,Delivered
502362,20940,2025-06-18,Processing
502363,20371,2025-01-25,Delivered
502364,20962,2025-03-22,Delivered
502365,20401,2025-08-14,Delivered
502366,20681,2025-08-05,Delivered
502367,20662,2025-10-27,Delivered
502368,20818,2025-01-10,Delivered
502369,20470,2025-01-26,Delivered
502370,20793,2025-01-13,Delivered
502371,20356,2025-05-24,Delivered
502372,20492,2025-09-23,Delivered
502373,20500,2025-08-30,Delivered
502374,20705,2025-03-18,Processing
502375,20619,2025-08-28,Delivered
502376,20079,2025-08-28,Delivered
502377,20810,2025-03-11,Delivered
502378,20759,2025-10-01,Delivered
502379,20105,2025-06-04,Delivered
502380,20962,2025-01-22,Delivered
502381,20661,2025-05-23,Delivered
502382,20085,2025-10-08,Delivered
502383,20492,2025-09-12,Processing
502384,20837,2025-04-08,Delivered
502385,20280,2025-10-04,Delivered
502386,20933,2025-05-23,Delivered
502387,20419,2025-06-17,Delivered
502388,20227,2025-02-01,Cancelled
502389,20357,2025-12-30,Delivered
502390,20525,2025-11-03,Delivered
502391,20689,2025-03-13,Delivered
502392,20928,2025-07-24,Delivered
502393,20195,2025-10-12,Processing
502394,20961,2025-07-04,Delivered
502395,20528,2025-03-18,Delivered
502396,20128,2025-12-20,Processing
502397,20927,2025-04-09,Cancelled
502398,20350,2025-05-03,Delivered
502399,20621,2025-05-16,Delivered
502400,20699,2025-11-22,Delivered
502401,20014,2025-07-02,Delivered
502402,20222,2025-09-20,Delivered
502403,20687,2025-11-25,Delivered
502404,20325,2025-12-05,Delivered
502405,20010,2025-11-09,Delivered
502406,20024,2025-11-28,Delivered
502407,20827,2025-12-13,Delivered
502408,20154,2025-12-28,Delivered
502409,20101,2025-08-23,Delivered
502410,20563,2025-02-18,Delivered
502411,20119,2025-02-11,Delivered
502412,20654,2025-10-18,Delivered
502413,20545,2025-04-26,Delivered
502414,20649,2025-10-21,Delivered
502415,20492,2025-12-08,Delivered
502416,20779,2025-08-24,Delivered
502417,20645,2025-10-06,Delivered
502418,20416,2025-04-12,Processing
502419,20016,2025-06-08,Delivered
502420,20274,2025-12-19,Delivered
502421,20132,2025-10-26,Delivered
502422,20016,2025-03-16,Delivered
502423,20274,2025-12-08,Delivered
502424,20207,2025-07-02,Delivered
502425,20077,2025-11-05,Returned
502426,20313,2025-07-10,Delivered
502427,20507,2025-08-09,Delivered
502428,20179,2025-03-01,Delivered
502429,20274,2025-05-04,Delivered
502430,20021,2025-09-21,Delivered
502431,20051,2025-11-04,Delivered
502432,20158,2025-02-02,Delivered
502433,20453,2025-01-29,Delivered
502434,20667,2025-09-10,Processing
502435,20789,2025-06-13,Delivered
502436,20630,2025-11-06,Delivered
502437,20617,2025-01-25,Returned
502438,20936,2025-05-08,Delivered
502439,20256,2025-01-13,Cancelled
502440,20799,2025-09-16,Delivered
502441,20937,2025-11-10,Delivered
502442,20568,2025-02-27,Delivered
502443,20841,2025-04-29,Delivered
502444,20138,2025-11-05,Delivered
502445,20879,2025-01-16,Processing
502446,20565,2025-12-14,Returned
502447,20222,2025-11-20,Cancelled
502448,20062,2025-02-25,Delivered
502449,20720,2025-02-20,Delivered
502450,20431,2025-09-10,Delivered
502451,20311,2025-01-04,Delivered
502452,20391,2025-07-04,Delivered
502453,20992,2025-01-25,Delivered
502454,20428,2025-07-13,Delivered
502455,20079,2025-05-08,Delivered
502456,20280,2025-09-15,Delivered
502457,20146,2025-11-18,Delivered
502458,20686,2025-06-28,Delivered
502459,20801,2025-08-23,Processing
502460,20841,2025-08-08,Delivered
502461,20633,2025-12-26,Delivered
502462,20769,2025-03-26,Delivered
502463,20418,2025-03-29,Delivered
502464,20628,2025-05-19,Delivered
502465,20107,2025-09-26,Cancelled
502466,20539,2025-11-12,Delivered
502467,20558,2025-04-12,Delivered
502468,20032,2025-02-10,Delivered
502469,20549,2025-08-11,Delivered
502470,20723,2025-08-07,Processing
502471,20368,2025-05-17,Cancelled
502472,20545,2025-03-09,Delivered
502473,20287,2025-11-07,Delivered
502474,20271,2025-11-05,Delivered
502475,20130,2025-09-30,Delivered
502476,20328,2025-07-31,Returned
502477,20804,2025-04-06,Delivered
502478,20936,2025-05-28,Processing
502479,20636,2025-01-25,Delivered
502480,20625,2025-04-02,Delivered
502481,20614,2025-06-14,Delivered
502482,20476,2025-06-09,Returned
502483,20424,2025-01-30,Delivered
502484,20621,2025-12-16,Delivered
502485,20785,2025-04-08,Delivered
502486,20414,2025-07-05,Delivered
502487,20566,2025-06-19,Delivered
502488,20471,2025-06-21,Delivered
502489,20286,2025-11-05,Delivered
502490,20291,2025-09-30,Delivered
502491,20079,2025-11-13,Delivered
502492,20440,2025-05-19,Delivered
502493,20713,2025-04-07,Delivered
502494,20686,2025-06-06,Processing
502495,20986,2025-07-24,Delivered
502496,20040,2025-05-03,Delivered
502497,20761,2025-06-17,Delivered
502498,20796,2025-02-25,Cancelled
502499,20437,2025-08-02,Delivered
502500,20283,2025-09-18,Delivered
502501,20358,2025-07-12,Delivered
502502,20683,2025-11-15,Delivered
502503,20863,2025-12-30,Delivered
502504,20643,2025-11-27,Delivered
502505,20515,2025-02-03,Cancelled
502506,20653,2025-11-18,Delivered
502507,20071,2025-05-02,Delivered
502508,20609,2025-06-14,Processing
502509,20043,2025-05-31,Delivered
502510,20960,2025-04-14,Delivered
502511,20890,2025-11-17,Processing
502512,20509,2025-08-21,Delivered
502513,20375,2025-12-19,Returned
502514,20733,2025-12-15,Delivered
502515,20638,2025-06-03,Delivered
502516,20706,2025-09-23,Delivered
502517,20516,2025-07-03,Delivered
502518,20237,2025-06-30,Returned
502519,20074,2025-09-27,Cancelled
502520,20284,2025-09-09,Delivered
502521,20529,2025-11-29,Delivered
502522,20425,2025-10-09,Delivered
502523,20507,2025-08-16,Delivered
502524,20278,2025-12-02,Cancelled
502525,20938,2025-02-07,Delivered
502526,20367,2025-10-06,Delivered
502527,20847,2025-05-24,Returned
502528,20391,2025-06-08,Delivered
502529,20444,2025-10-13,Delivered
502530,20604,2025-04-10,Delivered
502531,20264,2025-11-19,Delivered
502532,20220,2025-07-02,Delivered
502533,20380,2025-05-08,Delivered
502534,20805,2025-04-30,Delivered
502535,20145,2025-06-03,Delivered
502536,20438,2025-12-11,Delivered
502537,20673,2025-02-07,Delivered
502538,20707,2025-07-05,Processing
502539,20435,2025-11-01,Delivered
502540,20082,2025-06-22,Delivered
502541,20016,2025-07-26,Cancelled
502542,20470,2025-05-08,Delivered
502543,20811,2025-02-19,Delivered
502544,20029,2025-08-22,Cancelled
502545,20888,2025-12-02,Delivered
502546,20676,2025-07-09,Delivered
502547,20009,2025-06-07,Delivered
502548,20344,2025-02-17,Delivered
502549,20221,2025-12-11,Delivered
502550,20950,2025-11-14,Delivered
502551,20555,2025-11-26,Delivered
502552,20325,2025-05-12,Cancelled
502553,20279,2025-08-17,Delivered
502554,20564,2025-06-07,Delivered
502555,20006,2025-03-27,Delivered
502556,20258,2025-03-17,Returned
502557,20166,2025-05-21,Delivered
502558,20621,2025-07-21,Delivered
502559,20670,2025-02-14,Delivered
502560,20468,2025-09-14,Delivered
502561,20141,2025-06-17,Delivered
502562,20371,2025-11-18,Cancelled
502563,20843,2025-04-12,Delivered
502564,20204,2025-01-19,Delivered
502565,20164,2025-04-24,Delivered
502566,20112,2025-12-22,Delivered
502567,20817,2025-04-28,Delivered
502568,20120,2025-09-14,Delivered
502569,20582,2025-11-04,Delivered
502570,21000,2025-04-14,Delivered
502571,20642,2025-08-23,Delivered
502572,20413,2025-03-16,Delivered
502573,20207,2025-05-13,Delivered
502574,20002,2025-04-19,Delivered
502575,20156,2025-09-03,Delivered
502576,20953,2025-11-16,Processing
502577,20144,2025-04-03,Returned
502578,20020,2025-04-17,Cancelled
502579,20817,2025-10-27,Cancelled
502580,20419,2025-06-18,Delivered
502581,20357,2025-07-07,Delivered
502582,20718,2025-09-15,Delivered
502583,20524,2025-02-20,Cancelled
502584,20915,2025-11-15,Delivered
502585,20468,2025-05-14,Delivered
502586,20713,2025-08-29,Delivered
502587,20879,2025-06-07,Delivered
502588,20464,2025-10-02,Delivered
502589,20285,2025-08-12,Delivered
502590,20975,2025-03-05,Delivered
502591,20227,2025-03-10,Cancelled
502592,20040,2025-11-17,Delivered
502593,20579,2025-07-09,Delivered
502594,20987,2025-04-11,Delivered
502595,20087,2025-02-22,Delivered
502596,20850,2025-02-16,Delivered
502597,20831,2025-12-02,Delivered
502598,20929,2025-12-23,Delivered
502599,20422,2025-05-24,Delivered
502600,20255,2025-03-15,Delivered
502601,20513,2025-06-02,Returned
502602,20143,2025-02-19,Delivered
502603,20843,2025-07-20,Delivered
502604,20664,2025-08-17,Delivered
502605,20484,2025-12-26,Delivered
502606,20516,2025-04-27,Returned
502607,20713,2025-03-14,Delivered
502608,20524,2025-02-18,Delivered
502609,20840,2025-05-18,Delivered
502610,20925,2025-08-08,Delivered
502611,20950,2025-01-25,Delivered
502612,20621,2025-10-05,Delivered
502613,20743,2025-06-17,Delivered
502614,20312,2025-10-17,Delivered
502615,20039,2025-06-19,Delivered
502616,20401,2025-02-26,Delivered
502617,20872,2025-01-08,Delivered
502618,20134,2025-07-23,Delivered
502619,20546,2025-07-16,Delivered
502620,20193,2025-10-24,Delivered
502621,20430,2025-11-17,Delivered
502622,20144,2025-02-28,Delivered
502623,20735,2025-04-25,Delivered
502624,20811,2025-03-17,Delivered
502625,20759,2025-02-08,Delivered
502626,20705,2025-01-01,Delivered
502627,20236,2025-01-31,Delivered
502628,20531,2025-07-11,Delivered
502629,20105,2025-02-25,Delivered
502630,20375,2025-03-13,Delivered
502631,20506,2025-02-13,Delivered
502632,20669,2025-09-22,Delivered
502633,20097,2025-08-21,Delivered
502634,20813,2025-12-18,Delivered
502635,20459,2025-02-10,Delivered
502636,20882,2025-03-18,Delivered
502637,20528,2025-06-16,Delivered
502638,20548,2025-08-25,Delivered
502639,20693,2025-02-17,Delivered
502640,20820,2025-03-19,Delivered
502641,20158,2025-06-03,Delivered
502642,20512,2025-01-07,Delivered
502643,20030,2025-05-25,Delivered
502644,20475,2025-10-04,Delivered
502645,20814,2025-07-12,Delivered
502646,20866,2025-06-08,Delivered
502647,20284,2025-06-28,Cancelled
502648,20387,2025-12-12,Delivered
502649,20552,2025-07-09,Delivered
502650,20396,2025-07-15,Delivered
502651,20179,2025-12-06,Delivered
502652,20305,2025-02-27,Delivered
502653,20405,2025-02-05,Delivered
502654,20519,2025-06-14,Delivered
502655,20921,2025-04-27,Delivered
502656,20545,2025-03-16,Delivered
502657,20388,2025-02-13,Delivered
502658,20661,2025-11-17,Delivered
502659,20774,2025-08-13,Delivered
502660,20431,2025-09-10,Returned
502661,20490,2025-02-13,Delivered
502662,20218,2025-05-05,Processing
502663,20865,2025-08-15,Returned
502664,20867,2025-07-12,Delivered
502665,20175,2025-09-11,Delivered
502666,20347,2025-09-02,Delivered
502667,20272,2025-05-31,Cancelled
502668,20923,2025-10-13,Delivered
502669,20066,2025-04-05,Delivered
502670,20208,2025-01-30,Returned
502671,20315,2025-11-30,Cancelled
502672,20561,2025-01-09,Processing
502673,20249,2025-04-14,Delivered
502674,20537,2025-02-11,Delivered
502675,20748,2025-03-26,Delivered
502676,20829,2025-05-25,Delivered
502677,20100,2025-02-17,Delivered
502678,20139,2025-06-20,Delivered
502679,20096,2025-12-05,Delivered
502680,20910,2025-02-19,Delivered
502681,20653,2025-12-05,Delivered
502682,20532,2025-05-31,Cancelled
502683,20791,2025-08-05,Delivered
502684,20587,2025-06-11,Delivered
502685,20236,2025-04-26,Delivered
502686,20511,2025-02-09,Delivered
502687,20704,2025-08-05,Delivered
502688,20037,2025-12-01,Delivered
502689,20607,2025-07-10,Delivered
502690,20498,2025-08-07,Processing
502691,20070,2025-08-23,Delivered
502692,20264,2025-05-22,Cancelled
502693,20449,2025-02-14,Delivered
502694,20343,2025-07-05,Processing
502695,20291,2025-11-14,Delivered
502696,20650,2025-04-25,Delivered
502697,20405,2025-11-15,Cancelled
502698,20498,2025-11-08,Cancelled
502699,20799,2025-03-31,Delivered
502700,20094,2025-07-29,Delivered
502701,20360,2025-09-30,Delivered
502702,20074,2025-06-30,Delivered
502703,20928,2025-09-13,Cancelled
502704,20186,2025-11-29,Delivered
502705,20820,2025-08-17,Delivered
502706,20191,2025-11-02,Delivered
502707,20325,2025-10-20,Delivered
502708,20609,2025-10-24,Delivered
502709,20832,2025-11-08,Delivered
502710,20178,2025-03-24,Processing
502711,20214,2025-01-07,Delivered
502712,20882,2025-02-25,Delivered
502713,20322,2025-04-02,Delivered
502714,20210,2025-09-09,Delivered
502715,20744,2025-07-06,Cancelled
502716,20092,2025-06-21,Delivered
502717,20867,2025-01-04,Delivered
502718,20876,2025-09-07,Delivered
502719,20857,2025-05-13,Delivered
502720,20296,2025-10-05,Delivered
502721,20115,2025-02-11,Delivered
502722,20426,2025-04-18,Delivered
502723,20335,2025-01-20,Delivered
502724,20960,2025-04-14,Processing
502725,20632,2025-12-04,Delivered
502726,20945,2025-06-29,Cancelled
502727,20751,2025-06-10,Delivered
502728,20715,2025-04-10,Delivered
502729,20112,2025-04-07,Processing
502730,20069,2025-09-01,Delivered
502731,20047,2025-12-26,Delivered
502732,20594,2025-09-30,Delivered
502733,20202,2025-09-27,Delivered
502734,20990,2025-06-22,Delivered
502735,20133,2025-02-06,Delivered
502736,20947,2025-09-22,Delivered
502737,20668,2025-10-23,Delivered
502738,20107,2025-07-06,Delivered
502739,20059,2025-02-03,Delivered
502740,20396,2025-09-18,Cancelled
502741,20339,2025-12-03,Delivered
502742,20316,2025-03-24,Cancelled
502743,20529,2025-02-28,Delivered
502744,20130,2025-09-27,Delivered
502745,20130,2025-05-02,Delivered
502746,20695,2025-09-19,Returned
502747,20991,2025-09-14,Delivered
502748,20274,2025-04-08,Returned
502749,20932,2025-01-16,Delivered
502750,20345,2025-07-22,Delivered
502751,20336,2025-05-29,Delivered
502752,20091,2025-11-09,Processing
502753,20424,2025-05-11,Delivered
502754,20498,2025-04-02,Processing
502755,20664,2025-11-10,Delivered
502756,20159,2025-09-26,Cancelled
502757,20189,2025-08-14,Delivered
502758,20433,2025-12-15,Delivered
502759,20070,2025-10-13,Delivered
502760,20144,2025-11-13,Cancelled
502761,20630,2025-10-19,Delivered
502762,20954,2025-05-27,Delivered
502763,20573,2025-01-23,Delivered
502764,20145,2025-08-10,Delivered
502765,20991,2025-10-07,Delivered
502766,20522,2025-12-28,Delivered
502767,20717,2025-09-06,Delivered
502768,20197,2025-07-27,Delivered
502769,20579,2025-07-30,Delivered
502770,20077,2025-02-11,Delivered
502771,20626,2025-01-03,Cancelled
502772,20203,2025-01-17,Delivered
502773,20910,2025-11-27,Delivered
502774,20055,2025-10-16,Delivered
502775,20653,2025-04-05,Delivered
502776,20140,2025-06-04,Delivered
502777,20688,2025-06-26,Delivered
502778,20494,2025-04-01,Delivered
502779,20968,2025-06-04,Delivered
502780,20652,2025-05-07,Processing
502781,20372,2025-09-11,Delivered
502782,20088,2025-10-04,Delivered
502783,20596,2025-02-05,Delivered
502784,20442,2025-06-19,Delivered
502785,20053,2025-12-28,Delivered
502786,20582,2025-11-14,Delivered
502787,20210,2025-10-17,Delivered
502788,20235,2025-09-26,Delivered
502789,20009,2025-01-02,Delivered
502790,20373,2025-12-22,Delivered
502791,20219,2025-09-26,Delivered
502792,20072,2025-11-21,Delivered
502793,20435,2025-11-28,Delivered
502794,20221,2025-04-03,Delivered
502795,20135,2025-01-06,Delivered
502796,20467,2025-08-29,Delivered
502797,20064,2025-06-17,Delivered
502798,20991,2025-01-08,Delivered
502799,20471,2025-04-09,Delivered
502800,20997,2025-12-28,Delivered
502801,20882,2025-05-13,Delivered
502802,20980,2025-04-06,Returned
502803,20543,2025-08-27,Delivered
502804,20424,2025-08-31,Delivered
502805,20720,2025-05-02,Delivered
502806,20081,2025-11-06,Delivered
502807,20841,2025-07-31,Delivered
502808,20324,2025-02-28,Delivered
502809,20008,2025-04-29,Returned
502810,20238,2025-11-06,Delivered
502811,20243,2025-02-02,Returned
502812,20015,2025-01-05,Delivered
502813,20669,2025-08-28,Delivered
502814,20096,2025-06-11,Delivered
502815,20847,2025-04-03,Delivered
502816,20454,2025-06-22,Delivered
502817,20719,2025-03-09,Delivered
502818,20340,2025-05-17,Delivered
502819,20132,2025-03-27,Delivered
502820,20181,2025-08-03,Delivered
502821,20646,2025-09-03,Delivered
502822,20717,2025-11-30,Delivered
502823,20268,2025-01-25,Delivered
502824,20358,2025-04-30,Delivered
502825,20946,2025-04-07,Delivered
502826,20852,2025-07-31,Processing
502827,20414,2025-07-14,Delivered
502828,20241,2025-11-17,Delivered
502829,20302,2025-12-02,Delivered
502830,20539,2025-10-10,Delivered
502831,20567,2025-03-14,Delivered
502832,20185,2025-01-15,Delivered
502833,20066,2025-11-25,Delivered
502834,20496,2025-12-11,Delivered
502835,20798,2025-04-02,Delivered
502836,20153,2025-01-18,Delivered
502837,20409,2025-09-06,Delivered
502838,20162,2025-08-03,Delivered
502839,20243,2025-11-21,Delivered
502840,20613,2025-07-30,Delivered
502841,20287,2025-10-05,Delivered
502842,20264,2025-10-15,Delivered
502843,20996,2025-01-04,Delivered
502844,20173,2025-02-24,Delivered
502845,20190,2025-10-12,Delivered
502846,20930,2025-03-07,Processing
502847,20551,2025-03-17,Delivered
502848,20044,2025-10-02,Returned
502849,20425,2025-03-16,Returned
502850,20566,2025-02-24,Delivered
502851,20254,2025-01-05,Delivered
502852,20549,2025-06-21,Delivered
502853,20649,2025-08-21,Processing
502854,20251,2025-09-25,Delivered
502855,20813,2025-11-27,Delivered
502856,20453,2025-08-26,Delivered
502857,20964,2025-10-04,Cancelled
502858,20088,2025-03-18,Delivered
502859,20325,2025-05-05,Delivered
502860,20722,2025-04-21,Delivered
502861,20895,2025-01-24,Delivered
502862,20222,2025-12-20,Cancelled
502863,20981,2025-03-30,Delivered
502864,20194,2025-06-13,Delivered
502865,20417,2025-05-11,Delivered
502866,20315,2025-01-17,Delivered
502867,20425,2025-11-26,Delivered
502868,20903,2025-03-22,Delivered
502869,20733,2025-02-06,Delivered
502870,20797,2025-05-05,Delivered
502871,20254,2025-02-22,Processing
502872,20947,2025-12-31,Delivered
502873,20436,2025-03-10,Delivered
502874,20652,2025-04-21,Delivered
502875,20698,2025-04-09,Delivered
502876,20663,2025-01-10,Cancelled
502877,20602,2025-01-05,Delivered
502878,20481,2025-07-07,Delivered
502879,20648,2025-03-26,Delivered
502880,20906,2025-01-31,Delivered
502881,20390,2025-04-17,Delivered
502882,20511,2025-04-11,Delivered
502883,20181,2025-06-04,Delivered
502884,20356,2025-12-29,Cancelled
502885,20773,2025-04-23,Delivered
502886,20641,2025-09-15,Delivered
502887,20212,2025-10-08,Delivered
502888,20547,2025-01-19,Delivered
502889,20812,2025-07-02,Delivered
502890,20125,2025-06-13,Cancelled
502891,20062,2025-07-05,Processing
502892,20393,2025-03-04,Delivered
502893,20657,2025-06-19,Delivered
502894,20314,2025-02-14,Delivered
502895,20822,2025-12-12,Delivered
502896,20847,2025-08-03,Delivered
502897,20533,2025-01-13,Delivered
502898,20379,2025-07-04,Delivered
502899,20042,2025-12-05,Processing
502900,20822,2025-09-29,Delivered
502901,20896,2025-04-10,Delivered
502902,20443,2025-11-22,Delivered
502903,20517,2025-03-09,Processing
502904,20754,2025-04-01,Delivered
502905,20696,2025-02-26,Returned
502906,20136,2025-12-03,Cancelled
502907,20673,2025-09-19,Delivered
502908,20925,2025-07-09,Delivered
502909,20751,2025-09-01,Delivered
502910,20481,2025-04-05,Delivered
502911,20524,2025-01-26,Delivered
502912,20260,2025-11-05,Delivered
502913,20661,2025-12-18,Delivered
502914,20242,2025-01-13,Delivered
502915,20342,2025-01-19,Delivered
502916,20266,2025-07-24,Delivered
502917,20336,2025-01-16,Delivered
502918,20367,2025-09-21,Delivered
502919,20083,2025-12-12,Delivered
502920,20718,2025-04-13,Delivered
502921,20441,2025-04-18,Delivered
502922,20950,2025-11-12,Delivered
502923,20181,2025-05-11,Delivered
502924,20670,2025-03-29,Delivered
502925,20180,2025-01-31,Returned
502926,20548,2025-11-03,Delivered
502927,20491,2025-12-04,Delivered
502928,20449,2025-01-29,Delivered
502929,20655,2025-10-21,Delivered
502930,20829,2025-02-28,Processing
502931,20317,2025-02-20,Returned
502932,20850,2025-05-20,Delivered
502933,20185,2025-06-09,Delivered
502934,20294,2025-11-08,Delivered
502935,20311,2025-09-13,Cancelled
502936,20954,2025-02-22,Delivered
502937,20119,2025-08-02,Processing
502938,20396,2025-11-16,Delivered
502939,20425,2025-08-30,Delivered
502940,20801,2025-03-25,Delivered
502941,20486,2025-02-17,Delivered
502942,20967,2025-06-15,Delivered
502943,20741,2025-06-22,Delivered
502944,20704,2025-05-09,Delivered
502945,20753,2025-02-09,Delivered
502946,20162,2025-02-13,Delivered
502947,20450,2025-07-13,Delivered
502948,20587,2025-12-11,Delivered
502949,20209,2025-08-07,Delivered
502950,20119,2025-06-09,Processing
502951,20136,2025-12-06,Returned
502952,20790,2025-09-09,Delivered
502953,20657,2025-09-20,Delivered
502954,20282,2025-07-29,Delivered
502955,20738,2025-10-06,Delivered
502956,20696,2025-07-03,Cancelled
502957,20817,2025-08-16,Delivered
502958,20911,2025-08-14,Delivered
502959,20883,2025-10-02,Delivered
502960,20182,2025-11-24,Delivered
502961,20770,2025-04-18,Returned
502962,20393,2025-09-13,Delivered
502963,20404,2025-01-12,Returned
502964,20648,2025-07-14,Delivered
502965,20603,2025-11-25,Delivered
502966,20420,2025-08-24,Returned
502967,21000,2025-04-08,Delivered
502968,20175,2025-08-10,Delivered
502969,20097,2025-05-11,Delivered
502970,20030,2025-06-08,Cancelled
502971,20815,2025-03-25,Delivered
502972,20407,2025-08-17,Delivered
502973,20438,2025-03-14,Delivered
502974,20650,2025-06-11,Delivered
502975,20436,2025-12-09,Delivered
502976,20574,2025-10-04,Delivered
502977,20059,2025-06-01,Delivered
502978,20157,2025-12-20,Cancelled
502979,20933,2025-01-06,Delivered
502980,20451,2025-12-17,Returned
502981,20168,2025-05-09,Delivered
502982,20370,2025-10-27,Delivered
502983,20335,2025-12-12,Delivered
502984,20275,2025-08-08,Delivered
502985,20294,2025-08-11,Delivered
502986,20730,2025-10-01,Delivered
502987,20107,2025-03-29,Delivered
502988,20310,2025-03-06,Delivered
502989,20468,2025-05-06,Delivered
502990,20541,2025-06-24,Delivered
502991,20881,2025-09-29,Delivered
502992,20924,2025-04-04,Delivered
502993,20298,2025-07-26,Delivered
502994,20540,2025-01-02,Delivered
502995,20023,2025-01-12,Delivered
502996,20618,2025-12-19,Delivered
502997,20153,2025-11-07,Delivered
502998,20074,2025-11-12,Processing
502999,20672,2025-04-30,Delivered
503000,20179,2025-07-07,Delivered
503001,20478,2025-09-04,Delivered
503002,20101,2025-04-03,Delivered
503003,20746,2025-09-29,Delivered
503004,20765,2025-09-10,Delivered
503005,20575,2025-05-29,Delivered
503006,20836,2025-06-08,Delivered
503007,20437,2025-04-23,Delivered
503008,20187,2025-10-21,Delivered
503009,20152,2025-12-27,Delivered
503010,20220,2025-12-31,Cancelled
503011,20201,2025-10-09,Delivered
503012,20324,2025-05-08,Delivered
503013,20215,2025-10-13,Cancelled
503014,20592,2025-03-31,Delivered
503015,20149,2025-11-24,Delivered
503016,20622,2025-04-08,Delivered
503017,20335,2025-05-28,Delivered
503018,20687,2025-02-04,Returned
503019,20513,2025-01-30,Returned
503020,20906,2025-05-24,Delivered
503021,20440,2025-07-20,Delivered
503022,20296,2025-01-07,Delivered
503023,20590,2025-11-05,Cancelled
503024,20659,2025-02-11,Delivered
503025,20440,2025-12-31,Delivered
503026,20560,2025-04-10,Delivered
503027,20471,2025-05-19,Delivered
503028,20306,2025-02-28,Delivered
503029,20314,2025-10-28,Processing
503030,20908,2025-09-25,Delivered
503031,20676,2025-01-29,Delivered
503032,20096,2025-02-08,Delivered
503033,20963,2025-08-11,Returned
503034,20713,2025-11-13,Delivered
503035,20051,2025-02-10,Delivered
503036,20728,2025-03-22,Delivered
503037,20590,2025-07-19,Delivered
503038,20916,2025-02-09,Delivered
503039,20490,2025-04-22,Cancelled
503040,20519,2025-01-04,Delivered
503041,20315,2025-07-02,Delivered
503042,20322,2025-09-19,Delivered
503043,20618,2025-05-31,Processing
503044,20828,2025-04-04,Delivered
503045,20891,2025-06-04,Delivered
503046,20771,2025-07-05,Delivered
503047,20610,2025-03-02,Processing
503048,20501,2025-02-10,Cancelled
503049,20340,2025-03-08,Delivered
503050,20768,2025-12-26,Delivered
503051,20319,2025-09-21,Delivered
503052,20268,2025-02-15,Cancelled
503053,20868,2025-04-20,Delivered
503054,20590,2025-05-31,Processing
503055,20355,2025-03-08,Delivered
503056,20866,2025-11-07,Delivered
503057,20963,2025-12-10,Delivered
503058,20318,2025-03-31,Delivered
503059,20522,2025-01-07,Delivered
503060,20484,2025-04-08,Delivered
503061,20702,2025-08-01,Delivered
503062,20952,2025-10-23,Delivered
503063,20549,2025-05-04,Delivered
503064,20799,2025-04-10,Delivered
503065,20596,2025-04-01,Delivered
503066,20888,2025-01-02,Delivered
503067,20405,2025-01-06,Delivered
503068,20386,2025-06-06,Delivered
503069,20423,2025-08-14,Delivered
503070,20997,2025-01-05,Delivered
503071,20612,2025-03-15,Delivered
503072,20153,2025-11-29,Delivered
503073,20041,2025-12-28,Processing
503074,20519,2025-08-23,Delivered
503075,20806,2025-07-10,Delivered
503076,20480,2025-08-01,Delivered
503077,20561,2025-05-16,Delivered
503078,20799,2025-03-15,Delivered
503079,20517,2025-05-18,Delivered
503080,20909,2025-09-13,Delivered
503081,20638,2025-08-30,Delivered
503082,20732,2025-09-05,Delivered
503083,20782,2025-08-11,Delivered
503084,20627,2025-01-23,Delivered
503085,20051,2025-08-17,Returned
503086,20428,2025-11-18,Delivered
503087,20142,2025-08-25,Delivered
503088,20511,2025-07-31,Delivered
503089,20144,2025-03-23,Delivered
503090,20510,2025-10-17,Delivered
503091,20344,2025-06-14,Delivered
503092,20021,2025-04-06,Cancelled
503093,20125,2025-06-28,Delivered
503094,20504,2025-02-14,Cancelled
503095,20079,2025-12-05,Delivered
503096,20856,2025-09-14,Delivered
503097,20759,2025-04-30,Cancelled
503098,20710,2025-10-17,Cancelled
503099,20173,2025-01-20,Delivered
503100,20796,2025-05-21,Processing
503101,20635,2025-08-26,Cancelled
503102,20391,2025-01-09,Delivered
503103,20001,2025-09-16,Delivered
503104,20529,2025-10-26,Delivered
503105,20796,2025-08-05,Delivered
503106,20034,2025-03-17,Delivered
503107,20053,2025-10-01,Delivered
503108,20383,2025-05-04,Delivered
503109,20512,2025-09-26,Cancelled
503110,20475,2025-08-18,Cancelled
503111,20427,2025-02-04,Delivered
503112,20256,2025-02-06,Delivered
503113,20060,2025-01-06,Delivered
503114,20032,2025-01-27,Delivered
503115,20099,2025-04-20,Delivered
503116,20691,2025-01-10,Delivered
503117,20786,2025-12-09,Processing
503118,20436,2025-12-01,Delivered
503119,20078,2025-03-05,Delivered
503120,20416,2025-04-24,Delivered
503121,20986,2025-09-28,Cancelled
503122,20250,2025-08-30,Delivered
503123,20492,2025-08-01,Delivered
503124,20538,2025-12-28,Delivered
503125,20330,2025-08-18,Delivered
503126,20439,2025-09-02,Delivered
503127,20472,2025-07-03,Delivered
503128,20474,2025-07-11,Delivered
503129,20718,2025-04-17,Delivered
503130,20581,2025-07-10,Delivered
503131,20054,2025-12-02,Delivered
503132,20007,2025-05-18,Delivered
503133,20411,2025-02-18,Delivered
503134,20908,2025-08-07,Delivered
503135,20037,2025-10-14,Processing
503136,20072,2025-12-16,Processing
503137,20680,2025-07-17,Delivered
503138,20451,2025-10-15,Delivered
503139,20231,2025-04-02,Delivered
503140,20208,2025-06-04,Cancelled
503141,20666,2025-06-02,Delivered
503142,20524,2025-05-02,Delivered
503143,20639,2025-09-19,Delivered
503144,20281,2025-11-19,Processing
503145,20527,2025-04-30,Delivered
503146,20861,2025-02-19,Delivered
503147,20317,2025-10-29,Delivered
503148,20397,2025-11-07,Delivered
503149,20164,2025-12-08,Delivered
503150,20639,2025-04-04,Delivered
503151,20033,2025-09-20,Returned
503152,20249,2025-09-19,Delivered
503153,20714,2025-10-16,Delivered
503154,20020,2025-10-22,Delivered
503155,20990,2025-12-14,Delivered
503156,20405,2025-06-24,Delivered
503157,20399,2025-01-28,Delivered
503158,20537,2025-03-12,Cancelled
503159,20640,2025-11-20,Delivered
503160,20460,2025-11-05,Delivered
503161,20885,2025-01-05,Delivered
503162,20963,2025-05-15,Delivered
503163,20201,2025-03-31,Delivered
503164,20707,2025-04-28,Delivered
503165,20301,2025-08-22,Delivered
503166,20996,2025-07-06,Delivered
503167,20254,2025-06-25,Cancelled
503168,20296,2025-06-08,Delivered
503169,20715,2025-08-23,Returned
503170,20790,2025-09-07,Returned
503171,20129,2025-01-16,Delivered
503172,20556,2025-02-20,Delivered
503173,20346,2025-05-05,Delivered
503174,20612,2025-06-09,Cancelled
503175,20557,2025-12-30,Delivered
503176,20986,2025-11-22,Delivered
503177,20934,2025-08-25,Delivered
503178,20654,2025-01-14,Delivered
503179,20680,2025-02-06,Delivered
503180,20899,2025-06-16,Delivered
503181,20184,2025-08-03,Delivered
503182,20726,2025-08-30,Delivered
503183,20773,2025-02-21,Delivered
503184,20128,2025-11-21,Delivered
503185,20882,2025-06-30,Delivered
503186,20700,2025-08-05,Delivered
503187,20348,2025-01-15,Cancelled
503188,20485,2025-10-28,Delivered
503189,20490,2025-07-18,Delivered
503190,20919,2025-03-23,Delivered
503191,20970,2025-04-27,Delivered
503192,20807,2025-05-09,Delivered
503193,20653,2025-01-10,Delivered
503194,20105,2025-12-10,Delivered
503195,20915,2025-10-21,Processing
503196,20134,2025-11-20,Cancelled
503197,20167,2025-05-10,Delivered
503198,20070,2025-07-23,Delivered
503199,20948,2025-06-17,Delivered
503200,20494,2025-06-23,Delivered
503201,20236,2025-08-03,Returned
503202,20081,2025-06-14,Delivered
503203,20412,2025-10-10,Delivered
503204,20724,2025-01-22,Processing
503205,20995,2025-03-12,Delivered
503206,20553,2025-11-22,Delivered
503207,20608,2025-11-19,Delivered
503208,20836,2025-10-26,Delivered
503209,20902,2025-05-15,Returned
503210,20280,2025-06-16,Cancelled
503211,20992,2025-01-10,Delivered
503212,20520,2025-04-12,Delivered
503213,20931,2025-09-23,Delivered
503214,20118,2025-05-06,Delivered
503215,20098,2025-06-25,Delivered
503216,20885,2025-02-14,Delivered
503217,20673,2025-07-01,Delivered
503218,20176,2025-09-21,Delivered
503219,20895,2025-07-28,Delivered
503220,20103,2025-07-23,Returned
503221,20683,2025-11-30,Delivered
503222,20206,2025-03-27,Delivered
503223,20071,2025-04-20,Delivered
503224,20807,2025-08-16,Delivered
503225,20848,2025-06-25,Delivered
503226,20106,2025-12-24,Delivered
503227,20094,2025-01-22,Delivered
503228,20615,2025-02-14,Delivered
503229,20029,2025-05-05,Delivered
503230,20747,2025-06-17,Delivered
503231,20916,2025-11-22,Processing
503232,20752,2025-06-30,Delivered
503233,20231,2025-06-09,Delivered
503234,20191,2025-03-02,Delivered
503235,20681,2025-06-08,Delivered
503236,20062,2025-07-14,Delivered
503237,20538,2025-08-02,Delivered
503238,20449,2025-08-10,Delivered
503239,20745,2025-06-06,Delivered
503240,20203,2025-02-27,Delivered
503241,20763,2025-02-25,Delivered
503242,20700,2025-02-26,Delivered
503243,20239,2025-08-14,Delivered
503244,20357,2025-11-09,Delivered
503245,20067,2025-11-19,Delivered
503246,20450,2025-04-24,Delivered
503247,20261,2025-01-30,Delivered
503248,20114,2025-08-19,Delivered
503249,20560,2025-01-15,Delivered
503250,20568,2025-08-17,Delivered
503251,20086,2025-05-20,Delivered
503252,20186,2025-11-03,Delivered
503253,20083,2025-08-17,Delivered
503254,20679,2025-09-28,Delivered
503255,20339,2025-05-29,Delivered
503256,20072,2025-11-03,Returned
503257,20192,2025-07-11,Delivered
503258,20976,2025-08-17,Delivered
503259,20256,2025-05-12,Delivered
503260,20685,2025-06-14,Delivered
503261,20469,2025-11-03,Delivered
503262,20182,2025-05-24,Delivered
503263,20308,2025-01-08,Delivered
503264,20015,2025-05-19,Delivered
503265,20747,2025-05-24,Cancelled
503266,20335,2025-06-02,Delivered
503267,20500,2025-01-26,Delivered
503268,20153,2025-02-17,Delivered
503269,20825,2025-04-29,Delivered
503270,20219,2025-06-04,Delivered
503271,20567,2025-01-11,Delivered
503272,20873,2025-05-23,Delivered
503273,20714,2025-04-27,Delivered
503274,20604,2025-01-13,Delivered
503275,20889,2025-04-02,Delivered
503276,20177,2025-04-11,Delivered
503277,20964,2025-02-22,Delivered
503278,20557,2025-10-02,Delivered
503279,20410,2025-01-27,Delivered
503280,20256,2025-07-30,Processing
503281,20745,2025-08-31,Delivered
503282,20977,2025-10-22,Delivered
503283,20691,2025-07-19,Delivered
503284,20033,2025-07-18,Delivered
503285,20470,2025-10-05,Processing
503286,20733,2025-11-08,Delivered
503287,20398,2025-03-18,Delivered
503288,20773,2025-10-18,Delivered
503289,20708,2025-06-18,Delivered
503290,20068,2025-02-05,Delivered
503291,20558,2025-08-12,Delivered
503292,20172,2025-12-23,Cancelled
503293,20487,2025-02-21,Delivered
503294,20385,2025-01-06,Cancelled
503295,20807,2025-12-01,Cancelled
503296,20869,2025-08-06,Delivered
503297,20462,2025-03-21,Delivered
503298,20537,2025-10-17,Cancelled
503299,20627,2025-05-24,Delivered
503300,20656,2025-05-02,Delivered
503301,20636,2025-04-16,Delivered
503302,20784,2025-08-07,Delivered
503303,20982,2025-02-19,Cancelled
503304,20829,2025-05-13,Delivered
503305,20135,2025-04-22,Delivered
503306,20477,2025-01-23,Processing
503307,20462,2025-10-06,Delivered
503308,20509,2025-01-04,Delivered
503309,20529,2025-12-17,Delivered
503310,20719,2025-02-04,Delivered
503311,20422,2025-05-11,Delivered
503312,20264,2025-02-05,Delivered
503313,20458,2025-05-14,Delivered
503314,20855,2025-08-11,Delivered
503315,20312,2025-02-01,Delivered
503316,20021,2025-07-11,Delivered
503317,20977,2025-10-09,Delivered
503318,20196,2025-06-16,Delivered
503319,20603,2025-02-11,Delivered
503320,20801,2025-09-10,Returned
503321,20275,2025-03-10,Delivered
503322,20341,2025-01-07,Delivered
503323,20281,2025-06-09,Delivered
503324,20150,2025-04-09,Delivered
503325,20153,2025-01-11,Returned
503326,20187,2025-10-11,Processing
503327,20459,2025-08-07,Delivered
503328,20531,2025-11-29,Delivered
503329,20016,2025-06-25,Delivered
503330,20847,2025-06-09,Delivered
503331,20676,2025-11-04,Delivered
503332,20071,2025-01-30,Delivered
503333,20843,2025-05-13,Delivered
503334,20031,2025-10-19,Delivered
503335,20561,2025-04-17,Delivered
503336,20466,2025-11-20,Delivered
503337,20503,2025-04-14,Delivered
503338,20957,2025-05-31,Returned
503339,20928,2025-11-24,Cancelled
503340,20280,2025-03-30,Delivered
503341,20580,2025-12-20,Delivered
503342,20960,2025-01-17,Delivered
503343,20729,2025-04-08,Delivered
503344,20888,2025-08-04,Delivered
503345,20435,2025-08-05,Delivered
503346,20284,2025-11-29,Delivered
503347,20511,2025-12-17,Delivered
503348,20817,2025-09-05,Delivered
503349,20929,2025-08-29,Delivered
503350,20686,2025-04-26,Returned
503351,20707,2025-10-22,Delivered
503352,20512,2025-08-23,Returned
503353,20320,2025-01-09,Delivered
503354,20423,2025-10-31,Delivered
503355,20498,2025-05-12,Returned
503356,20816,2025-06-23,Processing
503357,20556,2025-06-27,Processing
503358,20794,2025-10-27,Delivered
503359,20028,2025-04-08,Delivered
503360,20757,2025-05-24,Delivered
503361,20508,2025-01-15,Delivered
503362,20999,2025-05-08,Returned
503363,20472,2025-02-02,Delivered
503364,20479,2025-08-01,Delivered
503365,20128,2025-11-23,Returned
503366,20807,2025-06-19,Processing
503367,20702,2025-11-29,Returned
503368,20863,2025-12-23,Delivered
503369,20093,2025-01-20,Delivered
503370,20212,2025-07-08,Processing
503371,20877,2025-07-12,Delivered
503372,20043,2025-05-21,Delivered
503373,20509,2025-10-31,Processing
503374,20405,2025-05-25,Delivered
503375,20940,2025-01-21,Delivered
503376,20857,2025-07-19,Delivered
503377,20897,2025-03-15,Delivered
503378,20290,2025-05-10,Returned
503379,20588,2025-07-03,Delivered
503380,20701,2025-09-21,Delivered
503381,20968,2025-04-12,Delivered
503382,20008,2025-05-19,Cancelled
503383,20978,2025-01-25,Returned
503384,20356,2025-05-21,Delivered
503385,20129,2025-07-31,Delivered
503386,20616,2025-08-14,Delivered
503387,20782,2025-04-18,Delivered
503388,20130,2025-01-23,Delivered
503389,20041,2025-07-30,Delivered
503390,20897,2025-08-28,Delivered
503391,20934,2025-02-01,Delivered
503392,20157,2025-07-04,Delivered
503393,20905,2025-02-04,Delivered
503394,20910,2025-06-15,Delivered
503395,20998,2025-08-22,Delivered
503396,20217,2025-09-20,Delivered
503397,20579,2025-09-18,Delivered
503398,20995,2025-10-04,Processing
503399,20903,2025-03-30,Delivered
503400,20605,2025-11-05,Cancelled
503401,20198,2025-05-08,Delivered
503402,20085,2025-05-17,Delivered
503403,20260,2025-10-15,Delivered
503404,20066,2025-04-30,Delivered
503405,20196,2025-01-28,Cancelled
503406,20075,2025-09-18,Cancelled
503407,20763,2025-08-30,Delivered
503408,20590,2025-08-01,Delivered
503409,20518,2025-02-22,Delivered
503410,20810,2025-08-19,Returned
503411,20411,2025-03-14,Delivered
503412,20403,2025-07-22,Delivered
503413,20207,2025-07-05,Cancelled
503414,20445,2025-10-10,Processing
503415,20175,2025-12-23,Delivered
503416,20590,2025-03-11,Delivered
503417,20998,2025-02-11,Delivered
503418,20534,2025-07-22,Delivered
503419,20300,2025-12-14,Delivered
503420,20689,2025-02-27,Cancelled
503421,20821,2025-06-27,Delivered
503422,20472,2025-05-29,Cancelled
503423,20251,2025-04-27,Delivered
503424,20714,2025-08-31,Delivered
503425,20188,2025-04-18,Processing
503426,20998,2025-06-29,Delivered
503427,20318,2025-11-05,Delivered
503428,20351,2025-05-19,Delivered
503429,20727,2025-01-08,Delivered
503430,20013,2025-11-20,Delivered
503431,20203,2025-04-11,Delivered
503432,20126,2025-10-10,Returned
503433,20392,2025-10-06,Processing
503434,20554,2025-07-12,Delivered
503435,20180,2025-02-02,Delivered
503436,20345,2025-12-13,Delivered
503437,20773,2025-09-06,Delivered
503438,20940,2025-06-04,Cancelled
503439,20015,2025-11-08,Delivered
503440,20628,2025-10-15,Returned
503441,20026,2025-10-05,Delivered
503442,20521,2025-03-03,Delivered
503443,20880,2025-08-19,Processing
503444,20799,2025-04-15,Delivered
503445,20233,2025-01-29,Cancelled
503446,20259,2025-05-04,Returned
503447,20784,2025-02-07,Delivered
503448,20820,2025-02-08,Delivered
503449,20281,2025-09-23,Delivered
503450,20004,2025-07-03,Cancelled
503451,20445,2025-05-26,Processing
503452,20620,2025-03-12,Delivered
503453,20444,2025-10-09,Delivered
503454,20935,2025-08-20,Delivered
503455,20814,2025-08-02,Delivered
503456,20788,2025-03-11,Delivered
503457,20021,2025-02-15,Cancelled
503458,20854,2025-02-15,Delivered
503459,20756,2025-01-10,Delivered
503460,20397,2025-12-20,Delivered
503461,20590,2025-05-15,Delivered
503462,20825,2025-08-29,Delivered
503463,20907,2025-12-25,Cancelled
503464,20551,2025-12-08,Delivered
503465,20042,2025-04-28,Delivered
503466,20619,2025-06-28,Delivered
503467,20681,2025-06-19,Delivered
503468,20059,2025-01-13,Delivered
503469,20818,2025-10-08,Returned
503470,20202,2025-07-29,Delivered
503471,20891,2025-05-16,Delivered
503472,20551,2025-07-23,Delivered
503473,20323,2025-09-26,Delivered
503474,20059,2025-01-06,Delivered
503475,20018,2025-08-24,Delivered
503476,20742,2025-11-11,Delivered
503477,20378,2025-09-23,Cancelled
503478,20841,2025-08-15,Delivered
503479,20231,2025-02-03,Delivered
503480,20921,2025-09-29,Delivered
503481,20942,2025-10-01,Processing
503482,20102,2025-06-30,Delivered
503483,20647,2025-08-01,Cancelled
503484,20940,2025-08-14,Delivered
503485,20324,2025-02-14,Processing
503486,20068,2025-04-04,Delivered
503487,20876,2025-10-17,Delivered
503488,20475,2025-12-22,Delivered
503489,20028,2025-04-09,Delivered
503490,20841,2025-05-27,Delivered
503491,20679,2025-12-01,Delivered
503492,20071,2025-03-01,Delivered
503493,20259,2025-04-06,Delivered
503494,20019,2025-01-21,Delivered
503495,20955,2025-03-27,Delivered
503496,20025,2025-08-21,Processing
503497,20796,2025-05-08,Delivered
503498,20512,2025-12-25,Delivered
503499,20583,2025-11-22,Cancelled
503500,20812,2025-11-23,Delivered
503501,20895,2025-09-23,Delivered
503502,20128,2025-09-14,Delivered
503503,20018,2025-07-06,Delivered
503504,20125,2025-12-28,Delivered
503505,20683,2025-02-04,Delivered
503506,20569,2025-09-21,Delivered
503507,20084,2025-02-21,Delivered
503508,20235,2025-05-04,Delivered
503509,20538,2025-04-04,Delivered
503510,20731,2025-08-08,Delivered
503511,20344,2025-10-15,Cancelled
503512,20950,2025-01-30,Delivered
503513,20993,2025-08-08,Delivered
503514,20767,2025-03-22,Delivered
503515,20455,2025-01-29,Cancelled
503516,20878,2025-06-02,Delivered
503517,20728,2025-08-01,Delivered
503518,20520,2025-03-15,Delivered
503519,20444,2025-05-23,Delivered
503520,20833,2025-12-15,Delivered
503521,20558,2025-05-07,Delivered
503522,20183,2025-12-30,Delivered
503523,21000,2025-11-01,Delivered
503524,20069,2025-05-16,Delivered
503525,20696,2025-07-30,Delivered
503526,20656,2025-09-16,Delivered
503527,20587,2025-06-19,Delivered
503528,20052,2025-05-29,Delivered
503529,20493,2025-05-01,Delivered
503530,20893,2025-02-20,Delivered
503531,20240,2025-01-10,Returned
503532,20692,2025-05-03,Delivered
503533,20859,2025-10-18,Delivered
503534,20953,2025-03-27,Delivered
503535,20517,2025-03-07,Processing
503536,20314,2025-04-30,Delivered
503537,20700,2025-08-07,Delivered
503538,20487,2025-03-20,Delivered
503539,20628,2025-03-22,Delivered
503540,20742,2025-02-11,Delivered
503541,20711,2025-05-02,Delivered
503542,20243,2025-03-21,Delivered
503543,20756,2025-10-31,Delivered
503544,20542,2025-11-27,Processing
503545,20931,2025-05-16,Delivered
503546,20660,2025-02-01,Returned
503547,20892,2025-02-01,Cancelled
503548,20979,2025-04-29,Returned
503549,20995,2025-06-19,Delivered
503550,20745,2025-07-12,Delivered
503551,20598,2025-04-22,Delivered
503552,20119,2025-05-10,Delivered
503553,20387,2025-04-14,Delivered
503554,20476,2025-07-08,Delivered
503555,20781,2025-09-12,Delivered
503556,20589,2025-01-16,Delivered
503557,20440,2025-06-24,Delivered
503558,20147,2025-08-25,Delivered
503559,20716,2025-09-03,Delivered
503560,20432,2025-07-25,Delivered
503561,20037,2025-07-11,Delivered
503562,20285,2025-09-06,Delivered
503563,20880,2025-05-19,Delivered
503564,20119,2025-07-27,Delivered
503565,20407,2025-04-27,Delivered
503566,20513,2025-06-09,Delivered
503567,20084,2025-02-15,Returned
503568,20166,2025-05-08,Cancelled
503569,20941,2025-02-21,Delivered
503570,20591,2025-03-24,Delivered
503571,20211,2025-06-03,Delivered
503572,20170,2025-07-02,Delivered
503573,20426,2025-12-10,Delivered
503574,20724,2025-01-10,Returned
503575,20731,2025-11-24,Cancelled
503576,20196,2025-04-30,Delivered
503577,20726,2025-09-22,Delivered
503578,20897,2025-09-05,Cancelled
503579,20227,2025-12-21,Delivered
503580,20027,2025-02-09,Delivered
503581,20959,2025-12-20,Delivered
503582,20522,2025-01-23,Delivered
503583,20777,2025-11-17,Delivered
503584,20321,2025-08-27,Processing
503585,20300,2025-06-25,Delivered
503586,20226,2025-05-26,Delivered
503587,20218,2025-02-04,Delivered
503588,20472,2025-10-20,Delivered
503589,20106,2025-09-23,Returned
503590,20843,2025-12-09,Delivered
503591,20512,2025-09-24,Delivered
503592,20916,2025-12-16,Delivered
503593,20503,2025-11-20,Delivered
503594,20304,2025-06-05,Cancelled
503595,20515,2025-09-14,Delivered
503596,20155,2025-04-07,Delivered
503597,20825,2025-10-18,Returned
503598,20721,2025-08-11,Delivered
503599,20148,2025-06-10,Delivered
503600,20582,2025-08-18,Delivered
503601,20538,2025-04-12,Delivered
503602,20202,2025-08-16,Delivered
503603,20123,2025-06-23,Delivered
503604,20761,2025-04-28,Delivered
503605,20265,2025-12-23,Delivered
503606,20519,2025-01-24,Delivered
503607,20248,2025-10-04,Delivered
503608,20654,2025-03-18,Delivered
503609,20049,2025-03-23,Delivered
503610,20360,2025-02-26,Delivered
503611,20548,2025-02-07,Delivered
503612,20440,2025-02-15,Delivered
503613,20613,2025-10-31,Delivered
503614,20181,2025-12-05,Delivered
503615,20442,2025-08-02,Delivered
503616,20757,2025-01-06,Delivered
503617,20334,2025-11-12,Delivered
503618,20158,2025-08-08,Delivered
503619,20848,2025-07-10,Delivered
503620,20779,2025-12-12,Delivered
503621,20681,2025-05-30,Delivered
503622,20799,2025-05-12,Delivered
503623,20779,2025-10-12,Delivered
503624,20747,2025-07-12,Delivered
503625,20510,2025-09-19,Delivered
503626,20020,2025-09-11,Delivered
503627,20598,2025-11-03,Cancelled
503628,20274,2025-04-26,Delivered
503629,20774,2025-01-27,Delivered
503630,20469,2025-06-24,Delivered
503631,20906,2025-08-25,Delivered
503632,20596,2025-10-26,Delivered
503633,20551,2025-04-08,Delivered
503634,20920,2025-09-30,Delivered
503635,20476,2025-10-31,Delivered
503636,20376,2025-10-23,Delivered
503637,20372,2025-10-22,Delivered
503638,20876,2025-12-27,Delivered
503639,20757,2025-08-30,Delivered
503640,20164,2025-05-16,Delivered
503641,20493,2025-06-09,Delivered
503642,20372,2025-09-30,Processing
503643,20647,2025-03-28,Delivered
503644,20053,2025-08-09,Cancelled
503645,20715,2025-07-29,Delivered
503646,20743,2025-09-01,Delivered
503647,20227,2025-06-03,Delivered
503648,20151,2025-09-28,Delivered
503649,20628,2025-01-27,Delivered
503650,20258,2025-10-01,Delivered
503651,20942,2025-10-24,Delivered
503652,20776,2025-11-20,Delivered
503653,20956,2025-12-03,Delivered
503654,20535,2025-05-08,Delivered
503655,20939,2025-01-17,Cancelled
503656,20014,2025-08-27,Delivered
503657,20290,2025-02-02,Delivered
503658,20003,2025-04-13,Delivered
503659,20678,2025-09-14,Delivered
503660,20511,2025-08-06,Delivered
503661,20288,2025-08-10,Delivered
503662,20305,2025-10-02,Delivered
503663,20644,2025-03-02,Delivered
503664,20181,2025-10-16,Delivered
503665,20515,2025-08-03,Delivered
503666,20614,2025-06-03,Delivered
503667,20240,2025-06-19,Delivered
503668,20229,2025-07-05,Delivered
503669,20355,2025-07-20,Delivered
503670,20593,2025-05-02,Delivered
503671,20255,2025-03-23,Delivered
503672,20380,2025-03-03,Cancelled
503673,20544,2025-05-05,Delivered
503674,20187,2025-04-06,Delivered
503675,20569,2025-07-08,Delivered
503676,20139,2025-11-29,Delivered
503677,20143,2025-02-09,Delivered
503678,20237,2025-04-23,Delivered
503679,20287,2025-01-18,Delivered
503680,20030,2025-12-22,Delivered
503681,20962,2025-09-13,Delivered
503682,20309,2025-03-30,Delivered
503683,20805,2025-06-01,Processing
503684,20902,2025-09-21,Delivered
503685,20801,2025-12-16,Delivered
503686,20832,2025-07-29,Delivered
503687,20101,2025-04-09,Delivered
503688,20373,2025-09-12,Delivered
503689,20747,2025-09-08,Delivered
503690,20576,2025-08-24,Delivered
503691,20006,2025-01-17,Delivered
503692,20568,2025-09-15,Delivered
503693,20805,2025-01-08,Delivered
503694,20829,2025-11-27,Delivered
503695,20384,2025-11-18,Cancelled
503696,20237,2025-07-25,Delivered
503697,20310,2025-08-24,Processing
503698,20297,2025-01-25,Returned
503699,20347,2025-11-16,Delivered
503700,20302,2025-04-09,Delivered
503701,20458,2025-04-06,Cancelled
503702,20041,2025-09-16,Delivered
503703,20276,2025-12-09,Delivered
503704,20315,2025-06-30,Delivered
503705,20154,2025-07-05,Delivered
503706,20878,2025-07-20,Cancelled
503707,20676,2025-04-17,Delivered
503708,20912,2025-08-06,Cancelled
503709,20562,2025-12-17,Delivered
503710,20110,2025-05-20,Delivered
503711,20905,2025-10-10,Delivered
503712,20459,2025-10-10,Processing
503713,20685,2025-11-07,Processing
503714,20382,2025-09-22,Cancelled
503715,20495,2025-12-03,Delivered
503716,20490,2025-09-18,Delivered
503717,20285,2025-12-23,Delivered
503718,20555,2025-09-19,Cancelled
503719,20734,2025-11-02,Delivered
503720,20021,2025-11-21,Delivered
503721,20131,2025-12-25,Delivered
503722,20843,2025-08-06,Delivered
503723,20570,2025-09-17,Delivered
503724,20974,2025-12-19,Delivered
503725,20605,2025-05-19,Delivered
503726,20654,2025-02-13,Delivered
503727,20900,2025-11-19,Delivered
503728,20661,2025-08-19,Delivered
503729,20330,2025-06-06,Delivered
503730,20528,2025-09-19,Delivered
503731,20236,2025-01-12,Delivered
503732,20335,2025-06-24,Delivered
503733,20681,2025-04-07,Delivered
503734,20149,2025-04-16,Cancelled
503735,20672,2025-12-20,Delivered
503736,20585,2025-07-20,Delivered
503737,20309,2025-02-21,Delivered
503738,20045,2025-05-14,Delivered
503739,20705,2025-03-30,Cancelled
503740,20825,2025-11-28,Processing
503741,20731,2025-04-17,Delivered
503742,20421,2025-05-11,Processing
503743,20654,2025-05-02,Delivered
503744,20415,2025-03-06,Delivered
503745,20359,2025-10-12,Delivered
503746,20328,2025-07-30,Delivered
503747,20211,2025-06-09,Delivered
503748,20970,2025-05-25,Delivered
503749,20667,2025-09-01,Delivered
503750,20175,2025-02-05,Delivered
503751,20866,2025-12-07,Delivered
503752,20152,2025-07-26,Delivered
503753,20594,2025-03-25,Delivered
503754,20166,2025-07-16,Delivered
503755,20362,2025-11-07,Delivered
503756,20659,2025-03-05,Delivered
503757,21000,2025-07-11,Delivered
503758,20992,2025-08-07,Delivered
503759,20896,2025-10-23,Delivered
503760,20236,2025-07-27,Processing
503761,20094,2025-09-26,Delivered
503762,20906,2025-10-10,Delivered
503763,20924,2025-11-22,Delivered
503764,20279,2025-05-12,Delivered
503765,20020,2025-09-14,Delivered
503766,20648,2025-04-01,Delivered
503767,20077,2025-11-05,Delivered
503768,20041,2025-12-14,Returned
503769,20938,2025-04-18,Delivered
503770,20496,2025-07-24,Delivered
503771,20113,2025-10-28,Cancelled
503772,20655,2025-01-10,Delivered
503773,20370,2025-09-15,Cancelled
503774,20537,2025-10-27,Delivered
503775,20899,2025-11-14,Delivered
503776,20238,2025-03-13,Returned
503777,20647,2025-10-04,Delivered
503778,20829,2025-10-14,Delivered
503779,20424,2025-01-02,Delivered
503780,20971,2025-09-15,Delivered
503781,20449,2025-08-17,Delivered
503782,20460,2025-12-20,Delivered
503783,20885,2025-01-16,Delivered
503784,20636,2025-12-19,Processing
503785,20869,2025-07-28,Delivered
503786,20791,2025-04-11,Delivered
503787,20713,2025-05-22,Cancelled
503788,20242,2025-10-07,Delivered
503789,20399,2025-12-30,Delivered
503790,20865,2025-04-26,Delivered
503791,20617,2025-12-26,Delivered
503792,20281,2025-08-18,Delivered
503793,20328,2025-03-12,Delivered
503794,20776,2025-08-07,Delivered
503795,20179,2025-10-20,Delivered
503796,20113,2025-01-20,Delivered
503797,20766,2025-01-29,Delivered
503798,20289,2025-01-02,Delivered
503799,20766,2025-07-28,Delivered
503800,20534,2025-01-22,Delivered
503801,20998,2025-12-07,Delivered
503802,20525,2025-02-16,Delivered
503803,20868,2025-01-27,Delivered
503804,20851,2025-04-05,Delivered
503805,20212,2025-10-06,Cancelled
503806,20997,2025-11-28,Delivered
503807,20746,2025-04-02,Cancelled
503808,20108,2025-07-09,Delivered
503809,20007,2025-10-10,Delivered
503810,20272,2025-10-18,Processing
503811,20017,2025-02-25,Delivered
503812,20358,2025-11-02,Delivered
503813,20997,2025-11-13,Delivered
503814,20479,2025-09-26,Delivered
503815,20024,2025-07-12,Delivered
503816,20494,2025-05-23,Delivered
503817,20220,2025-11-21,Delivered
503818,20857,2025-11-12,Delivered
503819,20091,2025-07-09,Delivered
503820,20771,2025-09-28,Delivered
503821,20446,2025-05-26,Delivered
503822,20019,2025-09-29,Delivered
503823,20674,2025-02-02,Delivered
503824,20456,2025-11-26,Delivered
503825,20772,2025-07-08,Returned
503826,20619,2025-08-07,Delivered
503827,20788,2025-03-11,Delivered
503828,20461,2025-07-12,Delivered
503829,20008,2025-01-02,Delivered
503830,20131,2025-11-21,Returned
503831,20459,2025-10-01,Delivered
503832,20398,2025-06-15,Delivered
503833,20795,2025-11-02,Delivered
503834,20412,2025-10-24,Delivered
503835,20861,2025-02-13,Delivered
503836,20188,2025-01-20,Delivered
503837,20385,2025-04-03,Cancelled
503838,20757,2025-01-01,Delivered
503839,20125,2025-07-29,Delivered
503840,20322,2025-07-12,Cancelled
503841,20752,2025-07-16,Delivered
503842,20589,2025-01-27,Delivered
503843,20779,2025-12-02,Delivered
503844,20516,2025-12-23,Cancelled
503845,20860,2025-08-04,Delivered
503846,20878,2025-01-03,Delivered
503847,20975,2025-05-25,Delivered
503848,20123,2025-09-20,Delivered
503849,20592,2025-10-01,Delivered
503850,20115,2025-03-30,Cancelled
503851,20229,2025-10-28,Delivered
503852,20301,2025-12-20,Delivered
503853,20647,2025-07-05,Delivered
503854,20432,2025-05-20,Delivered
503855,20865,2025-07-12,Delivered
503856,20299,2025-01-10,Delivered
503857,20618,2025-07-11,Delivered
503858,20764,2025-01-10,Delivered
503859,20981,2025-01-13,Delivered
503860,20246,2025-07-21,Delivered
503861,20734,2025-07-06,Cancelled
503862,20085,2025-12-27,Processing
503863,20544,2025-07-05,Delivered
503864,20414,2025-12-24,Delivered
503865,20959,2025-10-22,Delivered
503866,20774,2025-05-04,Delivered
503867,20928,2025-12-05,Delivered
503868,20851,2025-06-26,Delivered
503869,20411,2025-08-06,Cancelled
503870,20734,2025-02-06,Delivered
503871,20031,2025-03-19,Delivered
503872,20558,2025-07-10,Delivered
503873,20048,2025-04-10,Delivered
503874,20725,2025-08-07,Delivered
503875,20967,2025-01-30,Cancelled
503876,20682,2025-04-02,Delivered
503877,20840,2025-08-31,Delivered
503878,20235,2025-08-12,Delivered
503879,20994,2025-12-26,Delivered
503880,20551,2025-11-25,Delivered
503881,20675,2025-10-23,Delivered
503882,20771,2025-01-01,Delivered
503883,20640,2025-08-08,Delivered
503884,20318,2025-03-25,Delivered
503885,20612,2025-04-08,Delivered
503886,20654,2025-03-18,Delivered
503887,20858,2025-06-16,Delivered
503888,20482,2025-02-15,Cancelled
503889,20502,2025-07-14,Delivered
503890,20504,2025-03-02,Cancelled
503891,20115,2025-07-02,Delivered
503892,20091,2025-08-17,Delivered
503893,20021,2025-03-07,Delivered
503894,20667,2025-02-07,Delivered
503895,20419,2025-10-22,Delivered
503896,20866,2025-09-27,Delivered
503897,20703,2025-04-06,Processing
503898,20142,2025-11-20,Cancelled
503899,20101,2025-03-22,Delivered
503900,20367,2025-12-05,Delivered
503901,20921,2025-02-11,Delivered
503902,20049,2025-08-29,Delivered
503903,20188,2025-01-07,Delivered
503904,20030,2025-03-14,Delivered
503905,20414,2025-05-28,Delivered
503906,20990,2025-02-01,Delivered
503907,20684,2025-06-16,Delivered
503908,20494,2025-03-26,Processing
503909,20145,2025-02-06,Delivered
503910,20356,2025-12-18,Delivered
503911,20525,2025-12-25,Delivered
503912,20275,2025-12-18,Delivered
503913,20706,2025-02-26,Delivered
503914,20981,2025-05-20,Delivered
503915,20206,2025-04-30,Cancelled
503916,20253,2025-04-29,Delivered
503917,20127,2025-06-02,Delivered
503918,20726,2025-07-06,Delivered
503919,20462,2025-06-27,Cancelled
503920,20284,2025-04-17,Delivered
503921,20220,2025-12-24,Delivered
503922,20071,2025-12-24,Processing
503923,20477,2025-05-01,Delivered
503924,20684,2025-03-22,Delivered
503925,20236,2025-07-14,Delivered
503926,20002,2025-05-15,Delivered
503927,20474,2025-12-27,Processing
503928,20676,2025-06-06,Delivered
503929,20345,2025-01-15,Delivered
503930,20251,2025-02-15,Delivered
503931,20155,2025-01-28,Delivered
503932,20747,2025-05-20,Delivered
503933,20862,2025-04-26,Cancelled
503934,20770,2025-11-09,Delivered
503935,20519,2025-11-22,Cancelled
503936,20725,2025-02-21,Delivered
503937,20397,2025-12-11,Delivered
503938,20025,2025-08-02,Delivered
503939,20368,2025-04-22,Delivered
503940,20704,2025-05-29,Delivered
503941,20648,2025-06-11,Delivered
503942,20991,2025-03-04,Delivered
503943,20998,2025-11-13,Delivered
503944,20243,2025-01-05,Delivered
503945,20010,2025-01-26,Delivered
503946,20275,2025-04-10,Delivered
503947,20877,2025-02-22,Delivered
503948,20814,2025-01-23,Delivered
503949,20099,2025-05-20,Delivered
503950,20161,2025-05-18,Delivered
503951,20564,2025-02-15,Cancelled
503952,20661,2025-10-23,Delivered
503953,20983,2025-11-19,Delivered
503954,20756,2025-09-20,Cancelled
503955,20212,2025-07-10,Delivered
503956,20038,2025-12-12,Delivered
503957,20634,2025-05-08,Delivered
503958,20554,2025-06-05,Delivered
503959,20922,2025-01-06,Delivered
503960,20576,2025-09-16,Delivered
503961,20502,2025-02-03,Delivered
503962,20304,2025-08-31,Cancelled
503963,20087,2025-10-13,Delivered
503964,20877,2025-03-21,Delivered
503965,20827,2025-08-12,Delivered
503966,20163,2025-04-21,Delivered
503967,20704,2025-05-26,Delivered
503968,20365,2025-07-13,Processing
503969,20438,2025-04-02,Delivered
503970,20849,2025-10-18,Delivered
503971,20843,2025-05-25,Cancelled
503972,20191,2025-06-18,Delivered
503973,20308,2025-10-25,Delivered
503974,20822,2025-03-25,Delivered
503975,20917,2025-06-15,Delivered
503976,20080,2025-12-29,Delivered
503977,20834,2025-05-26,Delivered
503978,20490,2025-02-12,Delivered
503979,20591,2025-04-14,Delivered
503980,20076,2025-12-15,Delivered
503981,20681,2025-10-05,Cancelled
503982,20678,2025-10-23,Processing
503983,20663,2025-04-03,Delivered
503984,20791,2025-11-03,Returned
503985,20947,2025-05-24,Delivered
503986,20850,2025-10-18,Delivered
503987,20745,2025-11-18,Delivered
503988,20982,2025-03-17,Delivered
503989,20675,2025-12-09,Delivered
503990,20673,2025-08-19,Delivered
503991,20543,2025-09-24,Delivered
503992,20770,2025-10-04,Delivered
503993,20072,2025-03-03,Delivered
503994,20506,2025-09-30,Delivered
503995,20426,2025-03-19,Cancelled
503996,20913,2025-04-10,Processing
503997,20073,2025-02-12,Delivered
503998,20644,2025-03-08,Delivered
503999,20185,2025-12-24,Delivered
504000,20884,2025-04-30,Delivered
504001,20852,2025-05-22,Delivered
504002,20236,2025-06-25,Delivered
504003,20872,2025-09-18,Returned
504004,20497,2025-07-29,Delivered
504005,20972,2025-07-15,Delivered
504006,20730,2025-11-02,Delivered
504007,20035,2025-07-01,Delivered
504008,20203,2025-10-08,Delivered
504009,20404,2025-11-29,Delivered
504010,20212,2025-09-04,Delivered
504011,20133,2025-01-13,Cancelled
504012,20979,2025-04-07,Delivered
504013,20870,2025-08-14,Delivered
504014,20435,2025-06-24,Processing
504015,20216,2025-04-14,Delivered
504016,20182,2025-05-03,Delivered
504017,20916,2025-01-29,Delivered
504018,20332,2025-03-27,Delivered
504019,20013,2025-10-13,Delivered
504020,20398,2025-01-04,Delivered
504021,20455,2025-11-02,Delivered
504022,20624,2025-05-04,Delivered
504023,20339,2025-10-22,Delivered
504024,20924,2025-04-04,Delivered
504025,20644,2025-10-30,Cancelled
504026,20987,2025-07-28,Delivered
504027,20368,2025-11-07,Delivered
504028,20652,2025-01-23,Delivered
504029,20366,2025-10-19,Delivered
504030,20700,2025-04-09,Delivered
504031,20746,2025-05-11,Delivered
504032,20322,2025-01-17,Delivered
504033,20938,2025-12-15,Delivered
504034,20858,2025-08-23,Delivered
504035,20895,2025-12-25,Cancelled
504036,20218,2025-07-27,Delivered
504037,20718,2025-02-27,Delivered
504038,20107,2025-05-04,Processing
504039,20106,2025-06-10,Delivered
504040,20974,2025-02-23,Delivered
504041,20153,2025-12-06,Delivered
504042,20865,2025-12-16,Delivered
504043,20431,2025-07-25,Delivered
504044,20304,2025-08-02,Delivered
504045,20074,2025-09-14,Delivered
504046,20676,2025-09-05,Delivered
504047,20722,2025-01-23,Delivered
504048,20468,2025-07-13,Delivered
504049,20810,2025-10-11,Returned
504050,20324,2025-10-22,Processing
504051,20552,2025-08-06,Delivered
504052,20287,2025-11-24,Delivered
504053,20583,2025-08-02,Delivered
504054,20137,2025-05-20,Delivered
504055,20477,2025-06-11,Delivered
504056,20550,2025-09-09,Delivered
504057,20557,2025-11-20,Delivered
504058,20447,2025-03-25,Delivered
504059,20644,2025-04-18,Delivered
504060,20513,2025-08-26,Cancelled
504061,20284,2025-10-06,Delivered
504062,20216,2025-05-26,Delivered
504063,20648,2025-08-23,Delivered
504064,20939,2025-01-03,Delivered
504065,20754,2025-04-17,Delivered
504066,20639,2025-12-15,Delivered
504067,20922,2025-07-30,Delivered
504068,20900,2025-11-13,Delivered
504069,20507,2025-03-21,Delivered
504070,20110,2025-04-17,Processing
504071,20635,2025-12-22,Delivered
504072,20623,2025-12-31,Delivered
504073,20278,2025-11-17,Delivered
504074,20850,2025-04-26,Delivered
504075,20870,2025-10-20,Delivered
504076,20331,2025-06-17,Delivered
504077,20477,2025-11-05,Delivered
504078,20196,2025-11-07,Cancelled
504079,20179,2025-06-08,Delivered
504080,20266,2025-04-22,Delivered
504081,20366,2025-12-22,Delivered
504082,20273,2025-06-14,Delivered
504083,20152,2025-06-07,Delivered
504084,20448,2025-08-31,Delivered
504085,20624,2025-12-08,Delivered
504086,20326,2025-02-17,Delivered
504087,20534,2025-12-26,Delivered
504088,20272,2025-06-04,Returned
504089,20704,2025-01-10,Delivered
504090,20649,2025-04-23,Delivered
504091,20961,2025-06-18,Delivered
504092,20054,2025-09-05,Delivered
504093,20854,2025-07-26,Cancelled
504094,20341,2025-02-19,Processing
504095,20067,2025-06-28,Cancelled
504096,20690,2025-03-26,Cancelled
504097,20172,2025-04-09,Delivered
504098,20176,2025-09-17,Delivered
504099,20980,2025-10-21,Delivered
504100,20221,2025-02-27,Delivered
504101,20548,2025-08-08,Delivered
504102,20201,2025-06-04,Delivered
504103,20124,2025-05-03,Delivered
504104,20001,2025-09-18,Delivered
504105,20017,2025-04-01,Delivered
504106,20474,2025-10-07,Cancelled
504107,20435,2025-05-27,Delivered
504108,20039,2025-02-04,Delivered
504109,20350,2025-10-17,Delivered
504110,20273,2025-11-07,Delivered
504111,20572,2025-07-25,Delivered
504112,20995,2025-09-22,Delivered
504113,20692,2025-02-23,Delivered
504114,20919,2025-05-04,Delivered
504115,20193,2025-05-08,Delivered
504116,20216,2025-10-06,Delivered
504117,20751,2025-05-09,Delivered
504118,20311,2025-09-23,Delivered
504119,20849,2025-04-22,Delivered
504120,20464,2025-08-08,Delivered
504121,20201,2025-03-18,Delivered
504122,20845,2025-07-23,Delivered
504123,20551,2025-01-30,Delivered
504124,20803,2025-09-26,Delivered
504125,20453,2025-01-11,Cancelled
504126,20127,2025-12-31,Cancelled
504127,20682,2025-11-03,Delivered
504128,20125,2025-07-31,Delivered
504129,20664,2025-11-28,Delivered
504130,20417,2025-10-23,Processing
504131,20792,2025-02-22,Delivered
504132,20871,2025-09-29,Delivered
504133,20408,2025-05-18,Delivered
504134,20883,2025-11-09,Delivered
504135,20111,2025-11-12,Delivered
504136,20108,2025-12-15,Delivered
504137,20994,2025-06-14,Delivered
504138,20575,2025-03-12,Delivered
504139,20451,2025-02-15,Delivered
504140,20156,2025-03-02,Delivered
504141,20289,2025-12-29,Cancelled
504142,20687,2025-08-03,Delivered
504143,20822,2025-05-09,Processing
504144,20917,2025-06-13,Delivered
504145,20408,2025-03-05,Cancelled
504146,20455,2025-07-28,Returned
504147,20164,2025-06-05,Cancelled
504148,20084,2025-10-19,Delivered
504149,20438,2025-01-08,Delivered
504150,20580,2025-12-07,Delivered
504151,20105,2025-01-23,Delivered
504152,20409,2025-06-02,Delivered
504153,20642,2025-05-05,Processing
504154,20811,2025-09-20,Delivered
504155,20939,2025-08-29,Delivered
504156,20341,2025-03-13,Returned
504157,20392,2025-06-29,Delivered
504158,20875,2025-07-15,Delivered
504159,20694,2025-06-19,Delivered
504160,20274,2025-01-08,Delivered
504161,20686,2025-03-07,Cancelled
504162,20158,2025-07-03,Delivered
504163,20450,2025-04-06,Delivered
504164,20307,2025-07-19,Delivered
504165,20993,2025-03-01,Delivered
504166,20035,2025-09-26,Delivered
504167,20857,2025-03-10,Processing
504168,20282,2025-08-26,Delivered
504169,20037,2025-11-02,Delivered
504170,20661,2025-05-11,Delivered
504171,20679,2025-02-20,Delivered
504172,20143,2025-01-03,Delivered
504173,20039,2025-05-12,Delivered
504174,20112,2025-02-12,Delivered
504175,20409,2025-11-18,Returned
504176,20133,2025-12-22,Delivered
504177,20704,2025-12-24,Delivered
504178,20078,2025-12-03,Delivered
504179,20789,2025-08-03,Delivered
504180,20875,2025-04-29,Delivered
504181,20717,2025-06-12,Delivered
504182,20945,2025-04-05,Delivered
504183,20940,2025-11-03,Delivered
504184,20047,2025-06-09,Delivered
504185,20342,2025-05-21,Delivered
504186,20761,2025-09-09,Delivered
504187,20340,2025-05-17,Delivered
504188,20738,2025-05-11,Delivered
504189,20775,2025-03-24,Delivered
504190,20997,2025-01-25,Returned
504191,20330,2025-01-14,Delivered
504192,20348,2025-05-28,Delivered
504193,20025,2025-12-30,Delivered
504194,20286,2025-04-06,Delivered
504195,20281,2025-08-22,Delivered
504196,20454,2025-04-29,Delivered
504197,20422,2025-04-21,Delivered
504198,20857,2025-03-01,Delivered
504199,20774,2025-07-25,Delivered
504200,20729,2025-08-29,Delivered
504201,20006,2025-05-08,Delivered
504202,20472,2025-07-12,Delivered
504203,20730,2025-06-23,Delivered
504204,20245,2025-04-09,Delivered
504205,20425,2025-09-10,Delivered
504206,20728,2025-07-22,Delivered
504207,20795,2025-01-25,Delivered
504208,20855,2025-06-29,Delivered
504209,20430,2025-05-23,Delivered
504210,20400,2025-10-18,Delivered
504211,20383,2025-04-22,Delivered
504212,20669,2025-12-15,Delivered
504213,20420,2025-08-13,Delivered
504214,20401,2025-02-17,Delivered
504215,20169,2025-05-28,Delivered
504216,20479,2025-11-19,Delivered
504217,20238,2025-04-03,Delivered
504218,20525,2025-09-15,Delivered
504219,20889,2025-10-13,Delivered
504220,20776,2025-09-10,Cancelled
504221,20479,2025-02-02,Processing
504222,20978,2025-05-17,Delivered
504223,20981,2025-05-08,Returned
504224,20445,2025-05-06,Processing
504225,20764,2025-11-17,Delivered
504226,20343,2025-01-03,Delivered
504227,20879,2025-07-16,Delivered
504228,20374,2025-12-25,Delivered
504229,20259,2025-11-16,Delivered
504230,20134,2025-08-10,Delivered
504231,20843,2025-12-31,Delivered
504232,20297,2025-05-27,Delivered
504233,20814,2025-08-12,Delivered
504234,20087,2025-07-18,Delivered
504235,20501,2025-01-18,Delivered
504236,20428,2025-01-15,Delivered
504237,20439,2025-11-24,Delivered
504238,20168,2025-03-05,Delivered
504239,20074,2025-05-10,Delivered
504240,20347,2025-08-16,Delivered
504241,20471,2025-07-30,Delivered
504242,20794,2025-07-07,Delivered
504243,20463,2025-12-24,Delivered
504244,20246,2025-10-15,Delivered
504245,20263,2025-12-10,Delivered
504246,20612,2025-08-29,Cancelled
504247,20436,2025-12-24,Delivered
504248,20902,2025-08-08,Returned
504249,20440,2025-07-17,Delivered
504250,20567,2025-10-25,Delivered
504251,20064,2025-11-14,Returned
504252,20194,2025-01-25,Cancelled
504253,20851,2025-11-29,Delivered
504254,20345,2025-09-10,Delivered
504255,20422,2025-11-24,Delivered
504256,20591,2025-09-19,Delivered
504257,20058,2025-12-05,Delivered
504258,20507,2025-04-11,Delivered
504259,20347,2025-03-10,Delivered
504260,20149,2025-03-13,Delivered
504261,20419,2025-04-03,Delivered
504262,20447,2025-03-20,Delivered
504263,20187,2025-06-11,Delivered
504264,20544,2025-03-14,Cancelled
504265,20747,2025-02-27,Delivered
504266,20268,2025-07-11,Delivered
504267,20967,2025-10-17,Delivered
504268,20613,2025-02-19,Delivered
504269,20774,2025-07-06,Delivered
504270,20071,2025-08-29,Delivered
504271,20768,2025-09-15,Processing
504272,20337,2025-02-08,Processing
504273,20711,2025-09-25,Cancelled
504274,20805,2025-01-10,Delivered
504275,20251,2025-03-28,Delivered
504276,20260,2025-04-27,Delivered
504277,20060,2025-11-08,Delivered
504278,20606,2025-03-12,Delivered
504279,20775,2025-10-13,Delivered
504280,20411,2025-12-27,Delivered
504281,20161,2025-12-17,Delivered
504282,20317,2025-04-21,Delivered
504283,20403,2025-02-04,Delivered
504284,20917,2025-03-23,Delivered
504285,20125,2025-10-08,Delivered
504286,20344,2025-03-13,Delivered
504287,20639,2025-08-24,Delivered
504288,20237,2025-05-17,Delivered
504289,20885,2025-10-07,Delivered
504290,20910,2025-08-10,Delivered
504291,20381,2025-08-02,Delivered
504292,20746,2025-10-13,Cancelled
504293,20756,2025-12-15,Delivered
504294,20682,2025-05-14,Returned
504295,20187,2025-07-13,Delivered
504296,20050,2025-08-17,Delivered
504297,20348,2025-10-28,Processing
504298,20132,2025-06-25,Delivered
504299,20293,2025-05-17,Delivered
504300,20639,2025-11-05,Delivered
504301,20589,2025-12-14,Delivered
504302,20210,2025-07-27,Delivered
504303,20018,2025-02-07,Delivered
504304,20226,2025-04-16,Delivered
504305,20455,2025-06-18,Delivered
504306,20780,2025-09-14,Delivered
504307,20366,2025-09-02,Delivered
504308,20286,2025-10-27,Delivered
504309,20552,2025-01-11,Delivered
504310,20072,2025-06-19,Processing
504311,20226,2025-09-13,Delivered
504312,20037,2025-12-27,Delivered
504313,20526,2025-02-21,Delivered
504314,20444,2025-11-17,Delivered
504315,20583,2025-01-03,Delivered
504316,20618,2025-03-13,Delivered
504317,20396,2025-11-06,Delivered
504318,20869,2025-10-15,Delivered
504319,20919,2025-12-22,Delivered
504320,20111,2025-08-08,Delivered
504321,20921,2025-08-13,Cancelled
504322,20197,2025-07-15,Cancelled
504323,20249,2025-07-06,Returned
504324,20530,2025-07-07,Delivered
504325,20030,2025-04-17,Processing
504326,20365,2025-11-08,Delivered
504327,20195,2025-05-11,Delivered
504328,20483,2025-08-11,Delivered
504329,20815,2025-09-02,Processing
504330,20925,2025-07-16,Delivered
504331,20213,2025-08-12,Delivered
504332,20545,2025-01-18,Delivered
504333,20475,2025-04-26,Delivered
504334,20416,2025-06-13,Delivered
504335,20633,2025-05-24,Delivered
504336,20990,2025-11-28,Delivered
504337,20406,2025-11-24,Delivered
504338,20066,2025-09-17,Delivered
504339,20916,2025-05-09,Delivered
504340,20933,2025-01-19,Cancelled
504341,20323,2025-10-03,Delivered
504342,20502,2025-11-19,Delivered
504343,20863,2025-06-28,Delivered
504344,20504,2025-10-29,Delivered
504345,20482,2025-12-06,Cancelled
504346,20922,2025-07-19,Delivered
504347,20829,2025-03-18,Cancelled
504348,20508,2025-01-09,Processing
504349,20162,2025-10-04,Delivered
504350,20439,2025-07-25,Delivered
504351,20677,2025-02-26,Delivered
504352,20273,2025-01-20,Delivered
504353,20538,2025-12-20,Delivered
504354,20659,2025-04-27,Delivered
504355,20086,2025-04-30,Delivered
504356,20570,2025-08-18,Delivered
504357,20738,2025-05-14,Delivered
504358,20215,2025-11-30,Delivered
504359,20549,2025-09-06,Delivered
504360,20710,2025-05-11,Delivered
504361,20045,2025-04-08,Cancelled
504362,20645,2025-11-10,Delivered
504363,20260,2025-08-04,Delivered
504364,20398,2025-12-02,Processing
504365,20649,2025-05-06,Cancelled
504366,20005,2025-01-08,Delivered
504367,20017,2025-11-25,Delivered
504368,20447,2025-03-29,Delivered
504369,20950,2025-11-05,Delivered
504370,20007,2025-09-17,Delivered
504371,20789,2025-03-26,Delivered
504372,20075,2025-10-04,Delivered
504373,20489,2025-01-30,Delivered
504374,20431,2025-05-24,Delivered
504375,20469,2025-05-11,Delivered
504376,20082,2025-08-28,Delivered
504377,20754,2025-07-15,Delivered
504378,20276,2025-08-12,Delivered
504379,20772,2025-06-23,Delivered
504380,20656,2025-09-28,Delivered
504381,20552,2025-02-28,Delivered
504382,20309,2025-09-20,Delivered
504383,20653,2025-01-19,Returned
504384,20998,2025-02-01,Delivered
504385,20924,2025-09-22,Delivered
504386,20917,2025-02-27,Delivered
504387,20220,2025-10-09,Delivered
504388,20586,2025-02-18,Delivered
504389,20398,2025-02-23,Delivered
504390,20967,2025-12-07,Cancelled
504391,20951,2025-03-06,Delivered
504392,20869,2025-11-30,Delivered
504393,20163,2025-05-08,Delivered
504394,20319,2025-10-19,Delivered
504395,20712,2025-12-09,Delivered
504396,20750,2025-02-12,Delivered
504397,20351,2025-05-01,Delivered
504398,20137,2025-07-29,Delivered
504399,20137,2025-11-12,Returned
504400,20685,2025-03-10,Delivered
504401,20455,2025-03-10,Returned
504402,20492,2025-05-15,Delivered
504403,20816,2025-03-16,Cancelled
504404,20017,2025-04-08,Delivered
504405,20755,2025-02-17,Delivered
504406,20275,2025-10-30,Delivered
504407,20932,2025-10-18,Delivered
504408,20956,2025-02-22,Delivered
504409,20503,2025-07-15,Delivered
504410,20316,2025-08-24,Delivered
504411,20234,2025-08-18,Delivered
504412,20182,2025-12-26,Delivered
504413,21000,2025-08-23,Delivered
504414,20188,2025-09-08,Processing
504415,20447,2025-01-12,Delivered
504416,20480,2025-01-29,Delivered
504417,20680,2025-08-14,Delivered
504418,20843,2025-11-28,Returned
504419,20558,2025-05-26,Delivered
504420,20759,2025-08-23,Delivered
504421,20567,2025-03-18,Processing
504422,20437,2025-06-16,Delivered
504423,20158,2025-10-02,Cancelled
504424,20209,2025-08-29,Delivered
504425,20433,2025-02-11,Delivered
504426,20047,2025-11-17,Delivered
504427,20317,2025-12-05,Processing
504428,20463,2025-06-24,Returned
504429,20473,2025-05-05,Delivered
504430,20815,2025-07-13,Delivered
504431,20968,2025-10-20,Delivered
504432,20730,2025-06-15,Delivered
504433,20080,2025-01-11,Delivered
504434,20409,2025-01-27,Delivered
504435,20730,2025-10-24,Delivered
504436,20595,2025-10-15,Delivered
504437,20458,2025-10-09,Returned
504438,20437,2025-02-16,Delivered
504439,20406,2025-03-04,Delivered
504440,20580,2025-05-25,Delivered
504441,20179,2025-03-26,Delivered
504442,20518,2025-05-22,Delivered
504443,20206,2025-07-23,Delivered
504444,20681,2025-04-13,Delivered
504445,20865,2025-02-15,Delivered
504446,20508,2025-05-27,Cancelled
504447,20388,2025-09-21,Delivered
504448,20941,2025-08-14,Delivered
504449,20660,2025-04-28,Delivered
504450,20429,2025-04-24,Delivered
504451,20029,2025-08-02,Delivered
504452,20016,2025-03-04,Delivered
504453,20222,2025-11-01,Returned
504454,20237,2025-11-14,Delivered
504455,20722,2025-01-10,Delivered
504456,20501,2025-12-21,Delivered
504457,21000,2025-01-09,Delivered
504458,20541,2025-06-17,Delivered
504459,20904,2025-09-01,Delivered
504460,20553,2025-04-30,Delivered
504461,20359,2025-03-16,Delivered
504462,20715,2025-01-18,Delivered
504463,20450,2025-09-23,Delivered
504464,20275,2025-01-14,Delivered
504465,20474,2025-06-26,Returned
504466,20665,2025-05-24,Delivered
504467,20376,2025-12-20,Delivered
504468,20705,2025-12-06,Returned
504469,20981,2025-10-26,Delivered
504470,20412,2025-09-24,Delivered
504471,20296,2025-07-18,Delivered
504472,20403,2025-05-08,Delivered
504473,20839,2025-03-02,Delivered
504474,20179,2025-12-20,Delivered
504475,20974,2025-05-21,Delivered
504476,20414,2025-06-06,Delivered
504477,20842,2025-02-21,Delivered
504478,20787,2025-04-12,Processing
504479,20784,2025-08-20,Delivered
504480,20909,2025-06-05,Delivered
504481,20185,2025-08-02,Delivered
504482,20594,2025-03-19,Delivered
504483,20100,2025-01-30,Delivered
504484,20300,2025-11-20,Delivered
504485,20041,2025-06-07,Delivered
504486,20683,2025-05-12,Processing
504487,20608,2025-04-15,Delivered
504488,20741,2025-08-29,Processing
504489,20177,2025-07-25,Delivered
504490,20333,2025-05-23,Delivered
504491,20677,2025-12-06,Returned
504492,20827,2025-11-26,Cancelled
504493,20886,2025-03-14,Delivered
504494,20074,2025-08-23,Delivered
504495,20403,2025-12-20,Cancelled
504496,20011,2025-06-28,Delivered
504497,20819,2025-01-12,Delivered
504498,20123,2025-02-18,Delivered
504499,20823,2025-09-01,Delivered
504500,20157,2025-11-26,Delivered
504501,20016,2025-02-16,Delivered
504502,20879,2025-07-19,Delivered
504503,20439,2025-07-01,Delivered
504504,20425,2025-04-15,Delivered
504505,20647,2025-08-19,Delivered
504506,20275,2025-11-17,Delivered
504507,20691,2025-03-29,Delivered
504508,20430,2025-01-20,Delivered
504509,20273,2025-05-12,Cancelled
504510,20395,2025-04-25,Delivered
504511,20007,2025-09-23,Delivered
504512,20302,2025-07-15,Delivered
504513,20592,2025-01-07,Delivered
504514,20138,2025-05-05,Delivered
504515,20119,2025-09-26,Delivered
504516,20656,2025-06-24,Delivered
504517,20429,2025-07-25,Delivered
504518,20137,2025-04-07,Delivered
504519,20748,2025-04-27,Delivered
504520,20776,2025-02-17,Delivered
504521,20035,2025-01-30,Delivered
504522,20202,2025-01-14,Delivered
504523,20371,2025-08-16,Delivered
504524,20732,2025-02-27,Delivered
504525,20075,2025-07-29,Delivered
504526,20806,2025-12-14,Delivered
504527,20320,2025-09-12,Delivered
504528,20126,2025-07-30,Delivered
504529,20864,2025-02-12,Delivered
504530,20087,2025-06-28,Delivered
504531,20130,2025-11-22,Delivered
504532,20950,2025-05-21,Delivered
504533,20520,2025-10-29,Delivered
504534,20464,2025-09-16,Returned
504535,20688,2025-04-08,Processing
504536,20631,2025-02-21,Delivered
504537,20614,2025-01-07,Delivered
504538,20024,2025-04-11,Delivered
504539,20552,2025-05-02,Delivered
504540,20279,2025-08-28,Cancelled
504541,20808,2025-07-28,Delivered
504542,20506,2025-06-24,Delivered
504543,20124,2025-09-21,Delivered
504544,20887,2025-10-09,Delivered
504545,20285,2025-09-18,Cancelled
504546,20272,2025-11-24,Delivered
504547,20937,2025-05-12,Delivered
504548,20776,2025-10-28,Delivered
504549,20860,2025-06-03,Cancelled
504550,20663,2025-03-09,Delivered
504551,20911,2025-02-23,Delivered
504552,20116,2025-02-03,Delivered
504553,20600,2025-12-15,Cancelled
504554,20294,2025-03-03,Delivered
504555,20399,2025-11-01,Delivered
504556,20238,2025-10-13,Delivered
504557,20206,2025-06-10,Delivered
504558,20443,2025-11-30,Delivered
504559,20919,2025-11-28,Delivered
504560,20636,2025-12-04,Delivered
504561,20350,2025-07-01,Delivered
504562,20434,2025-04-19,Cancelled
504563,20530,2025-01-16,Cancelled
504564,20245,2025-11-03,Delivered
504565,20522,2025-11-15,Delivered
504566,20696,2025-07-15,Delivered
504567,20244,2025-01-26,Cancelled
504568,20585,2025-10-28,Delivered
504569,20709,2025-04-19,Delivered
504570,20520,2025-07-20,Processing
504571,20292,2025-08-29,Delivered
504572,20555,2025-02-23,Delivered
504573,20794,2025-01-23,Delivered
504574,20222,2025-01-29,Delivered
504575,20575,2025-12-17,Delivered
504576,20681,2025-12-16,Delivered
504577,20322,2025-06-05,Delivered
504578,20388,2025-06-05,Processing
504579,20889,2025-05-29,Delivered
504580,20364,2025-05-08,Delivered
504581,20599,2025-07-18,Delivered
504582,20150,2025-05-11,Cancelled
504583,20926,2025-08-13,Delivered
504584,20597,2025-05-19,Delivered
504585,20761,2025-08-18,Processing
504586,20603,2025-12-11,Delivered
504587,20356,2025-03-17,Delivered
504588,20341,2025-01-23,Cancelled
504589,20702,2025-07-12,Delivered
504590,20860,2025-02-13,Delivered
504591,20128,2025-03-26,Delivered
504592,20846,2025-10-16,Delivered
504593,20831,2025-06-02,Returned
504594,20110,2025-07-20,Delivered
504595,20109,2025-10-11,Delivered
504596,20696,2025-02-16,Delivered
504597,20843,2025-06-24,Delivered
504598,20394,2025-01-13,Delivered
504599,20641,2025-07-02,Delivered
504600,21000,2025-03-23,Delivered
504601,20323,2025-11-29,Delivered
504602,20226,2025-04-06,Delivered
504603,20992,2025-03-15,Delivered
504604,20281,2025-01-06,Delivered
504605,20473,2025-02-18,Delivered
504606,20443,2025-03-20,Delivered
504607,20524,2025-03-25,Delivered
504608,20269,2025-09-27,Delivered
504609,20680,2025-11-20,Delivered
504610,20692,2025-11-09,Delivered
504611,20201,2025-12-16,Cancelled
504612,20481,2025-11-24,Delivered
504613,20058,2025-06-16,Delivered
504614,20221,2025-05-23,Returned
504615,20988,2025-08-25,Delivered
504616,20507,2025-04-27,Delivered
504617,20623,2025-08-09,Delivered
504618,20889,2025-12-31,Delivered
504619,20714,2025-03-14,Delivered
504620,20793,2025-10-08,Delivered
504621,20713,2025-12-08,Delivered
504622,20499,2025-07-16,Delivered
504623,20633,2025-05-10,Delivered
504624,20289,2025-04-03,Cancelled
504625,20891,2025-03-03,Delivered
504626,20180,2025-04-28,Delivered
504627,20885,2025-09-30,Delivered
504628,20879,2025-07-08,Delivered
504629,20143,2025-03-22,Processing
504630,20711,2025-07-17,Delivered
504631,20990,2025-10-23,Delivered
504632,20573,2025-01-05,Delivered
504633,20341,2025-01-08,Delivered
504634,20880,2025-12-17,Delivered
504635,20513,2025-10-01,Delivered
504636,20122,2025-07-30,Delivered
504637,20250,2025-11-27,Delivered
504638,20683,2025-08-04,Delivered
504639,20456,2025-07-10,Cancelled
504640,20217,2025-03-19,Delivered
504641,20800,2025-10-23,Delivered
504642,20121,2025-10-07,Returned
504643,20220,2025-04-18,Delivered
504644,20466,2025-09-27,Delivered
504645,20040,2025-09-23,Returned
504646,20388,2025-02-04,Returned
504647,20910,2025-02-28,Delivered
504648,20942,2025-08-06,Delivered
504649,20872,2025-08-16,Processing
504650,20324,2025-08-29,Delivered
504651,20065,2025-05-17,Delivered
504652,20815,2025-11-01,Delivered
504653,20374,2025-06-12,Delivered
504654,20749,2025-03-17,Cancelled
504655,20120,2025-02-12,Cancelled
504656,20668,2025-11-17,Delivered
504657,20587,2025-09-16,Delivered
504658,20921,2025-06-18,Delivered
504659,20102,2025-03-18,Delivered
504660,20408,2025-02-05,Delivered
504661,20990,2025-02-25,Delivered
504662,20390,2025-02-08,Delivered
504663,20659,2025-07-13,Delivered
504664,20161,2025-03-14,Delivered
504665,20729,2025-02-16,Delivered
504666,20276,2025-04-14,Returned
504667,20573,2025-09-13,Delivered
504668,20880,2025-07-01,Delivered
504669,20662,2025-02-26,Delivered
504670,20475,2025-10-01,Delivered
504671,20191,2025-06-28,Delivered
504672,20342,2025-03-10,Delivered
504673,20850,2025-09-10,Delivered
504674,20217,2025-12-29,Delivered
504675,20657,2025-07-17,Delivered
504676,20485,2025-02-28,Delivered
504677,20321,2025-04-23,Delivered
504678,20717,2025-08-07,Delivered
504679,20363,2025-12-31,Delivered
504680,20287,2025-12-06,Delivered
504681,20530,2025-12-07,Cancelled
504682,20758,2025-10-31,Delivered
504683,20865,2025-07-29,Delivered
504684,20630,2025-08-25,Delivered
504685,20662,2025-09-25,Delivered
504686,20788,2025-09-19,Delivered
504687,20270,2025-08-22,Returned
504688,20251,2025-02-18,Delivered
504689,20484,2025-11-18,Delivered
504690,20632,2025-01-04,Delivered
504691,20646,2025-06-05,Delivered
504692,20154,2025-06-08,Processing
504693,20781,2025-12-30,Processing
504694,20364,2025-02-02,Delivered
504695,20878,2025-06-23,Delivered
504696,20725,2025-05-11,Delivered
504697,20983,2025-02-05,Delivered
504698,20632,2025-03-23,Delivered
504699,20528,2025-06-04,Returned
504700,20188,2025-12-01,Delivered
504701,20399,2025-05-22,Delivered
504702,20859,2025-11-18,Delivered
504703,20383,2025-09-25,Delivered
504704,20054,2025-10-26,Delivered
504705,20246,2025-11-08,Delivered
504706,20596,2025-09-18,Delivered
504707,20630,2025-09-25,Processing
504708,20984,2025-02-26,Delivered
504709,20934,2025-09-19,Delivered
504710,20532,2025-01-18,Delivered
504711,20555,2025-09-27,Delivered
504712,20801,2025-08-27,Delivered
504713,20049,2025-10-04,Cancelled
504714,20596,2025-08-23,Delivered
504715,20475,2025-05-15,Delivered
504716,20784,2025-05-15,Delivered
504717,20801,2025-08-06,Delivered
504718,20656,2025-06-22,Cancelled
504719,20658,2025-05-05,Delivered
504720,20692,2025-06-28,Delivered
504721,20581,2025-07-15,Returned
504722,20228,2025-03-29,Delivered
504723,20285,2025-08-21,Delivered
504724,20742,2025-04-25,Delivered
504725,20619,2025-04-08,Delivered
504726,20238,2025-06-02,Delivered
504727,20878,2025-02-07,Cancelled
504728,20981,2025-08-09,Delivered
504729,20627,2025-09-25,Delivered
504730,20228,2025-12-15,Cancelled
504731,20939,2025-04-14,Delivered
504732,20237,2025-07-16,Delivered
504733,20433,2025-07-03,Delivered
504734,20859,2025-09-24,Delivered
504735,20521,2025-08-17,Delivered
504736,20243,2025-10-22,Delivered
504737,20081,2025-11-07,Delivered
504738,20361,2025-02-11,Delivered
504739,20673,2025-05-10,Delivered
504740,20715,2025-08-27,Delivered
504741,20223,2025-07-18,Delivered
504742,20159,2025-06-25,Delivered
504743,20702,2025-03-05,Delivered
504744,20160,2025-07-28,Delivered
504745,20065,2025-09-28,Delivered
504746,20487,2025-01-15,Delivered
504747,20571,2025-08-04,Delivered
504748,20244,2025-11-27,Delivered
504749,20212,2025-07-29,Delivered
504750,20236,2025-12-14,Delivered
504751,20343,2025-05-09,Delivered
504752,20010,2025-01-02,Returned
504753,20012,2025-09-06,Delivered
504754,20371,2025-03-19,Cancelled
504755,20020,2025-01-04,Delivered
504756,20319,2025-03-07,Delivered
504757,20581,2025-12-07,Delivered
504758,20032,2025-10-13,Delivered
504759,20618,2025-04-11,Returned
504760,20622,2025-08-07,Delivered
504761,20574,2025-05-04,Cancelled
504762,20627,2025-03-06,Delivered
504763,20810,2025-12-27,Delivered
504764,20071,2025-10-25,Delivered
504765,20169,2025-05-13,Delivered
504766,20318,2025-05-10,Delivered
504767,20689,2025-10-25,Returned
504768,20873,2025-06-18,Delivered
504769,20919,2025-05-18,Returned
504770,20583,2025-05-22,Processing
504771,20411,2025-06-13,Delivered
504772,20412,2025-07-10,Delivered
504773,20060,2025-01-15,Delivered
504774,20466,2025-06-25,Delivered
504775,20513,2025-06-10,Processing
504776,20209,2025-04-11,Cancelled
504777,20768,2025-05-10,Returned
504778,20812,2025-06-04,Delivered
504779,20303,2025-05-14,Delivered
504780,20915,2025-11-28,Delivered
504781,20108,2025-07-12,Cancelled
504782,20911,2025-07-03,Delivered
504783,20769,2025-04-06,Delivered
504784,20224,2025-12-01,Delivered
504785,20651,2025-01-09,Delivered
504786,20311,2025-07-20,Delivered
504787,20800,2025-03-03,Delivered
504788,20161,2025-10-08,Cancelled
504789,20245,2025-05-19,Delivered
504790,20308,2025-04-18,Delivered
504791,20200,2025-01-22,Delivered
504792,20333,2025-10-16,Delivered
504793,20603,2025-05-25,Delivered
504794,20634,2025-04-07,Delivered
504795,20554,2025-11-05,Delivered
504796,20190,2025-01-08,Delivered
504797,20203,2025-06-21,Delivered
504798,20920,2025-02-28,Delivered
504799,20252,2025-02-16,Delivered
504800,20104,2025-01-08,Delivered
504801,20454,2025-03-10,Delivered
504802,20007,2025-12-12,Delivered
504803,20343,2025-06-12,Delivered
504804,20855,2025-12-31,Delivered
504805,20268,2025-04-08,Delivered
504806,20704,2025-10-06,Delivered
504807,20490,2025-02-02,Delivered
504808,20356,2025-02-09,Delivered
504809,20662,2025-01-06,Delivered
504810,20596,2025-11-25,Delivered
504811,20319,2025-09-03,Delivered
504812,20224,2025-09-29,Delivered
504813,20917,2025-12-05,Delivered
504814,20169,2025-05-02,Delivered
504815,20960,2025-09-21,Returned
504816,20472,2025-07-03,Delivered
504817,20997,2025-07-18,Delivered
504818,20354,2025-08-30,Delivered
504819,20566,2025-06-21,Delivered
504820,20616,2025-01-09,Delivered
504821,20339,2025-01-28,Delivered
504822,20219,2025-07-03,Delivered
504823,20521,2025-07-28,Returned
504824,20663,2025-09-25,Returned
504825,20262,2025-07-28,Delivered
504826,20767,2025-03-10,Processing
504827,20639,2025-05-14,Returned
504828,20167,2025-06-11,Delivered
504829,20939,2025-12-26,Delivered
504830,20044,2025-07-14,Delivered
504831,20654,2025-08-20,Delivered
504832,20440,2025-09-26,Delivered
504833,20654,2025-05-13,Delivered
504834,20775,2025-12-19,Delivered
504835,20688,2025-09-04,Delivered
504836,20651,2025-11-06,Delivered
504837,20841,2025-10-01,Delivered
504838,20702,2025-08-15,Cancelled
504839,20814,2025-01-12,Processing
504840,20403,2025-08-02,Delivered
504841,20203,2025-02-17,Delivered
504842,20235,2025-08-09,Cancelled
504843,20613,2025-09-14,Delivered
504844,20532,2025-07-18,Processing
504845,20078,2025-04-23,Delivered
504846,20205,2025-01-22,Delivered
504847,20968,2025-09-02,Delivered
504848,20727,2025-09-12,Delivered
504849,20755,2025-06-24,Delivered
504850,20197,2025-09-19,Delivered
504851,20065,2025-10-12,Cancelled
504852,20292,2025-07-07,Delivered
504853,20857,2025-01-18,Delivered
504854,20507,2025-11-14,Delivered
504855,20785,2025-06-20,Delivered
504856,20487,2025-09-03,Delivered
504857,20491,2025-11-29,Delivered
504858,20601,2025-05-13,Delivered
504859,20959,2025-08-16,Delivered
504860,20438,2025-01-08,Delivered
504861,20596,2025-11-20,Delivered
504862,20920,2025-01-22,Cancelled
504863,20373,2025-07-17,Delivered
504864,20840,2025-05-09,Delivered
504865,20536,2025-01-14,Delivered
504866,20880,2025-06-18,Cancelled
504867,20468,2025-12-08,Delivered
504868,20630,2025-03-02,Delivered
504869,20324,2025-04-17,Delivered
504870,20636,2025-03-11,Delivered
504871,20327,2025-02-15,Delivered
504872,20610,2025-03-26,Delivered
504873,20789,2025-07-28,Delivered
504874,20435,2025-10-12,Delivered
504875,20430,2025-09-09,Cancelled
504876,20323,2025-10-09,Delivered
504877,20731,2025-09-19,Delivered
504878,20593,2025-05-20,Delivered
504879,20517,2025-11-25,Delivered
504880,20026,2025-03-04,Delivered
504881,20111,2025-09-13,Delivered
504882,20008,2025-02-10,Delivered
504883,20851,2025-10-07,Delivered
504884,20852,2025-02-01,Delivered
504885,20068,2025-03-20,Delivered
504886,20047,2025-05-23,Delivered
504887,20782,2025-09-11,Delivered
504888,20525,2025-01-17,Delivered
504889,20309,2025-04-04,Processing
504890,20615,2025-05-02,Delivered
504891,20237,2025-09-24,Cancelled
504892,20199,2025-12-17,Delivered
504893,20368,2025-08-13,Delivered
504894,20896,2025-07-05,Delivered
504895,20768,2025-05-03,Delivered
504896,20191,2025-10-28,Delivered
504897,20562,2025-02-09,Delivered
504898,20885,2025-02-17,Delivered
504899,20952,2025-03-15,Cancelled
504900,20763,2025-04-08,Delivered
504901,20129,2025-06-18,Delivered
504902,20241,2025-12-12,Delivered
504903,20219,2025-08-26,Delivered
504904,20151,2025-05-20,Cancelled
504905,20176,2025-03-19,Delivered
504906,20317,2025-08-25,Returned
504907,20556,2025-04-03,Delivered
504908,20398,2025-12-23,Delivered
504909,20421,2025-06-24,Delivered
504910,20246,2025-07-21,Delivered
504911,20152,2025-11-26,Delivered
504912,20999,2025-04-22,Delivered
504913,20599,2025-06-22,Delivered
504914,20230,2025-07-14,Cancelled
504915,20810,2025-04-09,Delivered
504916,20831,2025-01-20,Delivered
504917,20967,2025-04-14,Delivered
504918,20160,2025-02-11,Delivered
504919,20640,2025-09-04,Cancelled
504920,20981,2025-01-03,Delivered
504921,20807,2025-04-26,Delivered
504922,20226,2025-11-19,Delivered
504923,20894,2025-07-27,Delivered
504924,20422,2025-09-03,Delivered
504925,20489,2025-09-02,Delivered
504926,20559,2025-04-19,Delivered
504927,20772,2025-08-19,Delivered
504928,20121,2025-03-22,Delivered
504929,20540,2025-08-20,Delivered
504930,20817,2025-09-07,Delivered
504931,20549,2025-11-16,Delivered
504932,20275,2025-12-02,Delivered
504933,20057,2025-01-09,Returned
504934,20550,2025-04-20,Delivered
504935,20704,2025-07-19,Delivered
504936,20550,2025-04-28,Delivered
504937,20980,2025-08-14,Delivered
504938,20603,2025-11-08,Delivered
504939,20509,2025-04-05,Delivered
504940,20056,2025-11-23,Delivered
504941,20559,2025-11-18,Delivered
504942,20169,2025-11-30,Delivered
504943,20725,2025-01-27,Delivered
504944,20162,2025-04-18,Delivered
504945,20907,2025-02-15,Delivered
504946,20303,2025-02-13,Processing
504947,20434,2025-01-20,Delivered
504948,20145,2025-06-10,Delivered
504949,20211,2025-02-01,Cancelled
504950,20922,2025-04-18,Delivered
504951,20284,2025-12-25,Delivered
504952,20513,2025-11-19,Delivered
504953,20982,2025-12-09,Delivered
504954,20624,2025-01-14,Delivered
504955,20042,2025-08-30,Delivered
504956,20358,2025-08-20,Delivered
504957,20387,2025-02-18,Cancelled
504958,20277,2025-11-27,Delivered
504959,20242,2025-05-28,Delivered
504960,20504,2025-12-23,Delivered
504961,20378,2025-02-11,Delivered
504962,20295,2025-08-26,Delivered
504963,20413,2025-02-17,Delivered
504964,20344,2025-12-13,Delivered
504965,20229,2025-08-10,Returned
504966,20453,2025-01-28,Delivered
504967,20943,2025-03-20,Delivered
504968,20506,2025-05-12,Delivered
504969,20598,2025-01-05,Delivered
504970,20985,2025-01-04,Delivered
504971,20614,2025-12-04,Delivered
504972,20224,2025-12-25,Delivered
504973,20399,2025-07-15,Delivered
504974,20488,2025-11-26,Returned
504975,20475,2025-08-28,Delivered
504976,20150,2025-01-11,Delivered
504977,20106,2025-09-18,Delivered
504978,20350,2025-01-07,Delivered
504979,20915,2025-10-26,Processing
504980,20718,2025-05-14,Delivered
504981,20842,2025-02-21,Delivered
504982,20175,2025-04-05,Returned
504983,20415,2025-09-07,Delivered
504984,20582,2025-11-06,Delivered
504985,20435,2025-07-28,Delivered
504986,20417,2025-02-28,Delivered
504987,20360,2025-11-25,Delivered
504988,20052,2025-10-16,Processing
504989,20858,2025-05-30,Delivered
504990,20934,2025-07-22,Delivered
504991,20081,2025-12-18,Delivered
504992,20414,2025-05-18,Delivered
504993,20518,2025-01-10,Delivered
504994,20784,2025-02-23,Delivered
504995,20987,2025-08-08,Delivered
504996,20417,2025-12-31,Delivered
504997,20749,2025-09-28,Delivered
504998,20938,2025-08-14,Delivered
504999,20831,2025-04-28,Delivered
505000,20291,2025-06-10,Delivered
