RatingID,OrderID,Rating,Review
900001,500001,3.0,Poor
900002,500002,5.0,Poor
900003,500003,5.0,Poor
900004,500004,5.0,Excellent
900005,500005,5.0,Excellent
900006,500006,5.0,Excellent
900007,500007,3.0,Very good
900008,500008,4.0,Average
900009,500009,5.0,Very good
900010,500010,4.0,Very good
900011,500011,1.0,Good
900012,500012,1.0,Excellent
900013,500013,4.0,Very good
900014,500014,5.0,Average
900015,500015,5.0,Good
900016,500016,5.0,Poor
900017,500017,5.0,Average
900018,500018,5.0,Good
900019,500019,4.0,Good
900020,500020,5.0,Very good
900021,500021,4.0,Good
900022,500022,5.0,Very good
900023,500023,5.0,Average
900024,500024,4.0,Excellent
900025,500025,5.0,Excellent
900026,500026,4.0,Poor
900027,500027,5.0,Excellent
900028,500028,2.0,Excellent
900029,500029,4.0,Average
900030,500030,5.0,Average
900031,500031,4.0,Very good
900032,500032,4.0,Very good
900033,500033,5.0,Very good
900034,500034,5.0,Excellent
900035,500035,3.0,Very good
900036,500036,4.0,Very good
900037,500037,4.0,Poor
900038,500038,4.0,Very good
900039,500039,4.0,Very good
900040,500040,4.0,Poor
900041,500041,5.0,Average
900042,500042,5.0,Good
900043,500043,4.0,Good
900044,500044,4.0,Good
900045,500045,,Average
900046,500046,4.0,Average
900047,500047,5.0,Good
900048,500048,3.0,Excellent
900049,500049,5.0,Average
900050,500050,5.0,Excellent
900051,500051,5.0,Good
900052,500052,5.0,Excellent
900053,500053,5.0,Good
900054,500054,5.0,Poor
900055,500055,4.0,Poor
900056,500056,5.0,Excellent
900057,500057,1.0,Poor
900058,500058,4.0,Good
900059,500059,5.0,Average
900060,500060,5.0,Poor
900061,500061,4.0,Excellent
900062,500062,5.0,Excellent
900063,500063,1.0,Excellent
900064,500064,5.0,Good
900065,500065,5.0,Excellent
900066,500066,3.0,Excellent
900067,500067,2.0,Average
900068,500068,5.0,Excellent
900069,500069,2.0,Average
900070,500070,5.0,Good
900071,500071,4.0,Very good
900072,500072,4.0,Excellent
900073,500073,5.0,Average
900074,500074,4.0,Average
900075,500075,4.0,Poor
900076,500076,5.0,Excellent
900077,500077,4.0,Very good
900078,500078,2.0,Good
900079,500079,5.0,Excellent
900080,500080,5.0,Poor
900081,500081,5.0,Average
900082,500082,5.0,Poor
900083,500083,5.0,Very good
900084,500084,4.0,Good
900085,500085,5.0,Very good
900086,500086,4.0,Very good
900087,500087,5.0,Average
900088,500088,5.0,Poor
900089,500089,5.0,Excellent
900090,500090,4.0,Poor
900091,500091,1.0,Excellent
900092,500092,4.0,Average
900093,500093,5.0,Poor
900094,500094,4.0,Excellent
900095,500095,3.0,Average
900096,500096,5.0,Average
900097,500097,3.0,Good
900098,500098,4.0,Average
900099,500099,5.0,Very good
900100,500100,3.0,Very good
900101,500101,3.0,Very good
900102,500102,4.0,Very good
900103,500103,5.0,Good
900104,500104,5.0,Excellent
900105,500105,4.0,Excellent
900106,500106,5.0,Very good
900107,500107,4.0,Good
900108,500108,5.0,Poor
900109,500109,3.0,Average
900110,500110,5.0,Poor
900111,500111,5.0,Poor
900112,500112,5.0,Very good
900113,500113,1.0,Excellent
900114,500114,5.0,Good
900115,500115,3.0,Excellent
900116,500116,5.0,Good
900117,500117,5.0,Good
900118,500118,5.0,Very good
900119,500119,5.0,Poor
900120,500120,5.0,Excellent
900121,500121,5.0,Average
900122,500122,4.0,Poor
900123,500123,4.0,Poor
900124,500124,5.0,Very good
900125,500125,5.0,Good
900126,500126,5.0,Very good
900127,500127,5.0,Very good
900128,500128,5.0,Good
900129,500129,3.0,Poor
900130,500130,4.0,Poor
900131,500131,5.0,Very good
900132,500132,4.0,Excellent
900133,500133,3.0,Good
900134,500134,5.0,Very good
900135,500135,4.0,Excellent
900136,500136,4.0,Average
900137,500137,5.0,Good
900138,500138,4.0,Poor
900139,500139,5.0,Average
900140,500140,5.0,Very good
900141,500141,5.0,Excellent
900142,500142,5.0,Average
900143,500143,4.0,Average
900144,500144,4.0,Average
900145,500145,5.0,Excellent
900146,500146,5.0,Average
900147,500147,4.0,Very good
900148,500148,4.0,Poor
900149,500149,4.0,Excellent
900150,500150,4.0,Poor
900151,500151,4.0,Very good
900152,500152,5.0,Very good
900153,500153,5.0,Excellent
900154,500154,5.0,Excellent
900155,500155,4.0,Excellent
900156,500156,2.0,Good
900157,500157,4.0,Very good
900158,500158,5.0,Average
900159,500159,5.0,Very good
900160,500160,4.0,Excellent
900161,500161,5.0,Poor
900162,500162,5.0,Poor
900163,500163,3.0,Very good
900164,500164,5.0,Average
900165,500165,4.0,Poor
900166,500166,5.0,Excellent
900167,500167,5.0,Very good
900168,500168,4.0,Poor
900169,500169,4.0,Poor
900170,500170,5.0,Good
900171,500171,5.0,Excellent
900172,500172,5.0,Poor
900173,500173,4.0,Poor
900174,500174,5.0,Excellent
900175,500175,4.0,Very good
900176,500176,4.0,Excellent
900177,500177,4.0,Poor
900178,500178,5.0,Excellent
900179,500179,5.0,Poor
900180,500180,4.0,Average
900181,500181,5.0,Good
900182,500182,5.0,Poor
900183,500183,4.0,Very good
900184,500184,4.0,Poor
900185,500185,4.0,Poor
900186,500186,2.0,Excellent
900187,500187,4.0,Very good
900188,500188,5.0,Average
900189,500189,4.0,Excellent
900190,500190,5.0,Average
900191,500191,5.0,Poor
900192,500192,4.0,Poor
900193,500193,4.0,Average
900194,500194,3.0,Good
900195,500195,5.0,Good
900196,500196,4.0,Poor
900197,500197,5.0,Very good
900198,500198,5.0,Poor
900199,500199,5.0,Poor
900200,500200,5.0,Poor
900201,500201,5.0,Average
900202,500202,5.0,Average
900203,500203,5.0,Average
900204,500204,2.0,Excellent
900205,500205,5.0,Average
900206,500206,5.0,Excellent
900207,500207,5.0,Very good
900208,500208,5.0,Very good
900209,500209,4.0,Average
900210,500210,5.0,Poor
900211,500211,5.0,Excellent
900212,500212,5.0,Average
900213,500213,3.0,Very good
900214,500214,1.0,Average
900215,500215,4.0,Very good
900216,500216,4.0,Excellent
900217,500217,5.0,Very good
900218,500218,1.0,Good
900219,500219,5.0,Excellent
900220,500220,5.0,Poor
900221,500221,5.0,Poor
900222,500222,5.0,Excellent
900223,500223,5.0,Good
900224,500224,4.0,Very good
900225,500225,4.0,Excellent
900226,500226,5.0,Excellent
900227,500227,4.0,Very good
900228,500228,4.0,Poor
900229,500229,5.0,Average
900230,500230,5.0,Good
900231,500231,4.0,Very good
900232,500232,5.0,Very good
900233,500233,4.0,Excellent
900234,500234,4.0,Very good
900235,500235,4.0,Average
900236,500236,3.0,Good
900237,500237,4.0,Good
900238,500238,5.0,Average
900239,500239,4.0,Average
900240,500240,2.0,Very good
900241,500241,4.0,Excellent
900242,500242,4.0,Poor
900243,500243,5.0,Excellent
900244,500244,4.0,Excellent
900245,500245,5.0,Good
900246,500246,4.0,Poor
900247,500247,4.0,Good
900248,500248,5.0,Good
900249,500249,5.0,Very good
900250,500250,5.0,Good
900251,500251,4.0,Poor
900252,500252,4.0,Very good
900253,500253,5.0,Poor
900254,500254,5.0,Very good
900255,500255,4.0,Very good
900256,500256,5.0,Excellent
900257,500257,4.0,Excellent
900258,500258,5.0,Good
900259,500259,4.0,Poor
900260,500260,4.0,Good
900261,500261,4.0,Poor
900262,500262,5.0,Very good
900263,500263,5.0,Excellent
900264,500264,5.0,Very good
900265,500265,5.0,Average
900266,500266,4.0,Very good
900267,500267,3.0,Poor
900268,500268,5.0,Excellent
900269,500269,4.0,Very good
900270,500270,3.0,Excellent
900271,500271,3.0,Good
900272,500272,4.0,Average
900273,500273,4.0,Very good
900274,500274,5.0,Excellent
900275,500275,5.0,Average
900276,500276,3.0,Excellent
900277,500277,4.0,Good
900278,500278,5.0,Good
900279,500279,5.0,Average
900280,500280,5.0,Poor
900281,500281,1.0,Poor
900282,500282,5.0,Poor
900283,500283,5.0,Excellent
900284,500284,4.0,Poor
900285,500285,5.0,Poor
900286,500286,4.0,Excellent
900287,500287,5.0,Very good
900288,500288,5.0,Poor
900289,500289,4.0,Poor
900290,500290,1.0,Average
900291,500291,4.0,Poor
900292,500292,5.0,Good
900293,500293,5.0,Poor
900294,500294,4.0,Poor
900295,500295,5.0,Poor
900296,500296,3.0,Poor
900297,500297,3.0,Excellent
900298,500298,4.0,Excellent
900299,500299,5.0,Average
900300,500300,5.0,Very good
900301,500301,5.0,Good
900302,500302,5.0,Average
900303,500303,4.0,Very good
900304,500304,4.0,Poor
900305,500305,5.0,Excellent
900306,500306,4.0,Very good
900307,500307,5.0,Very good
900308,500308,3.0,Poor
900309,500309,4.0,Poor
900310,500310,4.0,Average
900311,500311,3.0,Poor
900312,500312,5.0,Good
900313,500313,2.0,Poor
900314,500314,5.0,Average
900315,500315,3.0,Poor
900316,500316,5.0,Very good
900317,500317,5.0,Poor
900318,500318,4.0,Very good
900319,500319,4.0,Average
900320,500320,4.0,Poor
900321,500321,5.0,Good
900322,500322,3.0,Poor
900323,500323,4.0,Good
900324,500324,5.0,Poor
900325,500325,5.0,Excellent
900326,500326,4.0,Poor
900327,500327,2.0,Good
900328,500328,5.0,Good
900329,500329,4.0,Good
900330,500330,5.0,Average
900331,500331,4.0,Excellent
900332,500332,5.0,Average
900333,500333,5.0,Excellent
900334,500334,5.0,Average
900335,500335,5.0,Good
900336,500336,5.0,Average
900337,500337,5.0,Excellent
900338,500338,5.0,Very good
900339,500339,5.0,Excellent
900340,500340,4.0,Very good
900341,500341,5.0,Good
900342,500342,5.0,Very good
900343,500343,5.0,Average
900344,500344,5.0,Very good
900345,500345,5.0,Average
900346,500346,5.0,Poor
900347,500347,5.0,Poor
900348,500348,5.0,Poor
900349,500349,4.0,Average
900350,500350,4.0,Good
900351,500351,5.0,Very good
900352,500352,4.0,Very good
900353,500353,5.0,Poor
900354,500354,5.0,Good
900355,500355,4.0,Average
900356,500356,5.0,Poor
900357,500357,5.0,Excellent
900358,500358,5.0,Excellent
900359,500359,4.0,Average
900360,500360,4.0,Average
900361,500361,5.0,Very good
900362,500362,5.0,Good
900363,500363,5.0,Good
900364,500364,5.0,Poor
900365,500365,4.0,Very good
900366,500366,4.0,Very good
900367,500367,5.0,Poor
900368,500368,3.0,Excellent
900369,500369,5.0,Poor
900370,500370,5.0,Excellent
900371,500371,5.0,Poor
900372,500372,5.0,Very good
900373,500373,3.0,Poor
900374,500374,4.0,Good
900375,500375,5.0,Good
900376,500376,5.0,Poor
900377,500377,5.0,Poor
900378,500378,3.0,Very good
900379,500379,5.0,Excellent
900380,500380,4.0,Poor
900381,500381,4.0,Very good
900382,500382,5.0,Excellent
900383,500383,3.0,Average
900384,500384,3.0,Poor
900385,500385,4.0,Average
900386,500386,5.0,Very good
900387,500387,3.0,Poor
900388,500388,2.0,Good
900389,500389,4.0,Poor
900390,500390,5.0,Poor
900391,500391,3.0,Poor
900392,500392,5.0,Good
900393,500393,5.0,Very good
900394,500394,5.0,Very good
900395,500395,2.0,Good
900396,500396,5.0,Good
900397,500397,4.0,Good
900398,500398,4.0,Good
900399,500399,5.0,Excellent
900400,500400,2.0,Excellent
900401,500401,1.0,Poor
900402,500402,3.0,Very good
900403,500403,2.0,Excellent
900404,500404,4.0,Average
900405,500405,4.0,Good
900406,500406,5.0,Good
900407,500407,2.0,Average
900408,500408,4.0,Excellent
900409,500409,5.0,Excellent
900410,500410,5.0,Very good
900411,500411,5.0,Average
900412,500412,4.0,Excellent
900413,500413,3.0,Very good
900414,500414,4.0,Poor
900415,500415,5.0,Poor
900416,500416,5.0,Poor
900417,500417,4.0,Average
900418,500418,4.0,Poor
900419,500419,4.0,Good
900420,500420,1.0,Poor
900421,500421,3.0,Very good
900422,500422,5.0,Very good
900423,500423,2.0,Average
900424,500424,4.0,Excellent
900425,500425,5.0,Excellent
900426,500426,4.0,Average
900427,500427,5.0,Poor
900428,500428,2.0,Excellent
900429,500429,5.0,Average
900430,500430,3.0,Average
900431,500431,4.0,Average
900432,500432,5.0,Average
900433,500433,5.0,Good
900434,500434,4.0,Average
900435,500435,4.0,Average
900436,500436,4.0,Very good
900437,500437,3.0,Good
900438,500438,5.0,Very good
900439,500439,5.0,Very good
900440,500440,5.0,Good
900441,500441,4.0,Average
900442,500442,5.0,Poor
900443,500443,5.0,Average
900444,500444,2.0,Poor
900445,500445,4.0,Good
900446,500446,5.0,Very good
900447,500447,5.0,Poor
900448,500448,4.0,Excellent
900449,500449,5.0,Good
900450,500450,5.0,Poor
900451,500451,5.0,Good
900452,500452,5.0,Average
900453,500453,2.0,Poor
900454,500454,4.0,Good
900455,500455,5.0,Very good
900456,500456,5.0,Poor
900457,500457,3.0,Average
900458,500458,5.0,Good
900459,500459,5.0,Good
900460,500460,4.0,Excellent
900461,500461,4.0,Excellent
900462,500462,4.0,Poor
900463,500463,4.0,Poor
900464,500464,5.0,Excellent
900465,500465,2.0,Average
900466,500466,5.0,Good
900467,500467,3.0,Poor
900468,500468,5.0,Average
900469,500469,1.0,Poor
900470,500470,5.0,Poor
900471,500471,4.0,Excellent
900472,500472,5.0,Poor
900473,500473,3.0,Very good
900474,500474,5.0,Very good
900475,500475,4.0,Poor
900476,500476,1.0,Average
900477,500477,5.0,Average
900478,500478,3.0,Excellent
900479,500479,5.0,Poor
900480,500480,5.0,Excellent
900481,500481,1.0,Good
900482,500482,5.0,Average
900483,500483,3.0,Average
900484,500484,5.0,Good
900485,500485,4.0,Poor
900486,500486,5.0,Very good
900487,500487,5.0,Very good
900488,500488,2.0,Average
900489,500489,5.0,Average
900490,500490,3.0,Average
900491,500491,5.0,Very good
900492,500492,3.0,Very good
900493,500493,1.0,Excellent
900494,500494,3.0,Poor
900495,500495,5.0,Excellent
900496,500496,5.0,Poor
900497,500497,5.0,Good
900498,500498,5.0,Average
900499,500499,5.0,Poor
900500,500500,5.0,Good
900501,500501,5.0,Excellent
900502,500502,4.0,Average
900503,500503,5.0,Very good
900504,500504,3.0,Excellent
900505,500505,5.0,Good
900506,500506,4.0,Average
900507,500507,4.0,Good
900508,500508,5.0,Very good
900509,500509,3.0,Average
900510,500510,5.0,Average
900511,500511,5.0,Excellent
900512,500512,5.0,Excellent
900513,500513,5.0,Excellent
900514,500514,2.0,Excellent
900515,500515,4.0,Average
900516,500516,5.0,Very good
900517,500517,1.0,Poor
900518,500518,4.0,Good
900519,500519,4.0,Excellent
900520,500520,5.0,Average
900521,500521,5.0,Poor
900522,500522,2.0,Poor
900523,500523,4.0,Average
900524,500524,5.0,Good
900525,500525,4.0,Average
900526,500526,4.0,Poor
900527,500527,3.0,Very good
900528,500528,5.0,Excellent
900529,500529,1.0,Poor
900530,500530,4.0,Poor
900531,500531,5.0,Good
900532,500532,1.0,Excellent
900533,500533,5.0,Good
900534,500534,5.0,Good
900535,500535,5.0,Excellent
900536,500536,4.0,Good
900537,500537,3.0,Excellent
900538,500538,5.0,Very good
900539,500539,4.0,Excellent
900540,500540,5.0,Average
900541,500541,3.0,Good
900542,500542,5.0,Very good
900543,500543,4.0,Average
900544,500544,5.0,Average
900545,500545,3.0,Good
900546,500546,4.0,Very good
900547,500547,4.0,Poor
900548,500548,4.0,Average
900549,500549,5.0,Good
900550,500550,4.0,Average
900551,500551,3.0,Good
900552,500552,5.0,Poor
900553,500553,4.0,Good
900554,500554,5.0,Good
900555,500555,4.0,Average
900556,500556,5.0,Very good
900557,500557,5.0,Average
900558,500558,4.0,Very good
900559,500559,4.0,Average
900560,500560,4.0,Excellent
900561,500561,5.0,Average
900562,500562,4.0,Very good
900563,500563,5.0,Very good
900564,500564,5.0,Excellent
900565,500565,5.0,Good
900566,500566,5.0,Poor
900567,500567,5.0,Average
900568,500568,4.0,Very good
900569,500569,4.0,Average
900570,500570,4.0,Good
900571,500571,3.0,Good
900572,500572,4.0,Excellent
900573,500573,4.0,Good
900574,500574,5.0,Poor
900575,500575,4.0,Good
900576,500576,5.0,Average
900577,500577,2.0,Excellent
900578,500578,3.0,Average
900579,500579,4.0,Very good
900580,500580,4.0,Poor
900581,500581,4.0,Poor
900582,500582,3.0,Good
900583,500583,5.0,Good
900584,500584,4.0,Excellent
900585,500585,4.0,Very good
900586,500586,4.0,Very good
900587,500587,4.0,Good
900588,500588,4.0,Poor
900589,500589,4.0,Good
900590,500590,5.0,Poor
900591,500591,5.0,Excellent
900592,500592,5.0,Good
900593,500593,5.0,Good
900594,500594,1.0,Very good
900595,500595,4.0,Average
900596,500596,5.0,Good
900597,500597,4.0,Excellent
900598,500598,4.0,Excellent
900599,500599,5.0,Good
900600,500600,5.0,Good
900601,500601,1.0,Excellent
900602,500602,4.0,Poor
900603,500603,3.0,Good
900604,500604,3.0,Good
900605,500605,3.0,Average
900606,500606,5.0,Good
900607,500607,4.0,Poor
900608,500608,2.0,Average
900609,500609,3.0,Very good
900610,500610,5.0,Poor
900611,500611,3.0,Good
900612,500612,4.0,Excellent
900613,500613,5.0,Excellent
900614,500614,4.0,Poor
900615,500615,4.0,Excellent
900616,500616,2.0,Good
900617,500617,5.0,Excellent
900618,500618,5.0,Good
900619,500619,5.0,Very good
900620,500620,5.0,Excellent
900621,500621,5.0,Very good
900622,500622,4.0,Very good
900623,500623,4.0,Very good
900624,500624,4.0,Poor
900625,500625,4.0,Excellent
900626,500626,5.0,Excellent
900627,500627,3.0,Very good
900628,500628,3.0,Good
900629,500629,4.0,Average
900630,500630,2.0,Excellent
900631,500631,5.0,Excellent
900632,500632,4.0,Average
900633,500633,2.0,Average
900634,500634,5.0,Poor
900635,500635,5.0,Very good
900636,500636,4.0,Excellent
900637,500637,4.0,Very good
900638,500638,5.0,Very good
900639,500639,4.0,Average
900640,500640,5.0,Good
900641,500641,5.0,Excellent
900642,500642,5.0,Good
900643,500643,5.0,Poor
900644,500644,5.0,Excellent
900645,500645,3.0,Very good
900646,500646,5.0,Excellent
900647,500647,5.0,Poor
900648,500648,4.0,Very good
900649,500649,5.0,Good
900650,500650,5.0,Average
900651,500651,5.0,Average
900652,500652,2.0,Poor
900653,500653,3.0,Excellent
900654,500654,5.0,Good
900655,500655,5.0,Excellent
900656,500656,4.0,Good
900657,500657,4.0,Poor
900658,500658,5.0,Average
900659,500659,2.0,Average
900660,500660,5.0,Average
900661,500661,5.0,Excellent
900662,500662,4.0,Excellent
900663,500663,5.0,Good
900664,500664,5.0,Excellent
900665,500665,4.0,Very good
900666,500666,4.0,Very good
900667,500667,5.0,Average
900668,500668,5.0,Poor
900669,500669,5.0,Excellent
900670,500670,5.0,Excellent
900671,500671,3.0,Poor
900672,500672,5.0,Poor
900673,500673,5.0,Very good
900674,500674,4.0,Good
900675,500675,2.0,Average
900676,500676,4.0,Poor
900677,500677,4.0,Excellent
900678,500678,5.0,Very good
900679,500679,5.0,Good
900680,500680,2.0,Excellent
900681,500681,4.0,Poor
900682,500682,4.0,Very good
900683,500683,5.0,Average
900684,500684,5.0,Excellent
900685,500685,4.0,Excellent
900686,500686,2.0,Good
900687,500687,3.0,Average
900688,500688,5.0,Poor
900689,500689,3.0,Poor
900690,500690,4.0,Poor
900691,500691,5.0,Good
900692,500692,4.0,Excellent
900693,500693,5.0,Very good
900694,500694,5.0,Excellent
900695,500695,4.0,Average
900696,500696,1.0,Good
900697,500697,5.0,Poor
900698,500698,5.0,Good
900699,500699,4.0,Excellent
900700,500700,5.0,Good
900701,500701,5.0,Excellent
900702,500702,5.0,Excellent
900703,500703,1.0,Average
900704,500704,4.0,Very good
900705,500705,4.0,Good
900706,500706,4.0,Poor
900707,500707,5.0,Average
900708,500708,4.0,Very good
900709,500709,4.0,Average
900710,500710,5.0,Excellent
900711,500711,5.0,Average
900712,500712,4.0,Excellent
900713,500713,5.0,Good
900714,500714,5.0,Average
900715,500715,4.0,Very good
900716,500716,4.0,Poor
900717,500717,5.0,Good
900718,500718,5.0,Poor
900719,500719,1.0,Good
900720,500720,4.0,Excellent
900721,500721,5.0,Poor
900722,500722,4.0,Very good
900723,500723,5.0,Poor
900724,500724,3.0,Average
900725,500725,5.0,Average
900726,500726,5.0,Good
900727,500727,4.0,Very good
900728,500728,5.0,Average
900729,500729,3.0,Very good
900730,500730,5.0,Excellent
900731,500731,5.0,Good
900732,500732,5.0,Good
900733,500733,4.0,Excellent
900734,500734,5.0,Very good
900735,500735,5.0,Excellent
900736,500736,4.0,Average
900737,500737,5.0,Good
900738,500738,3.0,Excellent
900739,500739,5.0,Very good
900740,500740,5.0,Good
900741,500741,5.0,Good
900742,500742,4.0,Excellent
900743,500743,5.0,Poor
900744,500744,2.0,Very good
900745,500745,4.0,Good
900746,500746,4.0,Very good
900747,500747,4.0,Average
900748,500748,3.0,Average
900749,500749,4.0,Very good
900750,500750,5.0,Very good
900751,500751,5.0,Poor
900752,500752,5.0,Good
900753,500753,5.0,Average
900754,500754,5.0,Very good
900755,500755,5.0,Good
900756,500756,5.0,Average
900757,500757,5.0,Poor
900758,500758,4.0,Very good
900759,500759,5.0,Average
900760,500760,5.0,Very good
900761,500761,4.0,Very good
900762,500762,5.0,Average
900763,500763,5.0,Good
900764,500764,2.0,Excellent
900765,500765,2.0,Excellent
900766,500766,5.0,Excellent
900767,500767,5.0,Excellent
900768,500768,4.0,Good
900769,500769,4.0,Very good
900770,500770,5.0,Good
900771,500771,4.0,Good
900772,500772,2.0,Good
900773,500773,4.0,Average
900774,500774,5.0,Average
900775,500775,2.0,Average
900776,500776,5.0,Excellent
900777,500777,5.0,Good
900778,500778,5.0,Very good
900779,500779,5.0,Very good
900780,500780,5.0,Excellent
900781,500781,5.0,Poor
900782,500782,2.0,Excellent
900783,500783,4.0,Average
900784,500784,4.0,Excellent
900785,500785,2.0,Poor
900786,500786,2.0,Very good
900787,500787,4.0,Excellent
900788,500788,4.0,Average
900789,500789,5.0,Excellent
900790,500790,5.0,Excellent
900791,500791,4.0,Poor
900792,500792,2.0,Excellent
900793,500793,5.0,Excellent
900794,500794,4.0,Good
900795,500795,5.0,Good
900796,500796,4.0,Very good
900797,500797,4.0,Good
900798,500798,5.0,Average
900799,500799,4.0,Excellent
900800,500800,5.0,Good
900801,500801,3.0,Good
900802,500802,4.0,Good
900803,500803,2.0,Good
900804,500804,5.0,Excellent
900805,500805,4.0,Average
900806,500806,3.0,Average
900807,500807,5.0,Average
900808,500808,5.0,Average
900809,500809,4.0,Average
900810,500810,5.0,Poor
900811,500811,5.0,Good
900812,500812,5.0,Excellent
900813,500813,4.0,Poor
900814,500814,5.0,Excellent
900815,500815,4.0,Good
900816,500816,4.0,Average
900817,500817,2.0,Average
900818,500818,4.0,Poor
900819,500819,5.0,Average
900820,500820,5.0,Average
900821,500821,3.0,Excellent
900822,500822,1.0,Poor
900823,500823,3.0,Good
900824,500824,5.0,Very good
900825,500825,4.0,Poor
900826,500826,5.0,Very good
900827,500827,1.0,Very good
900828,500828,5.0,Good
900829,500829,5.0,Good
900830,500830,2.0,Very good
900831,500831,5.0,Very good
900832,500832,5.0,Poor
900833,500833,5.0,Very good
900834,500834,4.0,Poor
900835,500835,5.0,Excellent
900836,500836,4.0,Average
900837,500837,5.0,Good
900838,500838,5.0,Excellent
900839,500839,5.0,Average
900840,500840,5.0,Average
900841,500841,4.0,Poor
900842,500842,5.0,Poor
900843,500843,5.0,Good
900844,500844,4.0,Very good
900845,500845,4.0,Average
900846,500846,5.0,Average
900847,500847,4.0,Excellent
900848,500848,5.0,Very good
900849,500849,3.0,Good
900850,500850,5.0,Excellent
900851,500851,5.0,Very good
900852,500852,3.0,Very good
900853,500853,2.0,Good
900854,500854,4.0,Average
900855,500855,5.0,Very good
900856,500856,4.0,Poor
900857,500857,4.0,Average
900858,500858,5.0,Average
900859,500859,5.0,Excellent
900860,500860,3.0,Very good
900861,500861,5.0,Average
900862,500862,5.0,Excellent
900863,500863,5.0,Good
900864,500864,5.0,Average
900865,500865,5.0,Very good
900866,500866,5.0,Very good
900867,500867,5.0,Good
900868,500868,4.0,Excellent
900869,500869,5.0,Excellent
900870,500870,5.0,Average
900871,500871,3.0,Average
900872,500872,4.0,Average
900873,500873,5.0,Good
900874,500874,2.0,Very good
900875,500875,4.0,Average
900876,500876,3.0,Very good
900877,500877,3.0,Good
900878,500878,5.0,Good
900879,500879,1.0,Average
900880,500880,4.0,Poor
900881,500881,1.0,Good
900882,500882,5.0,Average
900883,500883,5.0,Average
900884,500884,4.0,Poor
900885,500885,2.0,Poor
900886,500886,4.0,Good
900887,500887,1.0,Excellent
900888,500888,5.0,Good
900889,500889,5.0,Excellent
900890,500890,5.0,Average
900891,500891,5.0,Average
900892,500892,5.0,Excellent
900893,500893,4.0,Very good
900894,500894,5.0,Poor
900895,500895,4.0,Average
900896,500896,5.0,Excellent
900897,500897,3.0,Excellent
900898,500898,4.0,Very good
900899,500899,4.0,Good
900900,500900,3.0,Very good
900901,500901,4.0,Poor
900902,500902,5.0,Poor
900903,500903,4.0,Very good
900904,500904,5.0,Very good
900905,500905,4.0,Good
900906,500906,5.0,Very good
900907,500907,4.0,Excellent
900908,500908,4.0,Poor
900909,500909,3.0,Good
900910,500910,4.0,Poor
900911,500911,3.0,Very good
900912,500912,5.0,Average
900913,500913,4.0,Excellent
900914,500914,3.0,Very good
900915,500915,4.0,Excellent
900916,500916,5.0,Poor
900917,500917,4.0,Average
900918,500918,3.0,Average
900919,500919,2.0,Good
900920,500920,5.0,Average
900921,500921,5.0,Excellent
900922,500922,4.0,Good
900923,500923,5.0,Average
900924,500924,4.0,Poor
900925,500925,4.0,Average
900926,500926,5.0,Very good
900927,500927,5.0,Good
900928,500928,4.0,Excellent
900929,500929,5.0,Good
900930,500930,4.0,Excellent
900931,500931,5.0,Average
900932,500932,5.0,Very good
900933,500933,5.0,Average
900934,500934,3.0,Excellent
900935,500935,4.0,Average
900936,500936,4.0,Poor
900937,500937,4.0,Very good
900938,500938,4.0,Average
900939,500939,5.0,Average
900940,500940,5.0,Average
900941,500941,5.0,Good
900942,500942,5.0,Excellent
900943,500943,4.0,Poor
900944,500944,4.0,Excellent
900945,500945,4.0,Poor
900946,500946,5.0,Average
900947,500947,3.0,Average
900948,500948,4.0,Good
900949,500949,4.0,Very good
900950,500950,5.0,Poor
900951,500951,5.0,Excellent
900952,500952,5.0,Very good
900953,500953,3.0,Excellent
900954,500954,5.0,Very good
900955,500955,2.0,Average
900956,500956,5.0,Average
900957,500957,4.0,Average
900958,500958,4.0,Average
900959,500959,4.0,Excellent
900960,500960,4.0,Excellent
900961,500961,5.0,Poor
900962,500962,2.0,Poor
900963,500963,5.0,Good
900964,500964,4.0,Average
900965,500965,3.0,Good
900966,500966,5.0,Very good
900967,500967,5.0,Excellent
900968,500968,5.0,Poor
900969,500969,5.0,Good
900970,500970,5.0,Excellent
900971,500971,4.0,Excellent
900972,500972,5.0,Average
900973,500973,5.0,Excellent
900974,500974,5.0,Poor
900975,500975,5.0,Good
900976,500976,3.0,Very good
900977,500977,5.0,Excellent
900978,500978,5.0,Good
900979,500979,5.0,Good
900980,500980,5.0,Poor
900981,500981,4.0,Good
900982,500982,5.0,Excellent
900983,500983,5.0,Average
900984,500984,1.0,Very good
900985,500985,5.0,Very good
900986,500986,5.0,Average
900987,500987,5.0,Very good
900988,500988,5.0,Poor
900989,500989,3.0,Poor
900990,500990,1.0,Good
900991,500991,4.0,Average
900992,500992,5.0,Very good
900993,500993,5.0,Very good
900994,500994,5.0,Poor
900995,500995,5.0,Excellent
900996,500996,5.0,Excellent
900997,500997,5.0,Average
900998,500998,5.0,Average
900999,500999,3.0,Poor
901000,501000,4.0,Good
901001,501001,4.0,Poor
901002,501002,3.0,Very good
901003,501003,5.0,Good
901004,501004,4.0,Poor
901005,501005,4.0,Excellent
901006,501006,3.0,Average
901007,501007,4.0,Very good
901008,501008,4.0,Good
901009,501009,5.0,Poor
901010,501010,5.0,Very good
901011,501011,5.0,Average
901012,501012,4.0,Very good
901013,501013,2.0,Poor
901014,501014,5.0,Average
901015,501015,2.0,Excellent
901016,501016,4.0,Poor
901017,501017,5.0,Good
901018,501018,5.0,Good
901019,501019,5.0,Very good
901020,501020,4.0,Good
901021,501021,5.0,Good
901022,501022,4.0,Very good
901023,501023,5.0,Good
901024,501024,5.0,Poor
901025,501025,5.0,Average
901026,501026,4.0,Excellent
901027,501027,5.0,Average
901028,501028,5.0,Average
901029,501029,5.0,Poor
901030,501030,5.0,Good
901031,501031,5.0,Good
901032,501032,1.0,Good
901033,501033,5.0,Average
901034,501034,4.0,Very good
901035,501035,5.0,Average
901036,501036,5.0,Excellent
901037,501037,5.0,Very good
901038,501038,5.0,Good
901039,501039,3.0,Average
901040,501040,3.0,Very good
901041,501041,5.0,Excellent
901042,501042,4.0,Excellent
901043,501043,3.0,Good
901044,501044,5.0,Good
901045,501045,5.0,Very good
901046,501046,3.0,Poor
901047,501047,2.0,Poor
901048,501048,4.0,Good
901049,501049,5.0,Average
901050,501050,5.0,Average
901051,501051,4.0,Excellent
901052,501052,3.0,Average
901053,501053,5.0,Good
901054,501054,3.0,Very good
901055,501055,5.0,Poor
901056,501056,4.0,Very good
901057,501057,5.0,Excellent
901058,501058,5.0,Excellent
901059,501059,1.0,Average
901060,501060,4.0,Average
901061,501061,4.0,Average
901062,501062,4.0,Poor
901063,501063,4.0,Very good
901064,501064,5.0,Good
901065,501065,5.0,Good
901066,501066,3.0,Good
901067,501067,4.0,Good
901068,501068,5.0,Average
901069,501069,4.0,Very good
901070,501070,5.0,Average
901071,501071,5.0,Average
901072,501072,5.0,Very good
901073,501073,5.0,Good
901074,501074,5.0,Excellent
901075,501075,2.0,Good
901076,501076,2.0,Excellent
901077,501077,4.0,Good
901078,501078,3.0,Very good
901079,501079,4.0,Very good
901080,501080,3.0,Very good
901081,501081,5.0,Good
901082,501082,4.0,Average
901083,501083,5.0,Very good
901084,501084,4.0,Poor
901085,501085,5.0,Excellent
901086,501086,4.0,Very good
901087,501087,1.0,Excellent
901088,501088,5.0,Good
901089,501089,3.0,Average
901090,501090,5.0,Poor
901091,501091,5.0,Poor
901092,501092,5.0,Poor
901093,501093,5.0,Good
901094,501094,5.0,Good
901095,501095,2.0,Poor
901096,501096,5.0,Very good
901097,501097,2.0,Very good
901098,501098,4.0,Very good
901099,501099,5.0,Poor
901100,501100,4.0,Average
901101,501101,5.0,Poor
901102,501102,5.0,Excellent
901103,501103,5.0,Very good
901104,501104,2.0,Very good
901105,501105,5.0,Average
901106,501106,4.0,Average
901107,501107,1.0,Average
901108,501108,5.0,Excellent
901109,501109,5.0,Good
901110,501110,5.0,Poor
901111,501111,5.0,Excellent
901112,501112,5.0,Poor
901113,501113,4.0,Good
901114,501114,4.0,Excellent
901115,501115,5.0,Average
901116,501116,5.0,Good
901117,501117,4.0,Average
901118,501118,4.0,Very good
901119,501119,4.0,Poor
901120,501120,5.0,Very good
901121,501121,4.0,Good
901122,501122,5.0,Average
901123,501123,5.0,Poor
901124,501124,5.0,Excellent
901125,501125,4.0,Very good
901126,501126,5.0,Good
901127,501127,5.0,Average
901128,501128,1.0,Average
901129,501129,4.0,Excellent
901130,501130,4.0,Good
901131,501131,3.0,Excellent
901132,501132,4.0,Poor
901133,501133,3.0,Poor
901134,501134,5.0,Excellent
901135,501135,4.0,Excellent
901136,501136,4.0,Very good
901137,501137,5.0,Good
901138,501138,5.0,Very good
901139,501139,5.0,Poor
901140,501140,5.0,Poor
901141,501141,5.0,Good
901142,501142,4.0,Good
901143,501143,5.0,Poor
901144,501144,4.0,Poor
901145,501145,5.0,Average
901146,501146,3.0,Good
901147,501147,5.0,Poor
901148,501148,4.0,Good
901149,501149,5.0,Very good
901150,501150,4.0,Poor
901151,501151,5.0,Good
901152,501152,5.0,Very good
901153,501153,3.0,Excellent
901154,501154,5.0,Very good
901155,501155,4.0,Average
901156,501156,4.0,Good
901157,501157,4.0,Very good
901158,501158,5.0,Poor
901159,501159,4.0,Excellent
901160,501160,5.0,Good
901161,501161,5.0,Average
901162,501162,4.0,Poor
901163,501163,1.0,Very good
901164,501164,2.0,Good
901165,501165,4.0,Very good
901166,501166,5.0,Poor
901167,501167,4.0,Good
901168,501168,5.0,Very good
901169,501169,5.0,Very good
901170,501170,4.0,Good
901171,501171,5.0,Average
901172,501172,5.0,Very good
901173,501173,5.0,Average
901174,501174,3.0,Poor
901175,501175,5.0,Poor
901176,501176,5.0,Average
901177,501177,5.0,Good
901178,501178,5.0,Average
901179,501179,5.0,Very good
901180,501180,5.0,Good
901181,501181,4.0,Very good
901182,501182,5.0,Good
901183,501183,3.0,Average
901184,501184,5.0,Excellent
901185,501185,4.0,Very good
901186,501186,5.0,Poor
901187,501187,5.0,Excellent
901188,501188,5.0,Good
901189,501189,3.0,Average
901190,501190,5.0,Average
901191,501191,4.0,Excellent
901192,501192,3.0,Very good
901193,501193,5.0,Average
901194,501194,5.0,Poor
901195,501195,5.0,Poor
901196,501196,5.0,Excellent
901197,501197,5.0,Good
901198,501198,4.0,Poor
901199,501199,4.0,Poor
901200,501200,5.0,Good
901201,501201,5.0,Good
901202,501202,5.0,Poor
901203,501203,3.0,Good
901204,501204,4.0,Excellent
901205,501205,2.0,Average
901206,501206,5.0,Excellent
901207,501207,4.0,Average
901208,501208,4.0,Very good
901209,501209,5.0,Excellent
901210,501210,1.0,Good
901211,501211,4.0,Average
901212,501212,5.0,Excellent
901213,501213,4.0,Average
901214,501214,5.0,Good
901215,501215,5.0,Poor
901216,501216,3.0,Good
901217,501217,4.0,Very good
901218,501218,5.0,Very good
901219,501219,5.0,Very good
901220,501220,5.0,Excellent
901221,501221,2.0,Very good
901222,501222,5.0,Excellent
901223,501223,4.0,Good
901224,501224,4.0,Very good
901225,501225,5.0,Very good
901226,501226,4.0,Good
901227,501227,3.0,Very good
901228,501228,4.0,Excellent
901229,501229,4.0,Good
901230,501230,5.0,Excellent
901231,501231,3.0,Average
901232,501232,3.0,Very good
901233,501233,4.0,Poor
901234,501234,5.0,Average
901235,501235,5.0,Excellent
901236,501236,1.0,Poor
901237,501237,5.0,Good
901238,501238,5.0,Poor
901239,501239,5.0,Excellent
901240,501240,5.0,Average
901241,501241,4.0,Average
901242,501242,5.0,Poor
901243,501243,5.0,Very good
901244,501244,5.0,Very good
901245,501245,5.0,Good
901246,501246,5.0,Poor
901247,501247,5.0,Poor
901248,501248,4.0,Very good
901249,501249,5.0,Very good
901250,501250,5.0,Excellent
901251,501251,5.0,Very good
901252,501252,2.0,Average
901253,501253,5.0,Very good
901254,501254,4.0,Poor
901255,501255,4.0,Good
901256,501256,4.0,Good
901257,501257,2.0,Very good
901258,501258,4.0,Excellent
901259,501259,2.0,Excellent
901260,501260,3.0,Excellent
901261,501261,1.0,Average
901262,501262,3.0,Good
901263,501263,5.0,Average
901264,501264,5.0,Very good
901265,501265,2.0,Good
901266,501266,5.0,Excellent
901267,501267,5.0,Good
901268,501268,5.0,Poor
901269,501269,4.0,Poor
901270,501270,5.0,Excellent
901271,501271,3.0,Very good
901272,501272,4.0,Average
901273,501273,5.0,Average
901274,501274,4.0,Good
901275,501275,3.0,Very good
901276,501276,4.0,Excellent
901277,501277,5.0,Average
901278,501278,3.0,Average
901279,501279,4.0,Average
901280,501280,4.0,Good
901281,501281,4.0,Very good
901282,501282,4.0,Good
901283,501283,3.0,Poor
901284,501284,4.0,Poor
901285,501285,2.0,Good
901286,501286,5.0,Very good
901287,501287,5.0,Average
901288,501288,2.0,Poor
901289,501289,4.0,Poor
901290,501290,5.0,Average
901291,501291,5.0,Poor
901292,501292,4.0,Average
901293,501293,3.0,Poor
901294,501294,5.0,Average
901295,501295,4.0,Very good
901296,501296,3.0,Average
901297,501297,4.0,Very good
901298,501298,5.0,Average
901299,501299,4.0,Average
901300,501300,2.0,Average
901301,501301,3.0,Good
901302,501302,5.0,Poor
901303,501303,5.0,Poor
901304,501304,5.0,Good
901305,501305,5.0,Very good
901306,501306,4.0,Excellent
901307,501307,4.0,Excellent
901308,501308,5.0,Poor
901309,501309,5.0,Average
901310,501310,4.0,Poor
901311,501311,5.0,Poor
901312,501312,1.0,Poor
901313,501313,1.0,Good
901314,501314,4.0,Good
901315,501315,5.0,Good
901316,501316,5.0,Poor
901317,501317,5.0,Poor
901318,501318,5.0,Very good
901319,501319,2.0,Good
901320,501320,5.0,Excellent
901321,501321,3.0,Very good
901322,501322,5.0,Average
901323,501323,3.0,Good
901324,501324,2.0,Good
901325,501325,5.0,Very good
901326,501326,3.0,Poor
901327,501327,1.0,Excellent
901328,501328,5.0,Good
901329,501329,5.0,Very good
901330,501330,4.0,Poor
901331,501331,5.0,Very good
901332,501332,5.0,Excellent
901333,501333,3.0,Average
901334,501334,4.0,Excellent
901335,501335,5.0,Average
901336,501336,5.0,Excellent
901337,501337,4.0,Good
901338,501338,5.0,Good
901339,501339,5.0,Excellent
901340,501340,5.0,Very good
901341,501341,5.0,Good
901342,501342,5.0,Excellent
901343,501343,2.0,Very good
901344,501344,5.0,Excellent
901345,501345,5.0,Excellent
901346,501346,5.0,Very good
901347,501347,5.0,Average
901348,501348,3.0,Good
901349,501349,4.0,Good
901350,501350,5.0,Average
901351,501351,4.0,Good
901352,501352,3.0,Excellent
901353,501353,5.0,Very good
901354,501354,4.0,Very good
901355,501355,5.0,Excellent
901356,501356,2.0,Average
901357,501357,5.0,Average
901358,501358,2.0,Excellent
901359,501359,5.0,Good
901360,501360,5.0,Poor
901361,501361,4.0,Excellent
901362,501362,5.0,Good
901363,501363,4.0,Good
901364,501364,4.0,Good
901365,501365,5.0,Poor
901366,501366,5.0,Average
901367,501367,5.0,Poor
901368,501368,5.0,Average
901369,501369,5.0,Poor
901370,501370,3.0,Poor
901371,501371,4.0,Very good
901372,501372,5.0,Excellent
901373,501373,2.0,Very good
901374,501374,5.0,Poor
901375,501375,5.0,Excellent
901376,501376,5.0,Excellent
901377,501377,3.0,Excellent
901378,501378,5.0,Poor
901379,501379,4.0,Average
901380,501380,5.0,Excellent
901381,501381,5.0,Good
901382,501382,5.0,Average
901383,501383,1.0,Excellent
901384,501384,4.0,Average
901385,501385,4.0,Excellent
901386,501386,5.0,Poor
901387,501387,5.0,Excellent
901388,501388,5.0,Poor
901389,501389,2.0,Good
901390,501390,4.0,Average
901391,501391,5.0,Good
901392,501392,5.0,Very good
901393,501393,5.0,Poor
901394,501394,4.0,Very good
901395,501395,2.0,Poor
901396,501396,5.0,Very good
901397,501397,5.0,Good
901398,501398,5.0,Good
901399,501399,5.0,Very good
901400,501400,5.0,Excellent
901401,501401,5.0,Excellent
901402,501402,5.0,Poor
901403,501403,1.0,Good
901404,501404,4.0,Good
901405,501405,5.0,Good
901406,501406,5.0,Poor
901407,501407,5.0,Average
901408,501408,4.0,Excellent
901409,501409,5.0,Average
901410,501410,4.0,Poor
901411,501411,4.0,Excellent
901412,501412,5.0,Excellent
901413,501413,5.0,Poor
901414,501414,4.0,Very good
901415,501415,5.0,Excellent
901416,501416,5.0,Poor
901417,501417,4.0,Poor
901418,501418,4.0,Excellent
901419,501419,5.0,Good
901420,501420,5.0,Average
901421,501421,5.0,Poor
901422,501422,3.0,Average
901423,501423,5.0,Excellent
901424,501424,5.0,Very good
901425,501425,4.0,Average
901426,501426,5.0,Average
901427,501427,4.0,Average
901428,501428,5.0,Average
901429,501429,2.0,Good
901430,501430,4.0,Good
901431,501431,4.0,Excellent
901432,501432,4.0,Poor
901433,501433,3.0,Good
901434,501434,4.0,Excellent
901435,501435,5.0,Excellent
901436,501436,1.0,Very good
901437,501437,4.0,Average
901438,501438,3.0,Poor
901439,501439,5.0,Average
901440,501440,3.0,Very good
901441,501441,5.0,Very good
901442,501442,4.0,Poor
901443,501443,4.0,Very good
901444,501444,5.0,Good
901445,501445,5.0,Average
901446,501446,5.0,Good
901447,501447,3.0,Very good
901448,501448,4.0,Good
901449,501449,4.0,Poor
901450,501450,4.0,Good
901451,501451,5.0,Poor
901452,501452,4.0,Excellent
901453,501453,4.0,Poor
901454,501454,2.0,Very good
901455,501455,4.0,Average
901456,501456,2.0,Average
901457,501457,4.0,Average
901458,501458,5.0,Average
901459,501459,5.0,Average
901460,501460,4.0,Average
901461,501461,4.0,Average
901462,501462,5.0,Excellent
901463,501463,1.0,Average
901464,501464,5.0,Average
901465,501465,5.0,Very good
901466,501466,4.0,Good
901467,501467,5.0,Very good
901468,501468,4.0,Very good
901469,501469,1.0,Poor
901470,501470,5.0,Poor
901471,501471,3.0,Good
901472,501472,1.0,Excellent
901473,501473,5.0,Poor
901474,501474,5.0,Poor
901475,501475,3.0,Very good
901476,501476,5.0,Average
901477,501477,2.0,Very good
901478,501478,5.0,Excellent
901479,501479,4.0,Excellent
901480,501480,5.0,Excellent
901481,501481,5.0,Good
901482,501482,3.0,Excellent
901483,501483,5.0,Excellent
901484,501484,3.0,Very good
901485,501485,5.0,Excellent
901486,501486,3.0,Very good
901487,501487,3.0,Poor
901488,501488,2.0,Poor
901489,501489,4.0,Excellent
901490,501490,5.0,Excellent
901491,501491,5.0,Excellent
901492,501492,5.0,Good
901493,501493,5.0,Very good
901494,501494,5.0,Average
901495,501495,4.0,Good
901496,501496,5.0,Good
901497,501497,5.0,Good
901498,501498,4.0,Average
901499,501499,4.0,Very good
901500,501500,4.0,Excellent
901501,501501,4.0,Poor
901502,501502,5.0,Excellent
901503,501503,3.0,Good
901504,501504,5.0,Average
901505,501505,3.0,Excellent
901506,501506,3.0,Good
901507,501507,2.0,Poor
901508,501508,4.0,Poor
901509,501509,5.0,Excellent
901510,501510,5.0,Poor
901511,501511,4.0,Average
901512,501512,4.0,Poor
901513,501513,5.0,Good
901514,501514,5.0,Very good
901515,501515,5.0,Poor
901516,501516,4.0,Poor
901517,501517,5.0,Excellent
901518,501518,2.0,Poor
901519,501519,4.0,Good
901520,501520,5.0,Poor
901521,501521,2.0,Poor
901522,501522,4.0,Very good
901523,501523,4.0,Very good
901524,501524,3.0,Good
901525,501525,5.0,Excellent
901526,501526,3.0,Average
901527,501527,4.0,Average
901528,501528,5.0,Good
901529,501529,1.0,Average
901530,501530,3.0,Average
901531,501531,4.0,Poor
901532,501532,3.0,Good
901533,501533,4.0,Poor
901534,501534,5.0,Very good
901535,501535,3.0,Poor
901536,501536,5.0,Poor
901537,501537,5.0,Good
901538,501538,4.0,Good
901539,501539,4.0,Excellent
901540,501540,1.0,Average
901541,501541,1.0,Excellent
901542,501542,4.0,Poor
901543,501543,4.0,Very good
901544,501544,4.0,Very good
901545,501545,4.0,Excellent
901546,501546,3.0,Poor
901547,501547,5.0,Average
901548,501548,4.0,Excellent
901549,501549,5.0,Poor
901550,501550,5.0,Very good
901551,501551,4.0,Average
901552,501552,5.0,Very good
901553,501553,1.0,Excellent
901554,501554,5.0,Very good
901555,501555,4.0,Poor
901556,501556,5.0,Poor
901557,501557,5.0,Average
901558,501558,5.0,Excellent
901559,501559,5.0,Average
901560,501560,3.0,Very good
901561,501561,4.0,Average
901562,501562,3.0,Excellent
901563,501563,4.0,Average
901564,501564,4.0,Excellent
901565,501565,5.0,Average
901566,501566,5.0,Poor
901567,501567,5.0,Excellent
901568,501568,5.0,Average
901569,501569,5.0,Average
901570,501570,5.0,Poor
901571,501571,3.0,Excellent
901572,501572,5.0,Poor
901573,501573,4.0,Poor
901574,501574,4.0,Excellent
901575,501575,5.0,Excellent
901576,501576,4.0,Poor
901577,501577,5.0,Very good
901578,501578,5.0,Very good
901579,501579,5.0,Poor
901580,501580,5.0,Very good
901581,501581,5.0,Poor
901582,501582,4.0,Excellent
901583,501583,4.0,Average
901584,501584,5.0,Good
901585,501585,4.0,Good
901586,501586,4.0,Excellent
901587,501587,5.0,Excellent
901588,501588,4.0,Poor
901589,501589,5.0,Excellent
901590,501590,4.0,Poor
901591,501591,1.0,Good
901592,501592,5.0,Average
901593,501593,4.0,Good
901594,501594,5.0,Good
901595,501595,1.0,Average
901596,501596,2.0,Poor
901597,501597,5.0,Average
901598,501598,4.0,Poor
901599,501599,5.0,Very good
901600,501600,4.0,Average
901601,501601,5.0,Very good
901602,501602,5.0,Excellent
901603,501603,5.0,Average
901604,501604,4.0,Average
901605,501605,5.0,Excellent
901606,501606,5.0,Very good
901607,501607,5.0,Poor
901608,501608,5.0,Average
901609,501609,4.0,Poor
901610,501610,4.0,Poor
901611,501611,5.0,Poor
901612,501612,5.0,Good
901613,501613,5.0,Average
901614,501614,5.0,Good
901615,501615,4.0,Very good
901616,501616,5.0,Excellent
901617,501617,4.0,Very good
901618,501618,5.0,Good
901619,501619,4.0,Poor
901620,501620,3.0,Excellent
901621,501621,5.0,Very good
901622,501622,3.0,Average
901623,501623,3.0,Very good
901624,501624,5.0,Good
901625,501625,4.0,Very good
901626,501626,5.0,Very good
901627,501627,3.0,Excellent
901628,501628,4.0,Good
901629,501629,4.0,Average
901630,501630,4.0,Good
901631,501631,4.0,Very good
901632,501632,4.0,Excellent
901633,501633,4.0,Good
901634,501634,1.0,Good
901635,501635,5.0,Average
901636,501636,4.0,Poor
901637,501637,4.0,Excellent
901638,501638,4.0,Poor
901639,501639,5.0,Average
901640,501640,4.0,Poor
901641,501641,5.0,Excellent
901642,501642,4.0,Very good
901643,501643,5.0,Average
901644,501644,4.0,Good
901645,501645,5.0,Poor
901646,501646,4.0,Average
901647,501647,5.0,Good
901648,501648,4.0,Excellent
901649,501649,5.0,Average
901650,501650,1.0,Good
901651,501651,5.0,Poor
901652,501652,5.0,Good
901653,501653,4.0,Excellent
901654,501654,5.0,Poor
901655,501655,5.0,Very good
901656,501656,5.0,Very good
901657,501657,4.0,Average
901658,501658,4.0,Good
901659,501659,5.0,Good
901660,501660,4.0,Good
901661,501661,5.0,Excellent
901662,501662,3.0,Very good
901663,501663,5.0,Good
901664,501664,5.0,Poor
901665,501665,4.0,Good
901666,501666,5.0,Poor
901667,501667,5.0,Very good
901668,501668,3.0,Average
901669,501669,4.0,Very good
901670,501670,4.0,Good
901671,501671,4.0,Good
901672,501672,4.0,Poor
901673,501673,4.0,Excellent
901674,501674,3.0,Excellent
901675,501675,3.0,Good
901676,501676,4.0,Average
901677,501677,2.0,Average
901678,501678,5.0,Excellent
901679,501679,3.0,Average
901680,501680,2.0,Poor
901681,501681,5.0,Good
901682,501682,5.0,Average
901683,501683,5.0,Good
901684,501684,5.0,Excellent
901685,501685,5.0,Poor
901686,501686,5.0,Average
901687,501687,3.0,Very good
901688,501688,5.0,Excellent
901689,501689,5.0,Excellent
901690,501690,5.0,Poor
901691,501691,3.0,Very good
901692,501692,5.0,Very good
901693,501693,4.0,Very good
901694,501694,5.0,Good
901695,501695,5.0,Poor
901696,501696,5.0,Excellent
901697,501697,4.0,Average
901698,501698,4.0,Very good
901699,501699,5.0,Poor
901700,501700,5.0,Very good
901701,501701,4.0,Very good
901702,501702,5.0,Poor
901703,501703,5.0,Poor
901704,501704,4.0,Good
901705,501705,3.0,Average
901706,501706,5.0,Excellent
901707,501707,5.0,Average
901708,501708,5.0,Very good
901709,501709,5.0,Excellent
901710,501710,4.0,Average
901711,501711,5.0,Very good
901712,501712,5.0,Good
901713,501713,4.0,Average
901714,501714,1.0,Poor
901715,501715,5.0,Poor
901716,501716,1.0,Poor
901717,501717,5.0,Excellent
901718,501718,3.0,Excellent
901719,501719,4.0,Poor
901720,501720,5.0,Very good
901721,501721,2.0,Good
901722,501722,1.0,Average
901723,501723,3.0,Excellent
901724,501724,5.0,Excellent
901725,501725,5.0,Average
901726,501726,4.0,Excellent
901727,501727,5.0,Average
901728,501728,5.0,Average
901729,501729,3.0,Excellent
901730,501730,4.0,Average
901731,501731,5.0,Average
901732,501732,3.0,Excellent
901733,501733,5.0,Good
901734,501734,4.0,Average
901735,501735,5.0,Very good
901736,501736,4.0,Average
901737,501737,4.0,Poor
901738,501738,2.0,Average
901739,501739,5.0,Very good
901740,501740,3.0,Very good
901741,501741,4.0,Average
901742,501742,4.0,Good
901743,501743,4.0,Average
901744,501744,5.0,Very good
901745,501745,4.0,Average
901746,501746,5.0,Good
901747,501747,5.0,Poor
901748,501748,5.0,Excellent
901749,501749,5.0,Good
901750,501750,4.0,Excellent
901751,501751,5.0,Very good
901752,501752,5.0,Very good
901753,501753,5.0,Very good
901754,501754,5.0,Excellent
901755,501755,5.0,Very good
901756,501756,4.0,Good
901757,501757,4.0,Very good
901758,501758,5.0,Good
901759,501759,5.0,Good
901760,501760,3.0,Poor
901761,501761,5.0,Poor
901762,501762,3.0,Good
901763,501763,4.0,Very good
901764,501764,4.0,Excellent
901765,501765,4.0,Very good
901766,501766,5.0,Average
901767,501767,2.0,Average
901768,501768,5.0,Very good
901769,501769,5.0,Excellent
901770,501770,5.0,Very good
901771,501771,3.0,Good
901772,501772,4.0,Very good
901773,501773,5.0,Poor
901774,501774,5.0,Good
901775,501775,4.0,Excellent
901776,501776,4.0,Excellent
901777,501777,5.0,Excellent
901778,501778,4.0,Excellent
901779,501779,3.0,Poor
901780,501780,5.0,Very good
901781,501781,5.0,Poor
901782,501782,4.0,Poor
901783,501783,5.0,Very good
901784,501784,4.0,Poor
901785,501785,5.0,Excellent
901786,501786,5.0,Average
901787,501787,4.0,Poor
901788,501788,5.0,Average
901789,501789,5.0,Good
901790,501790,3.0,Average
901791,501791,5.0,Poor
901792,501792,5.0,Good
901793,501793,5.0,Good
901794,501794,4.0,Average
901795,501795,4.0,Average
901796,501796,5.0,Good
901797,501797,4.0,Good
901798,501798,5.0,Excellent
901799,501799,5.0,Poor
901800,501800,3.0,Good
901801,501801,3.0,Very good
901802,501802,4.0,Very good
901803,501803,2.0,Poor
901804,501804,5.0,Very good
901805,501805,3.0,Very good
901806,501806,4.0,Poor
901807,501807,5.0,Good
901808,501808,5.0,Very good
901809,501809,2.0,Good
901810,501810,4.0,Excellent
901811,501811,5.0,Average
901812,501812,5.0,Excellent
901813,501813,5.0,Excellent
901814,501814,1.0,Excellent
901815,501815,5.0,Very good
901816,501816,5.0,Excellent
901817,501817,5.0,Good
901818,501818,5.0,Poor
901819,501819,5.0,Very good
901820,501820,2.0,Excellent
901821,501821,5.0,Very good
901822,501822,5.0,Very good
901823,501823,3.0,Very good
901824,501824,4.0,Poor
901825,501825,3.0,Average
901826,501826,5.0,Excellent
901827,501827,5.0,Excellent
901828,501828,5.0,Very good
901829,501829,5.0,Very good
901830,501830,5.0,Very good
901831,501831,5.0,Poor
901832,501832,4.0,Average
901833,501833,4.0,Excellent
901834,501834,5.0,Excellent
901835,501835,5.0,Good
901836,501836,5.0,Average
901837,501837,5.0,Good
901838,501838,5.0,Average
901839,501839,4.0,Poor
901840,501840,4.0,Poor
901841,501841,4.0,Very good
901842,501842,5.0,Good
901843,501843,5.0,Very good
901844,501844,2.0,Very good
901845,501845,4.0,Good
901846,501846,5.0,Good
901847,501847,4.0,Very good
901848,501848,5.0,Very good
901849,501849,4.0,Average
901850,501850,5.0,Excellent
901851,501851,5.0,Poor
901852,501852,4.0,Very good
901853,501853,5.0,Average
901854,501854,5.0,Excellent
901855,501855,4.0,Poor
901856,501856,5.0,Poor
901857,501857,5.0,Very good
901858,501858,5.0,Very good
901859,501859,3.0,Average
901860,501860,4.0,Good
901861,501861,4.0,Excellent
901862,501862,4.0,Excellent
901863,501863,5.0,Very good
901864,501864,5.0,Very good
901865,501865,3.0,Poor
901866,501866,5.0,Very good
901867,501867,5.0,Good
901868,501868,5.0,Poor
901869,501869,5.0,Good
901870,501870,4.0,Good
901871,501871,5.0,Poor
901872,501872,4.0,Excellent
901873,501873,4.0,Average
901874,501874,5.0,Average
901875,501875,1.0,Average
901876,501876,4.0,Poor
901877,501877,3.0,Good
901878,501878,3.0,Excellent
901879,501879,4.0,Poor
901880,501880,3.0,Excellent
901881,501881,3.0,Very good
901882,501882,5.0,Very good
901883,501883,5.0,Good
901884,501884,5.0,Poor
901885,501885,5.0,Average
901886,501886,5.0,Poor
901887,501887,5.0,Good
901888,501888,4.0,Very good
901889,501889,3.0,Very good
901890,501890,5.0,Average
901891,501891,5.0,Very good
901892,501892,5.0,Good
901893,501893,5.0,Poor
901894,501894,1.0,Very good
901895,501895,3.0,Poor
901896,501896,5.0,Very good
901897,501897,4.0,Good
901898,501898,4.0,Excellent
901899,501899,5.0,Average
901900,501900,5.0,Good
901901,501901,5.0,Poor
901902,501902,4.0,Good
901903,501903,4.0,Very good
901904,501904,5.0,Excellent
901905,501905,5.0,Very good
901906,501906,5.0,Good
901907,501907,4.0,Good
901908,501908,2.0,Excellent
901909,501909,4.0,Poor
901910,501910,5.0,Poor
901911,501911,4.0,Very good
901912,501912,4.0,Excellent
901913,501913,4.0,Average
901914,501914,4.0,Very good
901915,501915,5.0,Excellent
901916,501916,3.0,Average
901917,501917,5.0,Good
901918,501918,5.0,Good
901919,501919,3.0,Poor
901920,501920,1.0,Very good
901921,501921,2.0,Excellent
901922,501922,3.0,Poor
901923,501923,5.0,Good
901924,501924,5.0,Poor
901925,501925,3.0,Very good
901926,501926,4.0,Very good
901927,501927,5.0,Excellent
901928,501928,5.0,Very good
901929,501929,4.0,Very good
901930,501930,4.0,Poor
901931,501931,3.0,Good
901932,501932,4.0,Poor
901933,501933,5.0,Excellent
901934,501934,5.0,Good
901935,501935,4.0,Very good
901936,501936,5.0,Poor
901937,501937,4.0,Good
901938,501938,3.0,Average
901939,501939,5.0,Excellent
901940,501940,5.0,Very good
901941,501941,5.0,Average
901942,501942,1.0,Average
901943,501943,4.0,Good
901944,501944,5.0,Good
901945,501945,3.0,Good
901946,501946,5.0,Average
901947,501947,5.0,Average
901948,501948,4.0,Average
901949,501949,5.0,Average
901950,501950,5.0,Average
901951,501951,5.0,Good
901952,501952,4.0,Average
901953,501953,5.0,Good
901954,501954,4.0,Very good
901955,501955,3.0,Poor
901956,501956,5.0,Good
901957,501957,5.0,Poor
901958,501958,2.0,Very good
901959,501959,5.0,Poor
901960,501960,5.0,Poor
901961,501961,5.0,Good
901962,501962,2.0,Excellent
901963,501963,1.0,Average
901964,501964,5.0,Good
901965,501965,5.0,Excellent
901966,501966,4.0,Very good
901967,501967,4.0,Good
901968,501968,5.0,Very good
901969,501969,5.0,Poor
901970,501970,5.0,Excellent
901971,501971,5.0,Excellent
901972,501972,5.0,Average
901973,501973,5.0,Poor
901974,501974,5.0,Good
901975,501975,5.0,Excellent
901976,501976,1.0,Poor
901977,501977,4.0,Good
901978,501978,2.0,Excellent
901979,501979,5.0,Good
901980,501980,1.0,Good
901981,501981,4.0,Average
901982,501982,5.0,Good
901983,501983,5.0,Average
901984,501984,5.0,Average
901985,501985,5.0,Excellent
901986,501986,2.0,Good
901987,501987,4.0,Average
901988,501988,5.0,Poor
901989,501989,5.0,Excellent
901990,501990,4.0,Very good
901991,501991,4.0,Excellent
901992,501992,4.0,Poor
901993,501993,5.0,Good
901994,501994,4.0,Very good
901995,501995,1.0,Poor
901996,501996,4.0,Poor
901997,501997,5.0,Very good
901998,501998,5.0,Excellent
901999,501999,4.0,Very good
902000,502000,4.0,Excellent
902001,502001,4.0,Average
902002,502002,5.0,Poor
902003,502003,4.0,Very good
902004,502004,5.0,Poor
902005,502005,4.0,Poor
902006,502006,5.0,Very good
902007,502007,4.0,Excellent
902008,502008,5.0,Excellent
902009,502009,5.0,Excellent
902010,502010,3.0,Good
902011,502011,4.0,Average
902012,502012,3.0,Very good
902013,502013,5.0,Good
902014,502014,5.0,Very good
902015,502015,5.0,Poor
902016,502016,5.0,Average
902017,502017,4.0,Poor
902018,502018,4.0,Average
902019,502019,5.0,Excellent
902020,502020,3.0,Very good
902021,502021,3.0,Excellent
902022,502022,4.0,Average
902023,502023,4.0,Excellent
902024,502024,5.0,Poor
902025,502025,3.0,Poor
902026,502026,3.0,Very good
902027,502027,3.0,Very good
902028,502028,4.0,Good
902029,502029,4.0,Good
902030,502030,4.0,Good
902031,502031,3.0,Excellent
902032,502032,3.0,Very good
902033,502033,5.0,Excellent
902034,502034,5.0,Average
902035,502035,5.0,Good
902036,502036,3.0,Excellent
902037,502037,4.0,Very good
902038,502038,5.0,Average
902039,502039,3.0,Very good
902040,502040,4.0,Poor
902041,502041,4.0,Average
902042,502042,1.0,Good
902043,502043,5.0,Average
902044,502044,5.0,Poor
902045,502045,4.0,Excellent
902046,502046,4.0,Good
902047,502047,4.0,Good
902048,502048,4.0,Excellent
902049,502049,5.0,Excellent
902050,502050,5.0,Good
902051,502051,4.0,Good
902052,502052,4.0,Average
902053,502053,5.0,Very good
902054,502054,4.0,Very good
902055,502055,5.0,Good
902056,502056,5.0,Average
902057,502057,4.0,Excellent
902058,502058,5.0,Very good
902059,502059,4.0,Good
902060,502060,1.0,Excellent
902061,502061,5.0,Poor
902062,502062,5.0,Good
902063,502063,4.0,Average
902064,502064,5.0,Average
902065,502065,2.0,Poor
902066,502066,5.0,Very good
902067,502067,5.0,Average
902068,502068,5.0,Poor
902069,502069,4.0,Very good
902070,502070,4.0,Poor
902071,502071,5.0,Excellent
902072,502072,4.0,Good
902073,502073,5.0,Average
902074,502074,4.0,Very good
902075,502075,3.0,Poor
902076,502076,4.0,Very good
902077,502077,5.0,Poor
902078,502078,3.0,Very good
902079,502079,4.0,Average
902080,502080,5.0,Good
902081,502081,3.0,Average
902082,502082,5.0,Excellent
902083,502083,4.0,Poor
902084,502084,5.0,Poor
902085,502085,4.0,Excellent
902086,502086,5.0,Average
902087,502087,4.0,Poor
902088,502088,5.0,Poor
902089,502089,3.0,Poor
902090,502090,4.0,Excellent
902091,502091,3.0,Good
902092,502092,5.0,Average
902093,502093,4.0,Excellent
902094,502094,5.0,Excellent
902095,502095,4.0,Very good
902096,502096,5.0,Average
902097,502097,2.0,Average
902098,502098,5.0,Excellent
902099,502099,5.0,Poor
902100,502100,4.0,Very good
902101,502101,1.0,Very good
902102,502102,5.0,Excellent
902103,502103,3.0,Good
902104,502104,4.0,Average
902105,502105,2.0,Very good
902106,502106,4.0,Excellent
902107,502107,5.0,Good
902108,502108,3.0,Excellent
902109,502109,4.0,Poor
902110,502110,4.0,Average
902111,502111,4.0,Poor
902112,502112,5.0,Excellent
902113,502113,5.0,Excellent
902114,502114,5.0,Average
902115,502115,4.0,Average
902116,502116,2.0,Excellent
902117,502117,4.0,Good
902118,502118,5.0,Poor
902119,502119,5.0,Excellent
902120,502120,5.0,Very good
902121,502121,5.0,Excellent
902122,502122,2.0,Poor
902123,502123,5.0,Poor
902124,502124,5.0,Excellent
902125,502125,2.0,Poor
902126,502126,4.0,Average
902127,502127,5.0,Good
902128,502128,4.0,Excellent
902129,502129,1.0,Excellent
902130,502130,4.0,Average
902131,502131,5.0,Good
902132,502132,5.0,Very good
902133,502133,5.0,Average
902134,502134,5.0,Excellent
902135,502135,4.0,Very good
902136,502136,5.0,Good
902137,502137,3.0,Poor
902138,502138,5.0,Very good
902139,502139,5.0,Poor
902140,502140,5.0,Average
902141,502141,5.0,Excellent
902142,502142,3.0,Good
902143,502143,4.0,Average
902144,502144,5.0,Very good
902145,502145,4.0,Excellent
902146,502146,4.0,Excellent
902147,502147,5.0,Good
902148,502148,1.0,Poor
902149,502149,4.0,Very good
902150,502150,4.0,Excellent
902151,502151,1.0,Average
902152,502152,4.0,Very good
902153,502153,4.0,Very good
902154,502154,5.0,Poor
902155,502155,4.0,Poor
902156,502156,4.0,Good
902157,502157,5.0,Good
902158,502158,4.0,Very good
902159,502159,5.0,Poor
902160,502160,5.0,Excellent
902161,502161,5.0,Excellent
902162,502162,4.0,Very good
902163,502163,5.0,Excellent
902164,502164,4.0,Poor
902165,502165,5.0,Good
902166,502166,5.0,Excellent
902167,502167,5.0,Excellent
902168,502168,5.0,Average
902169,502169,4.0,Very good
902170,502170,4.0,Excellent
902171,502171,5.0,Poor
902172,502172,4.0,Average
902173,502173,5.0,Poor
902174,502174,5.0,Average
902175,502175,3.0,Excellent
902176,502176,4.0,Average
902177,502177,5.0,Very good
902178,502178,4.0,Very good
902179,502179,4.0,Good
902180,502180,4.0,Very good
902181,502181,2.0,Excellent
902182,502182,4.0,Average
902183,502183,5.0,Poor
902184,502184,5.0,Poor
902185,502185,1.0,Excellent
902186,502186,5.0,Excellent
902187,502187,4.0,Poor
902188,502188,5.0,Very good
902189,502189,4.0,Poor
902190,502190,5.0,Very good
902191,502191,5.0,Very good
902192,502192,5.0,Very good
902193,502193,5.0,Poor
902194,502194,5.0,Poor
902195,502195,4.0,Poor
902196,502196,5.0,Good
902197,502197,5.0,Average
902198,502198,5.0,Good
902199,502199,5.0,Average
902200,502200,5.0,Average
902201,502201,4.0,Excellent
902202,502202,1.0,Excellent
902203,502203,5.0,Very good
902204,502204,5.0,Average
902205,502205,5.0,Excellent
902206,502206,5.0,Good
902207,502207,4.0,Very good
902208,502208,5.0,Poor
902209,502209,5.0,Very good
902210,502210,5.0,Poor
902211,502211,3.0,Poor
902212,502212,5.0,Good
902213,502213,4.0,Very good
902214,502214,5.0,Poor
902215,502215,5.0,Good
902216,502216,5.0,Good
902217,502217,4.0,Poor
902218,502218,4.0,Good
902219,502219,5.0,Poor
902220,502220,5.0,Average
902221,502221,3.0,Good
902222,502222,5.0,Excellent
902223,502223,5.0,Poor
902224,502224,1.0,Good
902225,502225,5.0,Average
902226,502226,5.0,Good
902227,502227,5.0,Excellent
902228,502228,5.0,Excellent
902229,502229,5.0,Very good
902230,502230,5.0,Good
902231,502231,4.0,Average
902232,502232,2.0,Average
902233,502233,1.0,Good
902234,502234,5.0,Very good
902235,502235,4.0,Very good
902236,502236,4.0,Excellent
902237,502237,5.0,Excellent
902238,502238,3.0,Good
902239,502239,4.0,Excellent
902240,502240,5.0,Excellent
902241,502241,2.0,Very good
902242,502242,5.0,Excellent
902243,502243,3.0,Excellent
902244,502244,5.0,Good
902245,502245,5.0,Average
902246,502246,5.0,Average
902247,502247,4.0,Poor
902248,502248,5.0,Poor
902249,502249,4.0,Excellent
902250,502250,5.0,Poor
902251,502251,3.0,Excellent
902252,502252,3.0,Very good
902253,502253,4.0,Good
902254,502254,4.0,Very good
902255,502255,3.0,Very good
902256,502256,3.0,Excellent
902257,502257,5.0,Good
902258,502258,5.0,Excellent
902259,502259,5.0,Very good
902260,502260,4.0,Average
902261,502261,2.0,Very good
902262,502262,5.0,Average
902263,502263,2.0,Very good
902264,502264,5.0,Average
902265,502265,5.0,Excellent
902266,502266,4.0,Average
902267,502267,5.0,Poor
902268,502268,5.0,Very good
902269,502269,5.0,Very good
902270,502270,5.0,Average
902271,502271,4.0,Very good
902272,502272,5.0,Very good
902273,502273,3.0,Very good
902274,502274,4.0,Very good
902275,502275,5.0,Good
902276,502276,4.0,Average
902277,502277,5.0,Excellent
902278,502278,5.0,Excellent
902279,502279,2.0,Very good
902280,502280,4.0,Good
902281,502281,4.0,Average
902282,502282,2.0,Good
902283,502283,3.0,Very good
902284,502284,5.0,Very good
902285,502285,2.0,Poor
902286,502286,4.0,Very good
902287,502287,4.0,Average
902288,502288,1.0,Excellent
902289,502289,5.0,Poor
902290,502290,5.0,Excellent
902291,502291,4.0,Average
902292,502292,4.0,Very good
902293,502293,5.0,Excellent
902294,502294,5.0,Average
902295,502295,5.0,Poor
902296,502296,4.0,Poor
902297,502297,5.0,Average
902298,502298,4.0,Good
902299,502299,4.0,Good
902300,502300,5.0,Excellent
902301,502301,4.0,Poor
902302,502302,5.0,Good
902303,502303,5.0,Poor
902304,502304,5.0,Excellent
902305,502305,5.0,Good
902306,502306,4.0,Good
902307,502307,5.0,Poor
902308,502308,5.0,Excellent
902309,502309,3.0,Average
902310,502310,5.0,Average
902311,502311,5.0,Good
902312,502312,5.0,Poor
902313,502313,3.0,Very good
902314,502314,5.0,Excellent
902315,502315,4.0,Very good
902316,502316,4.0,Very good
902317,502317,2.0,Very good
902318,502318,5.0,Excellent
902319,502319,5.0,Good
902320,502320,4.0,Poor
902321,502321,4.0,Good
902322,502322,4.0,Good
902323,502323,4.0,Average
902324,502324,4.0,Very good
902325,502325,3.0,Excellent
902326,502326,4.0,Excellent
902327,502327,2.0,Very good
902328,502328,5.0,Average
902329,502329,5.0,Excellent
902330,502330,5.0,Very good
902331,502331,4.0,Good
902332,502332,3.0,Excellent
902333,502333,4.0,Poor
902334,502334,4.0,Poor
902335,502335,4.0,Excellent
902336,502336,5.0,Poor
902337,502337,3.0,Good
902338,502338,4.0,Good
902339,502339,3.0,Poor
902340,502340,4.0,Excellent
902341,502341,5.0,Excellent
902342,502342,2.0,Very good
902343,502343,2.0,Very good
902344,502344,5.0,Very good
902345,502345,4.0,Poor
902346,502346,4.0,Excellent
902347,502347,5.0,Good
902348,502348,3.0,Very good
902349,502349,5.0,Poor
902350,502350,5.0,Very good
902351,502351,4.0,Average
902352,502352,4.0,Average
902353,502353,4.0,Poor
902354,502354,5.0,Poor
902355,502355,1.0,Poor
902356,502356,5.0,Excellent
902357,502357,4.0,Good
902358,502358,5.0,Average
902359,502359,5.0,Poor
902360,502360,4.0,Very good
902361,502361,4.0,Good
902362,502362,5.0,Poor
902363,502363,5.0,Poor
902364,502364,3.0,Good
902365,502365,5.0,Excellent
902366,502366,5.0,Poor
902367,502367,5.0,Good
902368,502368,5.0,Good
902369,502369,5.0,Good
902370,502370,4.0,Good
902371,502371,3.0,Excellent
902372,502372,5.0,Excellent
902373,502373,5.0,Very good
902374,502374,5.0,Excellent
902375,502375,4.0,Average
902376,502376,3.0,Average
902377,502377,4.0,Poor
902378,502378,4.0,Good
902379,502379,4.0,Very good
902380,502380,4.0,Poor
902381,502381,3.0,Average
902382,502382,4.0,Very good
902383,502383,4.0,Good
902384,502384,5.0,Average
902385,502385,5.0,Average
902386,502386,4.0,Excellent
902387,502387,5.0,Excellent
902388,502388,4.0,Very good
902389,502389,5.0,Excellent
902390,502390,5.0,Excellent
902391,502391,4.0,Excellent
902392,502392,4.0,Average
902393,502393,5.0,Good
902394,502394,5.0,Good
902395,502395,4.0,Very good
902396,502396,5.0,Very good
902397,502397,5.0,Very good
902398,502398,5.0,Good
902399,502399,4.0,Excellent
902400,502400,3.0,Very good
902401,502401,4.0,Average
902402,502402,5.0,Very good
902403,502403,4.0,Excellent
902404,502404,5.0,Very good
902405,502405,5.0,Good
902406,502406,4.0,Poor
902407,502407,5.0,Excellent
902408,502408,5.0,Poor
902409,502409,5.0,Average
902410,502410,3.0,Very good
902411,502411,4.0,Excellent
902412,502412,5.0,Good
902413,502413,5.0,Poor
902414,502414,5.0,Very good
902415,502415,2.0,Very good
902416,502416,4.0,Excellent
902417,502417,4.0,Excellent
902418,502418,5.0,Good
902419,502419,5.0,Excellent
902420,502420,4.0,Average
902421,502421,4.0,Average
902422,502422,4.0,Very good
902423,502423,3.0,Excellent
902424,502424,3.0,Good
902425,502425,4.0,Good
902426,502426,5.0,Average
902427,502427,4.0,Good
902428,502428,5.0,Poor
902429,502429,5.0,Very good
902430,502430,2.0,Poor
902431,502431,5.0,Poor
902432,502432,3.0,Excellent
902433,502433,2.0,Very good
902434,502434,4.0,Average
902435,502435,3.0,Excellent
902436,502436,5.0,Poor
902437,502437,5.0,Average
902438,502438,5.0,Very good
902439,502439,5.0,Poor
902440,502440,5.0,Very good
902441,502441,5.0,Very good
902442,502442,5.0,Good
902443,502443,5.0,Good
902444,502444,4.0,Good
902445,502445,5.0,Good
902446,502446,4.0,Poor
902447,502447,3.0,Very good
902448,502448,5.0,Average
902449,502449,5.0,Very good
902450,502450,5.0,Poor
902451,502451,4.0,Good
902452,502452,3.0,Very good
902453,502453,3.0,Average
902454,502454,5.0,Excellent
902455,502455,5.0,Poor
902456,502456,5.0,Very good
902457,502457,5.0,Good
902458,502458,4.0,Good
902459,502459,4.0,Poor
902460,502460,5.0,Very good
902461,502461,4.0,Good
902462,502462,5.0,Average
902463,502463,4.0,Poor
902464,502464,5.0,Very good
902465,502465,5.0,Excellent
902466,502466,3.0,Excellent
902467,502467,4.0,Very good
902468,502468,5.0,Average
902469,502469,4.0,Poor
902470,502470,5.0,Excellent
902471,502471,5.0,Excellent
902472,502472,4.0,Poor
902473,502473,3.0,Good
902474,502474,2.0,Very good
902475,502475,2.0,Average
902476,502476,4.0,Very good
902477,502477,3.0,Average
902478,502478,4.0,Poor
902479,502479,5.0,Poor
902480,502480,4.0,Excellent
902481,502481,4.0,Poor
902482,502482,3.0,Very good
902483,502483,5.0,Good
902484,502484,4.0,Good
902485,502485,3.0,Average
902486,502486,5.0,Poor
902487,502487,5.0,Good
902488,502488,5.0,Good
902489,502489,5.0,Very good
902490,502490,4.0,Very good
902491,502491,4.0,Average
902492,502492,4.0,Good
902493,502493,5.0,Good
902494,502494,5.0,Good
902495,502495,5.0,Average
902496,502496,4.0,Excellent
902497,502497,5.0,Poor
902498,502498,5.0,Average
902499,502499,4.0,Excellent
902500,502500,4.0,Good
902501,502501,3.0,Good
902502,502502,4.0,Very good
902503,502503,5.0,Very good
902504,502504,4.0,Poor
902505,502505,5.0,Poor
902506,502506,4.0,Very good
902507,502507,3.0,Poor
902508,502508,5.0,Good
902509,502509,5.0,Good
902510,502510,5.0,Poor
902511,502511,5.0,Average
902512,502512,5.0,Average
902513,502513,3.0,Very good
902514,502514,5.0,Very good
902515,502515,4.0,Poor
902516,502516,5.0,Good
902517,502517,5.0,Average
902518,502518,2.0,Good
902519,502519,5.0,Average
902520,502520,5.0,Good
902521,502521,4.0,Average
902522,502522,5.0,Average
902523,502523,5.0,Poor
902524,502524,2.0,Very good
902525,502525,5.0,Average
902526,502526,5.0,Good
902527,502527,3.0,Excellent
902528,502528,4.0,Poor
902529,502529,5.0,Very good
902530,502530,5.0,Good
902531,502531,5.0,Excellent
902532,502532,5.0,Excellent
902533,502533,5.0,Good
902534,502534,4.0,Very good
902535,502535,2.0,Poor
902536,502536,5.0,Poor
902537,502537,3.0,Good
902538,502538,5.0,Very good
902539,502539,2.0,Average
902540,502540,2.0,Average
902541,502541,5.0,Very good
902542,502542,3.0,Poor
902543,502543,4.0,Good
902544,502544,5.0,Poor
902545,502545,5.0,Good
902546,502546,4.0,Poor
902547,502547,4.0,Excellent
902548,502548,5.0,Excellent
902549,502549,4.0,Very good
902550,502550,3.0,Excellent
902551,502551,3.0,Average
902552,502552,5.0,Excellent
902553,502553,4.0,Excellent
902554,502554,5.0,Poor
902555,502555,4.0,Good
902556,502556,5.0,Poor
902557,502557,5.0,Average
902558,502558,4.0,Poor
902559,502559,5.0,Poor
902560,502560,3.0,Excellent
902561,502561,5.0,Average
902562,502562,5.0,Poor
902563,502563,4.0,Good
902564,502564,5.0,Excellent
902565,502565,5.0,Average
902566,502566,4.0,Very good
902567,502567,4.0,Good
902568,502568,5.0,Good
902569,502569,1.0,Excellent
902570,502570,5.0,Poor
902571,502571,4.0,Good
902572,502572,5.0,Excellent
902573,502573,4.0,Excellent
902574,502574,1.0,Good
902575,502575,5.0,Good
902576,502576,5.0,Average
902577,502577,4.0,Average
902578,502578,5.0,Average
902579,502579,4.0,Good
902580,502580,2.0,Excellent
902581,502581,5.0,Poor
902582,502582,5.0,Average
902583,502583,4.0,Excellent
902584,502584,5.0,Excellent
902585,502585,5.0,Very good
902586,502586,2.0,Very good
902587,502587,5.0,Excellent
902588,502588,4.0,Average
902589,502589,5.0,Average
902590,502590,5.0,Average
902591,502591,1.0,Very good
902592,502592,3.0,Average
902593,502593,4.0,Good
902594,502594,4.0,Poor
902595,502595,5.0,Very good
902596,502596,5.0,Excellent
902597,502597,5.0,Very good
902598,502598,5.0,Poor
902599,502599,3.0,Very good
902600,502600,5.0,Very good
902601,502601,3.0,Excellent
902602,502602,3.0,Average
902603,502603,4.0,Excellent
902604,502604,5.0,Excellent
902605,502605,5.0,Very good
902606,502606,2.0,Good
902607,502607,5.0,Excellent
902608,502608,5.0,Very good
902609,502609,5.0,Average
902610,502610,3.0,Excellent
902611,502611,4.0,Good
902612,502612,4.0,Excellent
902613,502613,5.0,Poor
902614,502614,5.0,Very good
902615,502615,4.0,Good
902616,502616,4.0,Very good
902617,502617,5.0,Good
902618,502618,5.0,Average
902619,502619,3.0,Good
902620,502620,5.0,Excellent
902621,502621,5.0,Excellent
902622,502622,5.0,Average
902623,502623,4.0,Excellent
902624,502624,5.0,Very good
902625,502625,5.0,Very good
902626,502626,5.0,Good
902627,502627,1.0,Good
902628,502628,3.0,Excellent
902629,502629,3.0,Average
902630,502630,2.0,Very good
902631,502631,5.0,Good
902632,502632,4.0,Poor
902633,502633,5.0,Good
902634,502634,5.0,Average
902635,502635,5.0,Average
902636,502636,2.0,Very good
902637,502637,4.0,Average
902638,502638,1.0,Poor
902639,502639,5.0,Very good
902640,502640,4.0,Very good
902641,502641,3.0,Very good
902642,502642,1.0,Excellent
902643,502643,5.0,Excellent
902644,502644,5.0,Average
902645,502645,5.0,Good
902646,502646,4.0,Poor
902647,502647,2.0,Average
902648,502648,5.0,Average
902649,502649,4.0,Excellent
902650,502650,4.0,Good
902651,502651,5.0,Average
902652,502652,5.0,Poor
902653,502653,4.0,Excellent
902654,502654,5.0,Poor
902655,502655,4.0,Average
902656,502656,1.0,Good
902657,502657,4.0,Very good
902658,502658,2.0,Average
902659,502659,4.0,Good
902660,502660,5.0,Poor
902661,502661,5.0,Excellent
902662,502662,5.0,Poor
902663,502663,5.0,Poor
902664,502664,4.0,Average
902665,502665,4.0,Good
902666,502666,3.0,Good
902667,502667,5.0,Good
902668,502668,4.0,Excellent
902669,502669,3.0,Very good
902670,502670,5.0,Very good
902671,502671,3.0,Average
902672,502672,5.0,Very good
902673,502673,2.0,Poor
902674,502674,5.0,Poor
902675,502675,5.0,Poor
902676,502676,4.0,Average
902677,502677,2.0,Average
902678,502678,5.0,Excellent
902679,502679,5.0,Poor
902680,502680,4.0,Average
902681,502681,4.0,Good
902682,502682,2.0,Average
902683,502683,4.0,Very good
902684,502684,5.0,Average
902685,502685,3.0,Average
902686,502686,4.0,Good
902687,502687,5.0,Very good
902688,502688,5.0,Excellent
902689,502689,3.0,Very good
902690,502690,5.0,Very good
902691,502691,5.0,Excellent
902692,502692,4.0,Average
902693,502693,2.0,Average
902694,502694,5.0,Very good
902695,502695,4.0,Good
902696,502696,2.0,Poor
902697,502697,5.0,Excellent
902698,502698,4.0,Very good
902699,502699,3.0,Poor
902700,502700,4.0,Good
902701,502701,4.0,Excellent
902702,502702,5.0,Excellent
902703,502703,4.0,Very good
902704,502704,3.0,Poor
902705,502705,5.0,Good
902706,502706,5.0,Average
902707,502707,5.0,Average
902708,502708,2.0,Excellent
902709,502709,3.0,Average
902710,502710,5.0,Poor
902711,502711,4.0,Poor
902712,502712,4.0,Excellent
902713,502713,5.0,Very good
902714,502714,5.0,Excellent
902715,502715,5.0,Very good
902716,502716,4.0,Very good
902717,502717,5.0,Poor
902718,502718,3.0,Average
902719,502719,5.0,Excellent
902720,502720,4.0,Good
902721,502721,5.0,Average
902722,502722,5.0,Excellent
902723,502723,5.0,Poor
902724,502724,5.0,Very good
902725,502725,4.0,Poor
902726,502726,4.0,Very good
902727,502727,2.0,Average
902728,502728,5.0,Good
902729,502729,3.0,Excellent
902730,502730,4.0,Average
902731,502731,4.0,Excellent
902732,502732,5.0,Poor
902733,502733,4.0,Very good
902734,502734,5.0,Excellent
902735,502735,4.0,Average
902736,502736,4.0,Average
902737,502737,5.0,Good
902738,502738,4.0,Good
902739,502739,5.0,Poor
902740,502740,4.0,Good
902741,502741,5.0,Excellent
902742,502742,4.0,Poor
902743,502743,4.0,Excellent
902744,502744,5.0,Good
902745,502745,5.0,Excellent
902746,502746,4.0,Average
902747,502747,3.0,Good
902748,502748,4.0,Good
902749,502749,5.0,Good
902750,502750,4.0,Average
902751,502751,4.0,Poor
902752,502752,5.0,Very good
902753,502753,3.0,Poor
902754,502754,5.0,Average
902755,502755,2.0,Average
902756,502756,5.0,Average
902757,502757,5.0,Excellent
902758,502758,5.0,Average
902759,502759,5.0,Poor
902760,502760,3.0,Very good
902761,502761,4.0,Excellent
902762,502762,3.0,Poor
902763,502763,5.0,Excellent
902764,502764,3.0,Excellent
902765,502765,5.0,Excellent
902766,502766,5.0,Excellent
902767,502767,4.0,Excellent
902768,502768,5.0,Average
902769,502769,5.0,Very good
902770,502770,5.0,Poor
902771,502771,3.0,Poor
902772,502772,4.0,Excellent
902773,502773,5.0,Very good
902774,502774,4.0,Average
902775,502775,5.0,Excellent
902776,502776,5.0,Poor
902777,502777,4.0,Poor
902778,502778,4.0,Average
902779,502779,3.0,Poor
902780,502780,5.0,Poor
902781,502781,4.0,Average
902782,502782,4.0,Good
902783,502783,5.0,Very good
902784,502784,4.0,Poor
902785,502785,4.0,Average
902786,502786,5.0,Poor
902787,502787,5.0,Good
902788,502788,2.0,Very good
902789,502789,4.0,Poor
902790,502790,5.0,Poor
902791,502791,4.0,Good
902792,502792,5.0,Good
902793,502793,4.0,Very good
902794,502794,4.0,Poor
902795,502795,5.0,Excellent
902796,502796,5.0,Very good
902797,502797,2.0,Excellent
902798,502798,5.0,Average
902799,502799,5.0,Average
902800,502800,4.0,Good
902801,502801,3.0,Average
902802,502802,1.0,Excellent
902803,502803,4.0,Poor
902804,502804,4.0,Poor
902805,502805,5.0,Very good
902806,502806,5.0,Average
902807,502807,5.0,Average
902808,502808,4.0,Excellent
902809,502809,4.0,Good
902810,502810,4.0,Average
902811,502811,3.0,Average
902812,502812,5.0,Very good
902813,502813,4.0,Good
902814,502814,2.0,Excellent
902815,502815,5.0,Very good
902816,502816,5.0,Average
902817,502817,5.0,Excellent
902818,502818,4.0,Very good
902819,502819,5.0,Good
902820,502820,4.0,Very good
902821,502821,2.0,Good
902822,502822,4.0,Good
902823,502823,5.0,Good
902824,502824,4.0,Excellent
902825,502825,5.0,Very good
902826,502826,4.0,Average
902827,502827,5.0,Average
902828,502828,2.0,Good
902829,502829,5.0,Average
902830,502830,5.0,Average
902831,502831,5.0,Good
902832,502832,5.0,Average
902833,502833,5.0,Average
902834,502834,1.0,Poor
902835,502835,5.0,Poor
902836,502836,5.0,Poor
902837,502837,1.0,Excellent
902838,502838,4.0,Very good
902839,502839,2.0,Poor
902840,502840,4.0,Poor
902841,502841,5.0,Poor
902842,502842,5.0,Average
902843,502843,5.0,Average
902844,502844,4.0,Excellent
902845,502845,4.0,Very good
902846,502846,2.0,Very good
902847,502847,4.0,Very good
902848,502848,5.0,Poor
902849,502849,5.0,Good
902850,502850,4.0,Good
902851,502851,3.0,Very good
902852,502852,5.0,Good
902853,502853,4.0,Poor
902854,502854,4.0,Poor
902855,502855,4.0,Excellent
902856,502856,4.0,Excellent
902857,502857,5.0,Excellent
902858,502858,5.0,Poor
902859,502859,5.0,Good
902860,502860,2.0,Good
902861,502861,5.0,Very good
902862,502862,5.0,Average
902863,502863,5.0,Excellent
902864,502864,3.0,Good
902865,502865,5.0,Average
902866,502866,5.0,Average
902867,502867,5.0,Poor
902868,502868,1.0,Very good
902869,502869,4.0,Excellent
902870,502870,5.0,Good
902871,502871,4.0,Poor
902872,502872,5.0,Excellent
902873,502873,5.0,Average
902874,502874,5.0,Excellent
902875,502875,4.0,Average
902876,502876,5.0,Excellent
902877,502877,4.0,Poor
902878,502878,5.0,Average
902879,502879,4.0,Very good
902880,502880,4.0,Excellent
902881,502881,4.0,Very good
902882,502882,5.0,Average
902883,502883,5.0,Average
902884,502884,3.0,Poor
902885,502885,3.0,Poor
902886,502886,5.0,Very good
902887,502887,4.0,Very good
902888,502888,4.0,Good
902889,502889,5.0,Good
902890,502890,4.0,Very good
902891,502891,2.0,Very good
902892,502892,4.0,Very good
902893,502893,5.0,Very good
902894,502894,5.0,Poor
902895,502895,2.0,Very good
902896,502896,4.0,Poor
902897,502897,4.0,Very good
902898,502898,4.0,Average
902899,502899,2.0,Very good
902900,502900,4.0,Excellent
902901,502901,5.0,Very good
902902,502902,3.0,Very good
902903,502903,5.0,Poor
902904,502904,5.0,Very good
902905,502905,4.0,Average
902906,502906,5.0,Good
902907,502907,5.0,Excellent
902908,502908,3.0,Excellent
902909,502909,4.0,Very good
902910,502910,5.0,Excellent
902911,502911,3.0,Good
902912,502912,5.0,Average
902913,502913,5.0,Good
902914,502914,3.0,Very good
902915,502915,5.0,Excellent
902916,502916,5.0,Excellent
902917,502917,3.0,Good
902918,502918,4.0,Poor
902919,502919,4.0,Good
902920,502920,5.0,Very good
902921,502921,5.0,Excellent
902922,502922,5.0,Good
902923,502923,5.0,Poor
902924,502924,5.0,Poor
902925,502925,4.0,Average
902926,502926,5.0,Average
902927,502927,4.0,Excellent
902928,502928,3.0,Excellent
902929,502929,4.0,Excellent
902930,502930,4.0,Average
902931,502931,5.0,Very good
902932,502932,4.0,Excellent
902933,502933,5.0,Excellent
902934,502934,2.0,Poor
902935,502935,2.0,Average
902936,502936,5.0,Good
902937,502937,5.0,Excellent
902938,502938,4.0,Very good
902939,502939,4.0,Poor
902940,502940,2.0,Average
902941,502941,5.0,Good
902942,502942,1.0,Very good
902943,502943,4.0,Excellent
902944,502944,5.0,Poor
902945,502945,5.0,Poor
902946,502946,3.0,Poor
902947,502947,5.0,Poor
902948,502948,4.0,Good
902949,502949,5.0,Average
902950,502950,3.0,Average
902951,502951,5.0,Very good
902952,502952,5.0,Poor
902953,502953,5.0,Average
902954,502954,5.0,Poor
902955,502955,5.0,Very good
902956,502956,5.0,Poor
902957,502957,5.0,Good
902958,502958,3.0,Excellent
902959,502959,5.0,Very good
902960,502960,4.0,Excellent
902961,502961,5.0,Average
902962,502962,5.0,Excellent
902963,502963,5.0,Very good
902964,502964,5.0,Excellent
902965,502965,5.0,Poor
902966,502966,5.0,Poor
902967,502967,5.0,Poor
902968,502968,4.0,Average
902969,502969,5.0,Average
902970,502970,5.0,Average
902971,502971,5.0,Poor
902972,502972,3.0,Excellent
902973,502973,4.0,Very good
902974,502974,5.0,Poor
902975,502975,5.0,Very good
902976,502976,4.0,Excellent
902977,502977,5.0,Good
902978,502978,4.0,Good
902979,502979,5.0,Average
902980,502980,5.0,Very good
902981,502981,5.0,Poor
902982,502982,5.0,Poor
902983,502983,5.0,Good
902984,502984,4.0,Excellent
902985,502985,5.0,Poor
902986,502986,3.0,Excellent
902987,502987,4.0,Good
902988,502988,4.0,Average
902989,502989,5.0,Poor
902990,502990,5.0,Poor
902991,502991,5.0,Excellent
902992,502992,5.0,Good
902993,502993,5.0,Very good
902994,502994,5.0,Average
902995,502995,5.0,Poor
902996,502996,4.0,Good
902997,502997,5.0,Very good
902998,502998,2.0,Average
902999,502999,3.0,Excellent
903000,503000,4.0,Poor
903001,503001,3.0,Good
903002,503002,5.0,Very good
903003,503003,4.0,Poor
903004,503004,5.0,Excellent
903005,503005,4.0,Excellent
903006,503006,5.0,Excellent
903007,503007,4.0,Good
903008,503008,5.0,Excellent
903009,503009,2.0,Poor
903010,503010,5.0,Excellent
903011,503011,5.0,Average
903012,503012,5.0,Good
903013,503013,5.0,Poor
903014,503014,4.0,Excellent
903015,503015,4.0,Average
903016,503016,3.0,Very good
903017,503017,4.0,Good
903018,503018,1.0,Very good
903019,503019,5.0,Excellent
903020,503020,5.0,Poor
903021,503021,5.0,Good
903022,503022,5.0,Good
903023,503023,5.0,Average
903024,503024,4.0,Poor
903025,503025,5.0,Average
903026,503026,4.0,Average
903027,503027,4.0,Good
903028,503028,5.0,Poor
903029,503029,4.0,Excellent
903030,503030,4.0,Excellent
903031,503031,2.0,Excellent
903032,503032,5.0,Very good
903033,503033,4.0,Poor
903034,503034,5.0,Good
903035,503035,4.0,Poor
903036,503036,5.0,Good
903037,503037,5.0,Poor
903038,503038,4.0,Good
903039,503039,5.0,Poor
903040,503040,3.0,Good
903041,503041,3.0,Excellent
903042,503042,4.0,Very good
903043,503043,4.0,Poor
903044,503044,5.0,Poor
903045,503045,5.0,Poor
903046,503046,5.0,Very good
903047,503047,3.0,Excellent
903048,503048,5.0,Very good
903049,503049,5.0,Average
903050,503050,3.0,Average
903051,503051,5.0,Very good
903052,503052,5.0,Very good
903053,503053,5.0,Good
903054,503054,5.0,Very good
903055,503055,3.0,Excellent
903056,503056,5.0,Excellent
903057,503057,5.0,Good
903058,503058,5.0,Good
903059,503059,4.0,Poor
903060,503060,4.0,Average
903061,503061,3.0,Very good
903062,503062,1.0,Poor
903063,503063,5.0,Poor
903064,503064,5.0,Poor
903065,503065,5.0,Average
903066,503066,4.0,Good
903067,503067,5.0,Excellent
903068,503068,4.0,Very good
903069,503069,4.0,Good
903070,503070,4.0,Poor
903071,503071,5.0,Poor
903072,503072,5.0,Good
903073,503073,5.0,Excellent
903074,503074,2.0,Poor
903075,503075,4.0,Good
903076,503076,5.0,Very good
903077,503077,5.0,Average
903078,503078,5.0,Good
903079,503079,3.0,Poor
903080,503080,3.0,Good
903081,503081,5.0,Poor
903082,503082,5.0,Poor
903083,503083,5.0,Very good
903084,503084,5.0,Average
903085,503085,5.0,Excellent
903086,503086,5.0,Excellent
903087,503087,4.0,Excellent
903088,503088,5.0,Very good
903089,503089,4.0,Good
903090,503090,5.0,Good
903091,503091,5.0,Poor
903092,503092,1.0,Good
903093,503093,4.0,Very good
903094,503094,4.0,Very good
903095,503095,5.0,Average
903096,503096,3.0,Poor
903097,503097,5.0,Good
903098,503098,4.0,Average
903099,503099,4.0,Average
903100,503100,5.0,Good
903101,503101,5.0,Average
903102,503102,4.0,Excellent
903103,503103,3.0,Poor
903104,503104,4.0,Excellent
903105,503105,3.0,Very good
903106,503106,4.0,Very good
903107,503107,5.0,Good
903108,503108,5.0,Excellent
903109,503109,3.0,Average
903110,503110,5.0,Excellent
903111,503111,2.0,Average
903112,503112,5.0,Poor
903113,503113,5.0,Good
903114,503114,5.0,Very good
903115,503115,4.0,Excellent
903116,503116,5.0,Poor
903117,503117,4.0,Average
903118,503118,5.0,Good
903119,503119,2.0,Average
903120,503120,4.0,Good
903121,503121,5.0,Poor
903122,503122,5.0,Very good
903123,503123,5.0,Average
903124,503124,5.0,Poor
903125,503125,4.0,Poor
903126,503126,1.0,Very good
903127,503127,5.0,Average
903128,503128,2.0,Average
903129,503129,5.0,Excellent
903130,503130,3.0,Poor
903131,503131,1.0,Very good
903132,503132,4.0,Very good
903133,503133,5.0,Poor
903134,503134,2.0,Good
903135,503135,4.0,Poor
903136,503136,4.0,Good
903137,503137,3.0,Very good
903138,503138,3.0,Excellent
903139,503139,5.0,Very good
903140,503140,5.0,Poor
903141,503141,4.0,Very good
903142,503142,4.0,Good
903143,503143,2.0,Average
903144,503144,4.0,Good
903145,503145,4.0,Poor
903146,503146,5.0,Poor
903147,503147,4.0,Poor
903148,503148,4.0,Poor
903149,503149,5.0,Excellent
903150,503150,4.0,Average
903151,503151,5.0,Good
903152,503152,5.0,Very good
903153,503153,2.0,Average
903154,503154,5.0,Excellent
903155,503155,4.0,Good
903156,503156,3.0,Average
903157,503157,5.0,Good
903158,503158,5.0,Poor
903159,503159,2.0,Poor
903160,503160,4.0,Poor
903161,503161,5.0,Average
903162,503162,5.0,Poor
903163,503163,5.0,Good
903164,503164,5.0,Poor
903165,503165,5.0,Excellent
903166,503166,5.0,Poor
903167,503167,2.0,Good
903168,503168,4.0,Very good
903169,503169,5.0,Good
903170,503170,5.0,Very good
903171,503171,5.0,Average
903172,503172,5.0,Very good
903173,503173,5.0,Good
903174,503174,4.0,Average
903175,503175,5.0,Poor
903176,503176,5.0,Poor
903177,503177,5.0,Good
903178,503178,5.0,Average
903179,503179,5.0,Good
903180,503180,4.0,Poor
903181,503181,5.0,Average
903182,503182,5.0,Excellent
903183,503183,4.0,Good
903184,503184,5.0,Good
903185,503185,4.0,Average
903186,503186,3.0,Very good
903187,503187,4.0,Very good
903188,503188,3.0,Poor
903189,503189,4.0,Very good
903190,503190,3.0,Excellent
903191,503191,3.0,Very good
903192,503192,4.0,Average
903193,503193,5.0,Good
903194,503194,5.0,Good
903195,503195,3.0,Good
903196,503196,5.0,Very good
903197,503197,3.0,Average
903198,503198,5.0,Excellent
903199,503199,5.0,Very good
903200,503200,5.0,Poor
903201,503201,5.0,Good
903202,503202,4.0,Poor
903203,503203,5.0,Good
903204,503204,5.0,Average
903205,503205,5.0,Excellent
903206,503206,4.0,Good
903207,503207,5.0,Good
903208,503208,5.0,Poor
903209,503209,5.0,Poor
903210,503210,5.0,Poor
903211,503211,4.0,Average
903212,503212,4.0,Good
903213,503213,5.0,Average
903214,503214,5.0,Good
903215,503215,4.0,Average
903216,503216,4.0,Poor
903217,503217,5.0,Very good
903218,503218,4.0,Good
903219,503219,5.0,Excellent
903220,503220,5.0,Good
903221,503221,3.0,Very good
903222,503222,5.0,Average
903223,503223,4.0,Average
903224,503224,5.0,Average
903225,503225,5.0,Good
903226,503226,3.0,Very good
903227,503227,3.0,Poor
903228,503228,5.0,Very good
903229,503229,3.0,Excellent
903230,503230,4.0,Poor
903231,503231,4.0,Excellent
903232,503232,1.0,Excellent
903233,503233,4.0,Very good
903234,503234,5.0,Good
903235,503235,5.0,Good
903236,503236,4.0,Excellent
903237,503237,5.0,Excellent
903238,503238,4.0,Poor
903239,503239,4.0,Average
903240,503240,5.0,Average
903241,503241,5.0,Excellent
903242,503242,5.0,Very good
903243,503243,5.0,Excellent
903244,503244,5.0,Average
903245,503245,5.0,Average
903246,503246,4.0,Excellent
903247,503247,4.0,Average
903248,503248,4.0,Average
903249,503249,5.0,Average
903250,503250,5.0,Good
903251,503251,4.0,Very good
903252,503252,4.0,Excellent
903253,503253,5.0,Poor
903254,503254,4.0,Good
903255,503255,5.0,Good
903256,503256,5.0,Good
903257,503257,5.0,Poor
903258,503258,4.0,Excellent
903259,503259,5.0,Good
903260,503260,4.0,Average
903261,503261,5.0,Excellent
903262,503262,1.0,Very good
903263,503263,5.0,Good
903264,503264,5.0,Very good
903265,503265,5.0,Poor
903266,503266,4.0,Good
903267,503267,3.0,Poor
903268,503268,5.0,Average
903269,503269,4.0,Average
903270,503270,4.0,Very good
903271,503271,3.0,Poor
903272,503272,5.0,Very good
903273,503273,5.0,Very good
903274,503274,5.0,Very good
903275,503275,5.0,Average
903276,503276,5.0,Average
903277,503277,4.0,Very good
903278,503278,3.0,Very good
903279,503279,5.0,Good
903280,503280,5.0,Poor
903281,503281,2.0,Average
903282,503282,5.0,Excellent
903283,503283,4.0,Excellent
903284,503284,4.0,Excellent
903285,503285,5.0,Good
903286,503286,5.0,Very good
903287,503287,3.0,Good
903288,503288,4.0,Very good
903289,503289,5.0,Average
903290,503290,5.0,Average
903291,503291,4.0,Good
903292,503292,4.0,Poor
903293,503293,5.0,Average
903294,503294,5.0,Good
903295,503295,3.0,Poor
903296,503296,3.0,Poor
903297,503297,5.0,Poor
903298,503298,4.0,Average
903299,503299,1.0,Poor
903300,503300,4.0,Good
903301,503301,5.0,Very good
903302,503302,5.0,Average
903303,503303,5.0,Good
903304,503304,4.0,Average
903305,503305,4.0,Very good
903306,503306,5.0,Very good
903307,503307,5.0,Good
903308,503308,4.0,Very good
903309,503309,5.0,Good
903310,503310,3.0,Excellent
903311,503311,4.0,Good
903312,503312,4.0,Good
903313,503313,5.0,Good
903314,503314,5.0,Good
903315,503315,4.0,Good
903316,503316,4.0,Excellent
903317,503317,5.0,Good
903318,503318,4.0,Average
903319,503319,2.0,Average
903320,503320,5.0,Average
903321,503321,5.0,Good
903322,503322,4.0,Excellent
903323,503323,4.0,Very good
903324,503324,5.0,Very good
903325,503325,3.0,Average
903326,503326,5.0,Poor
903327,503327,5.0,Excellent
903328,503328,5.0,Excellent
903329,503329,4.0,Average
903330,503330,5.0,Poor
903331,503331,5.0,Poor
903332,503332,5.0,Good
903333,503333,4.0,Very good
903334,503334,5.0,Poor
903335,503335,4.0,Good
903336,503336,3.0,Average
903337,503337,4.0,Good
903338,503338,4.0,Excellent
903339,503339,3.0,Excellent
903340,503340,5.0,Average
903341,503341,1.0,Excellent
903342,503342,4.0,Very good
903343,503343,5.0,Very good
903344,503344,3.0,Poor
903345,503345,5.0,Poor
903346,503346,5.0,Poor
903347,503347,2.0,Poor
903348,503348,4.0,Very good
903349,503349,2.0,Average
903350,503350,5.0,Very good
903351,503351,4.0,Good
903352,503352,5.0,Very good
903353,503353,5.0,Poor
903354,503354,5.0,Excellent
903355,503355,5.0,Excellent
903356,503356,3.0,Excellent
903357,503357,5.0,Good
903358,503358,5.0,Poor
903359,503359,5.0,Very good
903360,503360,5.0,Very good
903361,503361,3.0,Excellent
903362,503362,5.0,Average
903363,503363,5.0,Very good
903364,503364,5.0,Very good
903365,503365,5.0,Excellent
903366,503366,5.0,Poor
903367,503367,5.0,Excellent
903368,503368,3.0,Excellent
903369,503369,1.0,Very good
903370,503370,4.0,Very good
903371,503371,4.0,Excellent
903372,503372,5.0,Very good
903373,503373,4.0,Very good
903374,503374,5.0,Average
903375,503375,5.0,Excellent
903376,503376,5.0,Poor
903377,503377,4.0,Average
903378,503378,5.0,Good
903379,503379,5.0,Very good
903380,503380,5.0,Poor
903381,503381,4.0,Good
903382,503382,5.0,Average
903383,503383,2.0,Good
903384,503384,4.0,Average
903385,503385,1.0,Good
903386,503386,5.0,Poor
903387,503387,1.0,Average
903388,503388,4.0,Excellent
903389,503389,5.0,Excellent
903390,503390,4.0,Excellent
903391,503391,4.0,Excellent
903392,503392,5.0,Excellent
903393,503393,5.0,Poor
903394,503394,5.0,Average
903395,503395,5.0,Excellent
903396,503396,4.0,Average
903397,503397,2.0,Good
903398,503398,4.0,Average
903399,503399,5.0,Average
903400,503400,4.0,Average
903401,503401,4.0,Good
903402,503402,5.0,Excellent
903403,503403,5.0,Poor
903404,503404,4.0,Poor
903405,503405,5.0,Very good
903406,503406,5.0,Poor
903407,503407,5.0,Good
903408,503408,4.0,Poor
903409,503409,4.0,Very good
903410,503410,2.0,Excellent
903411,503411,4.0,Average
903412,503412,3.0,Poor
903413,503413,2.0,Very good
903414,503414,4.0,Average
903415,503415,4.0,Very good
903416,503416,4.0,Poor
903417,503417,3.0,Poor
903418,503418,4.0,Excellent
903419,503419,3.0,Average
903420,503420,3.0,Poor
903421,503421,5.0,Excellent
903422,503422,4.0,Very good
903423,503423,5.0,Poor
903424,503424,3.0,Very good
903425,503425,4.0,Poor
903426,503426,3.0,Very good
903427,503427,4.0,Very good
903428,503428,5.0,Excellent
903429,503429,5.0,Very good
903430,503430,5.0,Average
903431,503431,4.0,Average
903432,503432,5.0,Good
903433,503433,5.0,Average
903434,503434,4.0,Average
903435,503435,4.0,Average
903436,503436,4.0,Poor
903437,503437,4.0,Poor
903438,503438,5.0,Poor
903439,503439,2.0,Average
903440,503440,5.0,Very good
903441,503441,4.0,Very good
903442,503442,4.0,Very good
903443,503443,4.0,Poor
903444,503444,5.0,Good
903445,503445,4.0,Very good
903446,503446,3.0,Very good
903447,503447,4.0,Good
903448,503448,2.0,Very good
903449,503449,4.0,Average
903450,503450,5.0,Poor
903451,503451,4.0,Good
903452,503452,4.0,Good
903453,503453,4.0,Average
903454,503454,4.0,Excellent
903455,503455,2.0,Excellent
903456,503456,5.0,Average
903457,503457,5.0,Very good
903458,503458,5.0,Excellent
903459,503459,4.0,Good
903460,503460,5.0,Good
903461,503461,5.0,Good
903462,503462,4.0,Excellent
903463,503463,5.0,Excellent
903464,503464,4.0,Average
903465,503465,5.0,Average
903466,503466,3.0,Poor
903467,503467,5.0,Very good
903468,503468,5.0,Excellent
903469,503469,4.0,Good
903470,503470,5.0,Very good
903471,503471,2.0,Good
903472,503472,5.0,Excellent
903473,503473,4.0,Good
903474,503474,4.0,Good
903475,503475,4.0,Good
903476,503476,5.0,Average
903477,503477,5.0,Good
903478,503478,4.0,Average
903479,503479,4.0,Very good
903480,503480,4.0,Good
903481,503481,5.0,Average
903482,503482,3.0,Poor
903483,503483,4.0,Excellent
903484,503484,5.0,Good
903485,503485,5.0,Poor
903486,503486,5.0,Good
903487,503487,4.0,Average
903488,503488,5.0,Average
903489,503489,4.0,Very good
903490,503490,2.0,Excellent
903491,503491,5.0,Poor
903492,503492,4.0,Very good
903493,503493,4.0,Very good
903494,503494,5.0,Average
903495,503495,5.0,Good
903496,503496,5.0,Excellent
903497,503497,4.0,Good
903498,503498,5.0,Poor
903499,503499,5.0,Excellent
903500,503500,5.0,Poor
903501,503501,3.0,Very good
903502,503502,5.0,Average
903503,503503,5.0,Very good
903504,503504,4.0,Very good
903505,503505,5.0,Poor
903506,503506,5.0,Average
903507,503507,5.0,Average
903508,503508,3.0,Good
903509,503509,4.0,Excellent
903510,503510,5.0,Poor
903511,503511,4.0,Average
903512,503512,4.0,Very good
903513,503513,4.0,Poor
903514,503514,1.0,Good
903515,503515,5.0,Very good
903516,503516,5.0,Excellent
903517,503517,4.0,Excellent
903518,503518,4.0,Poor
903519,503519,4.0,Poor
903520,503520,5.0,Poor
903521,503521,4.0,Poor
903522,503522,5.0,Good
903523,503523,5.0,Excellent
903524,503524,4.0,Very good
903525,503525,4.0,Good
903526,503526,5.0,Excellent
903527,503527,4.0,Excellent
903528,503528,4.0,Very good
903529,503529,4.0,Very good
903530,503530,5.0,Very good
903531,503531,5.0,Very good
903532,503532,5.0,Excellent
903533,503533,4.0,Excellent
903534,503534,5.0,Average
903535,503535,5.0,Average
903536,503536,5.0,Excellent
903537,503537,5.0,Very good
903538,503538,5.0,Poor
903539,503539,5.0,Poor
903540,503540,1.0,Average
903541,503541,4.0,Very good
903542,503542,5.0,Poor
903543,503543,4.0,Average
903544,503544,5.0,Average
903545,503545,5.0,Very good
903546,503546,4.0,Good
903547,503547,5.0,Very good
903548,503548,4.0,Excellent
903549,503549,1.0,Excellent
903550,503550,5.0,Excellent
903551,503551,5.0,Good
903552,503552,4.0,Average
903553,503553,3.0,Very good
903554,503554,5.0,Very good
903555,503555,5.0,Excellent
903556,503556,5.0,Poor
903557,503557,4.0,Good
903558,503558,4.0,Good
903559,503559,5.0,Very good
903560,503560,4.0,Very good
903561,503561,5.0,Poor
903562,503562,3.0,Excellent
903563,503563,4.0,Excellent
903564,503564,5.0,Very good
903565,503565,5.0,Good
903566,503566,5.0,Good
903567,503567,4.0,Average
903568,503568,4.0,Excellent
903569,503569,5.0,Poor
903570,503570,5.0,Very good
903571,503571,5.0,Good
903572,503572,4.0,Average
903573,503573,3.0,Very good
903574,503574,5.0,Very good
903575,503575,5.0,Excellent
903576,503576,4.0,Poor
903577,503577,4.0,Excellent
903578,503578,3.0,Excellent
903579,503579,3.0,Poor
903580,503580,5.0,Excellent
903581,503581,5.0,Excellent
903582,503582,4.0,Average
903583,503583,5.0,Average
903584,503584,5.0,Average
903585,503585,5.0,Very good
903586,503586,5.0,Average
903587,503587,5.0,Good
903588,503588,4.0,Good
903589,503589,5.0,Very good
903590,503590,4.0,Good
903591,503591,2.0,Excellent
903592,503592,2.0,Average
903593,503593,4.0,Poor
903594,503594,5.0,Excellent
903595,503595,5.0,Poor
903596,503596,3.0,Average
903597,503597,5.0,Poor
903598,503598,5.0,Excellent
903599,503599,2.0,Very good
903600,503600,5.0,Very good
903601,503601,2.0,Poor
903602,503602,4.0,Poor
903603,503603,5.0,Poor
903604,503604,5.0,Excellent
903605,503605,3.0,Very good
903606,503606,4.0,Poor
903607,503607,5.0,Poor
903608,503608,5.0,Average
903609,503609,5.0,Excellent
903610,503610,4.0,Average
903611,503611,5.0,Average
903612,503612,5.0,Good
903613,503613,4.0,Very good
903614,503614,5.0,Good
903615,503615,4.0,Very good
903616,503616,5.0,Very good
903617,503617,4.0,Excellent
903618,503618,4.0,Excellent
903619,503619,5.0,Good
903620,503620,5.0,Poor
903621,503621,4.0,Excellent
903622,503622,5.0,Good
903623,503623,5.0,Very good
903624,503624,3.0,Average
903625,503625,5.0,Average
903626,503626,4.0,Average
903627,503627,5.0,Very good
903628,503628,3.0,Excellent
903629,503629,5.0,Average
903630,503630,4.0,Excellent
903631,503631,4.0,Excellent
903632,503632,5.0,Average
903633,503633,2.0,Very good
903634,503634,5.0,Average
903635,503635,4.0,Poor
903636,503636,5.0,Very good
903637,503637,5.0,Excellent
903638,503638,3.0,Poor
903639,503639,5.0,Very good
903640,503640,5.0,Very good
903641,503641,5.0,Poor
903642,503642,5.0,Very good
903643,503643,4.0,Poor
903644,503644,4.0,Excellent
903645,503645,4.0,Very good
903646,503646,5.0,Very good
903647,503647,4.0,Excellent
903648,503648,4.0,Very good
903649,503649,2.0,Poor
903650,503650,5.0,Average
903651,503651,5.0,Very good
903652,503652,4.0,Poor
903653,503653,5.0,Poor
903654,503654,5.0,Good
903655,503655,5.0,Good
903656,503656,5.0,Excellent
903657,503657,4.0,Very good
903658,503658,3.0,Good
903659,503659,4.0,Excellent
903660,503660,5.0,Excellent
903661,503661,4.0,Good
903662,503662,4.0,Average
903663,503663,5.0,Very good
903664,503664,5.0,Poor
903665,503665,3.0,Very good
903666,503666,5.0,Excellent
903667,503667,4.0,Excellent
903668,503668,5.0,Good
903669,503669,5.0,Good
903670,503670,3.0,Excellent
903671,503671,5.0,Very good
903672,503672,5.0,Very good
903673,503673,5.0,Average
903674,503674,4.0,Very good
903675,503675,3.0,Excellent
903676,503676,1.0,Excellent
903677,503677,5.0,Very good
903678,503678,3.0,Very good
903679,503679,4.0,Poor
903680,503680,5.0,Very good
903681,503681,4.0,Poor
903682,503682,4.0,Very good
903683,503683,5.0,Very good
903684,503684,4.0,Very good
903685,503685,5.0,Very good
903686,503686,3.0,Average
903687,503687,4.0,Very good
903688,503688,3.0,Good
903689,503689,5.0,Good
903690,503690,4.0,Very good
903691,503691,4.0,Good
903692,503692,5.0,Very good
903693,503693,5.0,Average
903694,503694,5.0,Good
903695,503695,5.0,Average
903696,503696,4.0,Average
903697,503697,5.0,Excellent
903698,503698,5.0,Average
903699,503699,5.0,Excellent
903700,503700,4.0,Average
903701,503701,5.0,Good
903702,503702,3.0,Poor
903703,503703,3.0,Very good
903704,503704,5.0,Excellent
903705,503705,2.0,Excellent
903706,503706,2.0,Average
903707,503707,4.0,Poor
903708,503708,4.0,Good
903709,503709,4.0,Poor
903710,503710,5.0,Excellent
903711,503711,5.0,Good
903712,503712,5.0,Average
903713,503713,2.0,Poor
903714,503714,4.0,Good
903715,503715,5.0,Very good
903716,503716,4.0,Average
903717,503717,4.0,Poor
903718,503718,5.0,Excellent
903719,503719,4.0,Very good
903720,503720,4.0,Average
903721,503721,4.0,Average
903722,503722,5.0,Good
903723,503723,4.0,Poor
903724,503724,5.0,Excellent
903725,503725,5.0,Average
903726,503726,5.0,Poor
903727,503727,3.0,Poor
903728,503728,2.0,Poor
903729,503729,5.0,Good
903730,503730,5.0,Average
903731,503731,3.0,Excellent
903732,503732,4.0,Poor
903733,503733,5.0,Good
903734,503734,5.0,Good
903735,503735,5.0,Poor
903736,503736,5.0,Excellent
903737,503737,3.0,Good
903738,503738,5.0,Good
903739,503739,5.0,Very good
903740,503740,4.0,Poor
903741,503741,4.0,Good
903742,503742,3.0,Poor
903743,503743,4.0,Good
903744,503744,5.0,Poor
903745,503745,3.0,Good
903746,503746,5.0,Very good
903747,503747,3.0,Very good
903748,503748,4.0,Good
903749,503749,5.0,Average
903750,503750,1.0,Very good
903751,503751,5.0,Excellent
903752,503752,4.0,Poor
903753,503753,5.0,Average
903754,503754,5.0,Average
903755,503755,4.0,Average
903756,503756,1.0,Average
903757,503757,5.0,Good
903758,503758,4.0,Average
903759,503759,3.0,Very good
903760,503760,5.0,Excellent
903761,503761,4.0,Excellent
903762,503762,5.0,Excellent
903763,503763,4.0,Poor
903764,503764,5.0,Good
903765,503765,5.0,Excellent
903766,503766,5.0,Good
903767,503767,5.0,Good
903768,503768,4.0,Excellent
903769,503769,1.0,Poor
903770,503770,5.0,Excellent
903771,503771,5.0,Very good
903772,503772,5.0,Very good
903773,503773,5.0,Very good
903774,503774,4.0,Good
903775,503775,5.0,Good
903776,503776,5.0,Very good
903777,503777,1.0,Poor
903778,503778,4.0,Average
903779,503779,4.0,Very good
903780,503780,4.0,Excellent
903781,503781,5.0,Average
903782,503782,4.0,Excellent
903783,503783,5.0,Poor
903784,503784,5.0,Good
903785,503785,5.0,Excellent
903786,503786,5.0,Good
903787,503787,5.0,Average
903788,503788,4.0,Good
903789,503789,5.0,Very good
903790,503790,5.0,Very good
903791,503791,5.0,Very good
903792,503792,5.0,Good
903793,503793,4.0,Good
903794,503794,5.0,Average
903795,503795,5.0,Very good
903796,503796,3.0,Average
903797,503797,5.0,Good
903798,503798,5.0,Poor
903799,503799,5.0,Excellent
903800,503800,5.0,Very good
903801,503801,5.0,Poor
903802,503802,5.0,Average
903803,503803,4.0,Excellent
903804,503804,2.0,Good
903805,503805,4.0,Average
903806,503806,5.0,Very good
903807,503807,5.0,Average
903808,503808,5.0,Very good
903809,503809,4.0,Average
903810,503810,4.0,Poor
903811,503811,5.0,Excellent
903812,503812,3.0,Poor
903813,503813,4.0,Good
903814,503814,5.0,Average
903815,503815,5.0,Good
903816,503816,4.0,Average
903817,503817,2.0,Poor
903818,503818,5.0,Good
903819,503819,3.0,Excellent
903820,503820,2.0,Poor
903821,503821,4.0,Average
903822,503822,3.0,Very good
903823,503823,4.0,Poor
903824,503824,5.0,Good
903825,503825,2.0,Excellent
903826,503826,4.0,Average
903827,503827,4.0,Poor
903828,503828,1.0,Poor
903829,503829,5.0,Good
903830,503830,3.0,Good
903831,503831,5.0,Excellent
903832,503832,5.0,Poor
903833,503833,4.0,Good
903834,503834,5.0,Poor
903835,503835,4.0,Average
903836,503836,4.0,Excellent
903837,503837,4.0,Poor
903838,503838,5.0,Good
903839,503839,5.0,Very good
903840,503840,5.0,Excellent
903841,503841,5.0,Good
903842,503842,5.0,Excellent
903843,503843,4.0,Poor
903844,503844,5.0,Average
903845,503845,3.0,Average
903846,503846,5.0,Poor
903847,503847,4.0,Very good
903848,503848,4.0,Good
903849,503849,4.0,Average
903850,503850,4.0,Poor
903851,503851,5.0,Very good
903852,503852,3.0,Excellent
903853,503853,4.0,Average
903854,503854,5.0,Very good
903855,503855,5.0,Good
903856,503856,5.0,Good
903857,503857,5.0,Average
903858,503858,1.0,Poor
903859,503859,4.0,Poor
903860,503860,3.0,Excellent
903861,503861,4.0,Good
903862,503862,4.0,Very good
903863,503863,5.0,Poor
903864,503864,4.0,Average
903865,503865,5.0,Average
903866,503866,5.0,Very good
903867,503867,4.0,Very good
903868,503868,5.0,Average
903869,503869,3.0,Good
903870,503870,5.0,Very good
903871,503871,4.0,Good
903872,503872,5.0,Average
903873,503873,5.0,Very good
903874,503874,5.0,Excellent
903875,503875,4.0,Poor
903876,503876,4.0,Poor
903877,503877,4.0,Good
903878,503878,5.0,Excellent
903879,503879,5.0,Very good
903880,503880,5.0,Poor
903881,503881,2.0,Very good
903882,503882,5.0,Good
903883,503883,5.0,Very good
903884,503884,4.0,Poor
903885,503885,3.0,Good
903886,503886,5.0,Average
903887,503887,2.0,Good
903888,503888,4.0,Average
903889,503889,5.0,Excellent
903890,503890,5.0,Poor
903891,503891,4.0,Average
903892,503892,5.0,Poor
903893,503893,4.0,Poor
903894,503894,3.0,Poor
903895,503895,3.0,Poor
903896,503896,5.0,Poor
903897,503897,5.0,Average
903898,503898,2.0,Average
903899,503899,5.0,Poor
903900,503900,2.0,Very good
903901,503901,2.0,Average
903902,503902,2.0,Good
903903,503903,5.0,Good
903904,503904,4.0,Excellent
903905,503905,5.0,Poor
903906,503906,2.0,Poor
903907,503907,5.0,Good
903908,503908,5.0,Average
903909,503909,4.0,Good
903910,503910,5.0,Very good
903911,503911,5.0,Very good
903912,503912,5.0,Very good
903913,503913,4.0,Very good
903914,503914,4.0,Very good
903915,503915,4.0,Average
903916,503916,5.0,Average
903917,503917,4.0,Good
903918,503918,2.0,Poor
903919,503919,5.0,Good
903920,503920,5.0,Good
903921,503921,4.0,Very good
903922,503922,5.0,Excellent
903923,503923,4.0,Excellent
903924,503924,5.0,Poor
903925,503925,3.0,Poor
903926,503926,4.0,Poor
903927,503927,4.0,Average
903928,503928,5.0,Excellent
903929,503929,2.0,Good
903930,503930,4.0,Very good
903931,503931,4.0,Poor
903932,503932,5.0,Very good
903933,503933,4.0,Excellent
903934,503934,4.0,Good
903935,503935,5.0,Poor
903936,503936,4.0,Excellent
903937,503937,5.0,Average
903938,503938,5.0,Very good
903939,503939,5.0,Excellent
903940,503940,5.0,Excellent
903941,503941,2.0,Poor
903942,503942,5.0,Good
903943,503943,5.0,Excellent
903944,503944,4.0,Average
903945,503945,5.0,Poor
903946,503946,5.0,Very good
903947,503947,5.0,Excellent
903948,503948,4.0,Poor
903949,503949,5.0,Poor
903950,503950,4.0,Poor
903951,503951,3.0,Good
903952,503952,2.0,Very good
903953,503953,5.0,Excellent
903954,503954,5.0,Poor
903955,503955,5.0,Excellent
903956,503956,3.0,Poor
903957,503957,5.0,Average
903958,503958,3.0,Excellent
903959,503959,5.0,Excellent
903960,503960,4.0,Average
903961,503961,4.0,Good
903962,503962,4.0,Average
903963,503963,4.0,Average
903964,503964,5.0,Excellent
903965,503965,5.0,Average
903966,503966,5.0,Average
903967,503967,4.0,Good
903968,503968,4.0,Good
903969,503969,5.0,Excellent
903970,503970,4.0,Excellent
903971,503971,5.0,Poor
903972,503972,5.0,Average
903973,503973,4.0,Very good
903974,503974,5.0,Good
903975,503975,1.0,Average
903976,503976,5.0,Excellent
903977,503977,4.0,Very good
903978,503978,3.0,Poor
903979,503979,3.0,Excellent
903980,503980,5.0,Very good
903981,503981,3.0,Very good
903982,503982,5.0,Poor
903983,503983,4.0,Very good
903984,503984,4.0,Excellent
903985,503985,5.0,Good
903986,503986,4.0,Poor
903987,503987,1.0,Average
903988,503988,4.0,Poor
903989,503989,5.0,Very good
903990,503990,4.0,Good
903991,503991,4.0,Very good
903992,503992,5.0,Excellent
903993,503993,5.0,Average
903994,503994,4.0,Average
903995,503995,5.0,Very good
903996,503996,2.0,Average
903997,503997,4.0,Very good
903998,503998,4.0,Excellent
903999,503999,4.0,Very good
904000,504000,3.0,Excellent
904001,504001,3.0,Average
904002,504002,4.0,Average
904003,504003,4.0,Excellent
904004,504004,4.0,Average
904005,504005,4.0,Very good
904006,504006,4.0,Average
904007,504007,5.0,Poor
904008,504008,4.0,Very good
904009,504009,2.0,Good
904010,504010,4.0,Excellent
904011,504011,5.0,Poor
904012,504012,5.0,Poor
904013,504013,5.0,Excellent
904014,504014,4.0,Good
904015,504015,5.0,Good
904016,504016,4.0,Poor
904017,504017,5.0,Very good
904018,504018,5.0,Poor
904019,504019,3.0,Good
904020,504020,5.0,Poor
904021,504021,4.0,Good
904022,504022,5.0,Poor
904023,504023,4.0,Very good
904024,504024,4.0,Poor
904025,504025,5.0,Poor
904026,504026,2.0,Poor
904027,504027,5.0,Average
904028,504028,3.0,Excellent
904029,504029,3.0,Very good
904030,504030,4.0,Good
904031,504031,5.0,Very good
904032,504032,5.0,Very good
904033,504033,4.0,Poor
904034,504034,5.0,Average
904035,504035,4.0,Good
904036,504036,4.0,Excellent
904037,504037,5.0,Very good
904038,504038,5.0,Very good
904039,504039,5.0,Poor
904040,504040,4.0,Very good
904041,504041,5.0,Good
904042,504042,5.0,Average
904043,504043,5.0,Excellent
904044,504044,5.0,Average
904045,504045,3.0,Very good
904046,504046,5.0,Good
904047,504047,5.0,Average
904048,504048,2.0,Average
904049,504049,3.0,Average
904050,504050,5.0,Very good
904051,504051,5.0,Average
904052,504052,5.0,Good
904053,504053,5.0,Good
904054,504054,5.0,Good
904055,504055,5.0,Good
904056,504056,3.0,Very good
904057,504057,3.0,Average
904058,504058,2.0,Good
904059,504059,5.0,Excellent
904060,504060,5.0,Very good
904061,504061,5.0,Excellent
904062,504062,5.0,Good
904063,504063,5.0,Poor
904064,504064,5.0,Excellent
904065,504065,4.0,Good
904066,504066,5.0,Very good
904067,504067,5.0,Excellent
904068,504068,4.0,Good
904069,504069,2.0,Excellent
904070,504070,4.0,Poor
904071,504071,5.0,Excellent
904072,504072,5.0,Excellent
904073,504073,4.0,Average
904074,504074,5.0,Poor
904075,504075,4.0,Very good
904076,504076,4.0,Good
904077,504077,5.0,Average
904078,504078,4.0,Very good
904079,504079,4.0,Poor
904080,504080,5.0,Very good
904081,504081,4.0,Excellent
904082,504082,4.0,Excellent
904083,504083,1.0,Poor
904084,504084,5.0,Good
904085,504085,5.0,Poor
904086,504086,5.0,Poor
904087,504087,5.0,Average
904088,504088,4.0,Very good
904089,504089,4.0,Very good
904090,504090,4.0,Good
904091,504091,5.0,Excellent
904092,504092,5.0,Very good
904093,504093,5.0,Very good
904094,504094,5.0,Very good
904095,504095,4.0,Excellent
904096,504096,5.0,Poor
904097,504097,4.0,Very good
904098,504098,5.0,Good
904099,504099,4.0,Poor
904100,504100,4.0,Average
904101,504101,5.0,Average
904102,504102,4.0,Poor
904103,504103,5.0,Average
904104,504104,5.0,Poor
904105,504105,5.0,Good
904106,504106,4.0,Good
904107,504107,5.0,Poor
904108,504108,5.0,Average
904109,504109,4.0,Good
904110,504110,5.0,Very good
904111,504111,5.0,Good
904112,504112,3.0,Average
904113,504113,4.0,Good
904114,504114,5.0,Average
904115,504115,4.0,Average
904116,504116,5.0,Good
904117,504117,4.0,Poor
904118,504118,5.0,Excellent
904119,504119,4.0,Poor
904120,504120,4.0,Excellent
904121,504121,5.0,Good
904122,504122,5.0,Average
904123,504123,5.0,Average
904124,504124,4.0,Poor
904125,504125,5.0,Very good
904126,504126,5.0,Poor
904127,504127,3.0,Average
904128,504128,4.0,Excellent
904129,504129,4.0,Very good
904130,504130,4.0,Good
904131,504131,5.0,Poor
904132,504132,5.0,Very good
904133,504133,1.0,Poor
904134,504134,3.0,Excellent
904135,504135,4.0,Good
904136,504136,5.0,Very good
904137,504137,5.0,Poor
904138,504138,5.0,Poor
904139,504139,5.0,Average
904140,504140,5.0,Very good
904141,504141,4.0,Poor
904142,504142,3.0,Poor
904143,504143,5.0,Very good
904144,504144,5.0,Very good
904145,504145,5.0,Very good
904146,504146,5.0,Poor
904147,504147,5.0,Good
904148,504148,4.0,Good
904149,504149,5.0,Excellent
904150,504150,5.0,Very good
904151,504151,3.0,Good
904152,504152,5.0,Good
904153,504153,4.0,Poor
904154,504154,5.0,Average
904155,504155,4.0,Good
904156,504156,4.0,Good
904157,504157,5.0,Average
904158,504158,5.0,Poor
904159,504159,3.0,Excellent
904160,504160,4.0,Poor
904161,504161,5.0,Excellent
904162,504162,5.0,Very good
904163,504163,5.0,Excellent
904164,504164,1.0,Good
904165,504165,5.0,Good
904166,504166,5.0,Very good
904167,504167,4.0,Good
904168,504168,4.0,Very good
904169,504169,3.0,Good
904170,504170,3.0,Good
904171,504171,5.0,Average
904172,504172,4.0,Excellent
904173,504173,5.0,Excellent
904174,504174,5.0,Good
904175,504175,5.0,Poor
904176,504176,5.0,Excellent
904177,504177,5.0,Very good
904178,504178,3.0,Poor
904179,504179,1.0,Good
904180,504180,5.0,Excellent
904181,504181,4.0,Average
904182,504182,4.0,Average
904183,504183,4.0,Excellent
904184,504184,3.0,Poor
904185,504185,3.0,Very good
904186,504186,5.0,Average
904187,504187,5.0,Average
904188,504188,5.0,Very good
904189,504189,3.0,Good
904190,504190,5.0,Good
904191,504191,4.0,Very good
904192,504192,5.0,Average
904193,504193,4.0,Very good
904194,504194,4.0,Very good
904195,504195,5.0,Very good
904196,504196,3.0,Good
904197,504197,2.0,Poor
904198,504198,3.0,Average
904199,504199,5.0,Poor
904200,504200,5.0,Very good
904201,504201,5.0,Poor
904202,504202,4.0,Average
904203,504203,3.0,Very good
904204,504204,5.0,Very good
904205,504205,4.0,Good
904206,504206,4.0,Very good
904207,504207,5.0,Average
904208,504208,4.0,Good
904209,504209,5.0,Good
904210,504210,5.0,Poor
904211,504211,5.0,Good
904212,504212,5.0,Poor
904213,504213,4.0,Average
904214,504214,5.0,Very good
904215,504215,5.0,Excellent
904216,504216,5.0,Average
904217,504217,5.0,Good
904218,504218,5.0,Poor
904219,504219,5.0,Very good
904220,504220,5.0,Good
904221,504221,4.0,Very good
904222,504222,5.0,Poor
904223,504223,5.0,Excellent
904224,504224,2.0,Poor
904225,504225,5.0,Average
904226,504226,5.0,Very good
904227,504227,5.0,Average
904228,504228,3.0,Good
904229,504229,5.0,Excellent
904230,504230,5.0,Excellent
904231,504231,4.0,Poor
904232,504232,5.0,Very good
904233,504233,5.0,Poor
904234,504234,4.0,Poor
904235,504235,5.0,Excellent
904236,504236,3.0,Excellent
904237,504237,4.0,Average
904238,504238,4.0,Average
904239,504239,5.0,Average
904240,504240,5.0,Very good
904241,504241,5.0,Good
904242,504242,4.0,Very good
904243,504243,4.0,Good
904244,504244,5.0,Good
904245,504245,5.0,Good
904246,504246,4.0,Poor
904247,504247,3.0,Good
904248,504248,5.0,Average
904249,504249,5.0,Excellent
904250,504250,3.0,Good
904251,504251,5.0,Excellent
904252,504252,4.0,Poor
904253,504253,5.0,Very good
904254,504254,3.0,Good
904255,504255,5.0,Very good
904256,504256,2.0,Average
904257,504257,5.0,Very good
904258,504258,5.0,Good
904259,504259,4.0,Very good
904260,504260,4.0,Excellent
904261,504261,5.0,Good
904262,504262,2.0,Good
904263,504263,3.0,Excellent
904264,504264,5.0,Very good
904265,504265,2.0,Good
904266,504266,5.0,Average
904267,504267,5.0,Excellent
904268,504268,1.0,Poor
904269,504269,4.0,Excellent
904270,504270,1.0,Good
904271,504271,5.0,Very good
904272,504272,4.0,Very good
904273,504273,5.0,Excellent
904274,504274,5.0,Poor
904275,504275,5.0,Poor
904276,504276,4.0,Very good
904277,504277,4.0,Good
904278,504278,5.0,Good
904279,504279,5.0,Good
904280,504280,5.0,Average
904281,504281,2.0,Poor
904282,504282,5.0,Excellent
904283,504283,3.0,Excellent
904284,504284,5.0,Excellent
904285,504285,5.0,Good
904286,504286,3.0,Average
904287,504287,5.0,Good
904288,504288,5.0,Very good
904289,504289,4.0,Poor
904290,504290,2.0,Excellent
904291,504291,5.0,Very good
904292,504292,5.0,Poor
904293,504293,3.0,Very good
904294,504294,4.0,Poor
904295,504295,5.0,Poor
904296,504296,4.0,Average
904297,504297,4.0,Poor
904298,504298,4.0,Poor
904299,504299,5.0,Very good
904300,504300,4.0,Average
904301,504301,4.0,Poor
904302,504302,2.0,Very good
904303,504303,1.0,Poor
904304,504304,5.0,Poor
904305,504305,2.0,Excellent
904306,504306,2.0,Very good
904307,504307,5.0,Very good
904308,504308,5.0,Good
904309,504309,5.0,Very good
904310,504310,3.0,Very good
904311,504311,5.0,Good
904312,504312,5.0,Very good
904313,504313,5.0,Average
904314,504314,3.0,Excellent
904315,504315,4.0,Excellent
904316,504316,4.0,Average
904317,504317,5.0,Average
904318,504318,4.0,Very good
904319,504319,5.0,Average
904320,504320,5.0,Good
904321,504321,5.0,Good
904322,504322,5.0,Average
904323,504323,5.0,Good
904324,504324,3.0,Poor
904325,504325,5.0,Excellent
904326,504326,4.0,Very good
904327,504327,2.0,Good
904328,504328,4.0,Excellent
904329,504329,5.0,Very good
904330,504330,3.0,Good
904331,504331,4.0,Poor
904332,504332,3.0,Good
904333,504333,5.0,Very good
904334,504334,5.0,Excellent
904335,504335,5.0,Average
904336,504336,4.0,Excellent
904337,504337,5.0,Average
904338,504338,4.0,Poor
904339,504339,4.0,Average
904340,504340,5.0,Very good
904341,504341,5.0,Poor
904342,504342,5.0,Very good
904343,504343,2.0,Very good
904344,504344,5.0,Very good
904345,504345,4.0,Average
904346,504346,5.0,Very good
904347,504347,5.0,Poor
904348,504348,4.0,Excellent
904349,504349,4.0,Excellent
904350,504350,4.0,Good
904351,504351,4.0,Average
904352,504352,5.0,Excellent
904353,504353,5.0,Average
904354,504354,4.0,Poor
904355,504355,5.0,Poor
904356,504356,5.0,Very good
904357,504357,5.0,Good
904358,504358,4.0,Excellent
904359,504359,4.0,Very good
904360,504360,5.0,Average
904361,504361,5.0,Poor
904362,504362,4.0,Average
904363,504363,4.0,Average
904364,504364,3.0,Excellent
904365,504365,4.0,Average
904366,504366,4.0,Very good
904367,504367,5.0,Excellent
904368,504368,5.0,Good
904369,504369,5.0,Very good
904370,504370,2.0,Average
904371,504371,1.0,Excellent
904372,504372,4.0,Very good
904373,504373,4.0,Excellent
904374,504374,5.0,Good
904375,504375,4.0,Average
904376,504376,4.0,Good
904377,504377,5.0,Average
904378,504378,5.0,Poor
904379,504379,3.0,Average
904380,504380,5.0,Average
904381,504381,3.0,Poor
904382,504382,4.0,Poor
904383,504383,4.0,Poor
904384,504384,5.0,Average
904385,504385,5.0,Average
904386,504386,5.0,Good
904387,504387,5.0,Average
904388,504388,3.0,Excellent
904389,504389,5.0,Excellent
904390,504390,4.0,Very good
904391,504391,5.0,Very good
904392,504392,4.0,Good
904393,504393,4.0,Average
904394,504394,5.0,Very good
904395,504395,5.0,Average
904396,504396,5.0,Excellent
904397,504397,5.0,Average
904398,504398,4.0,Very good
904399,504399,4.0,Good
904400,504400,1.0,Very good
904401,504401,4.0,Poor
904402,504402,4.0,Excellent
904403,504403,3.0,Very good
904404,504404,5.0,Poor
904405,504405,4.0,Good
904406,504406,2.0,Poor
904407,504407,4.0,Very good
904408,504408,5.0,Poor
904409,504409,4.0,Very good
904410,504410,5.0,Very good
904411,504411,5.0,Good
904412,504412,5.0,Excellent
904413,504413,5.0,Very good
904414,504414,5.0,Very good
904415,504415,4.0,Good
904416,504416,5.0,Average
904417,504417,4.0,Average
904418,504418,4.0,Good
904419,504419,5.0,Average
904420,504420,5.0,Average
904421,504421,2.0,Very good
904422,504422,4.0,Good
904423,504423,4.0,Excellent
904424,504424,5.0,Average
904425,504425,5.0,Excellent
904426,504426,3.0,Excellent
904427,504427,2.0,Poor
904428,504428,3.0,Very good
904429,504429,5.0,Excellent
904430,504430,5.0,Good
904431,504431,5.0,Excellent
904432,504432,5.0,Average
904433,504433,3.0,Average
904434,504434,4.0,Very good
904435,504435,4.0,Very good
904436,504436,5.0,Very good
904437,504437,5.0,Average
904438,504438,5.0,Poor
904439,504439,3.0,Good
904440,504440,5.0,Excellent
904441,504441,4.0,Very good
904442,504442,4.0,Very good
904443,504443,2.0,Excellent
904444,504444,4.0,Excellent
904445,504445,4.0,Very good
904446,504446,4.0,Average
904447,504447,5.0,Poor
904448,504448,5.0,Very good
904449,504449,5.0,Average
904450,504450,5.0,Excellent
904451,504451,5.0,Poor
904452,504452,5.0,Excellent
904453,504453,1.0,Poor
904454,504454,5.0,Average
904455,504455,4.0,Average
904456,504456,4.0,Average
904457,504457,5.0,Very good
904458,504458,1.0,Good
904459,504459,4.0,Very good
904460,504460,4.0,Very good
904461,504461,5.0,Very good
904462,504462,5.0,Very good
904463,504463,3.0,Poor
904464,504464,4.0,Very good
904465,504465,5.0,Poor
904466,504466,4.0,Excellent
904467,504467,4.0,Excellent
904468,504468,4.0,Poor
904469,504469,5.0,Average
904470,504470,4.0,Very good
904471,504471,2.0,Average
904472,504472,1.0,Good
904473,504473,5.0,Very good
904474,504474,4.0,Average
904475,504475,5.0,Very good
904476,504476,5.0,Excellent
904477,504477,4.0,Excellent
904478,504478,4.0,Excellent
904479,504479,1.0,Very good
904480,504480,5.0,Excellent
904481,504481,5.0,Poor
904482,504482,5.0,Poor
904483,504483,5.0,Very good
904484,504484,5.0,Poor
904485,504485,5.0,Excellent
904486,504486,4.0,Excellent
904487,504487,5.0,Excellent
904488,504488,5.0,Average
904489,504489,5.0,Average
904490,504490,5.0,Excellent
904491,504491,5.0,Excellent
904492,504492,5.0,Good
904493,504493,5.0,Average
904494,504494,5.0,Very good
904495,504495,4.0,Very good
904496,504496,4.0,Average
904497,504497,5.0,Good
904498,504498,5.0,Poor
904499,504499,5.0,Very good
904500,504500,4.0,Good
904501,504501,5.0,Average
904502,504502,1.0,Excellent
904503,504503,5.0,Excellent
904504,504504,5.0,Very good
904505,504505,5.0,Good
904506,504506,5.0,Excellent
904507,504507,5.0,Good
904508,504508,4.0,Good
904509,504509,5.0,Good
904510,504510,4.0,Poor
904511,504511,2.0,Average
904512,504512,5.0,Average
904513,504513,2.0,Very good
904514,504514,5.0,Very good
904515,504515,4.0,Good
904516,504516,2.0,Very good
904517,504517,3.0,Poor
904518,504518,3.0,Excellent
904519,504519,4.0,Good
904520,504520,5.0,Good
904521,504521,5.0,Poor
904522,504522,4.0,Poor
904523,504523,5.0,Poor
904524,504524,5.0,Excellent
904525,504525,5.0,Average
904526,504526,5.0,Average
904527,504527,5.0,Poor
904528,504528,4.0,Good
904529,504529,4.0,Excellent
904530,504530,4.0,Very good
904531,504531,5.0,Average
904532,504532,4.0,Very good
904533,504533,5.0,Average
904534,504534,2.0,Good
904535,504535,4.0,Average
904536,504536,3.0,Excellent
904537,504537,5.0,Average
904538,504538,4.0,Very good
904539,504539,5.0,Good
904540,504540,5.0,Excellent
904541,504541,2.0,Excellent
904542,504542,5.0,Excellent
904543,504543,5.0,Good
904544,504544,5.0,Good
904545,504545,4.0,Poor
904546,504546,5.0,Good
904547,504547,5.0,Good
904548,504548,5.0,Excellent
904549,504549,3.0,Average
904550,504550,5.0,Good
904551,504551,5.0,Poor
904552,504552,4.0,Excellent
904553,504553,5.0,Poor
904554,504554,4.0,Very good
904555,504555,4.0,Poor
904556,504556,5.0,Good
904557,504557,2.0,Poor
904558,504558,3.0,Very good
904559,504559,5.0,Average
904560,504560,5.0,Poor
904561,504561,2.0,Very good
904562,504562,1.0,Average
904563,504563,2.0,Excellent
904564,504564,1.0,Very good
904565,504565,5.0,Good
904566,504566,4.0,Good
904567,504567,5.0,Poor
904568,504568,4.0,Excellent
904569,504569,5.0,Good
904570,504570,4.0,Average
904571,504571,5.0,Poor
904572,504572,5.0,Excellent
904573,504573,5.0,Very good
904574,504574,4.0,Good
904575,504575,5.0,Very good
904576,504576,4.0,Very good
904577,504577,5.0,Poor
904578,504578,5.0,Very good
904579,504579,4.0,Excellent
904580,504580,5.0,Average
904581,504581,3.0,Excellent
904582,504582,5.0,Average
904583,504583,4.0,Average
904584,504584,3.0,Average
904585,504585,5.0,Excellent
904586,504586,5.0,Excellent
904587,504587,2.0,Very good
904588,504588,4.0,Good
904589,504589,5.0,Average
904590,504590,5.0,Average
904591,504591,4.0,Excellent
904592,504592,4.0,Good
904593,504593,5.0,Poor
904594,504594,4.0,Good
904595,504595,5.0,Poor
904596,504596,5.0,Poor
904597,504597,5.0,Very good
904598,504598,4.0,Average
904599,504599,3.0,Very good
904600,504600,5.0,Good
904601,504601,4.0,Poor
904602,504602,4.0,Very good
904603,504603,4.0,Very good
904604,504604,4.0,Poor
904605,504605,4.0,Average
904606,504606,4.0,Average
904607,504607,4.0,Average
904608,504608,5.0,Good
904609,504609,4.0,Good
904610,504610,5.0,Poor
904611,504611,5.0,Poor
904612,504612,5.0,Poor
904613,504613,5.0,Poor
904614,504614,5.0,Average
904615,504615,3.0,Average
904616,504616,4.0,Poor
904617,504617,5.0,Good
904618,504618,5.0,Excellent
904619,504619,2.0,Poor
904620,504620,5.0,Good
904621,504621,5.0,Poor
904622,504622,5.0,Very good
904623,504623,4.0,Good
904624,504624,5.0,Excellent
904625,504625,4.0,Excellent
904626,504626,4.0,Average
904627,504627,4.0,Very good
904628,504628,3.0,Very good
904629,504629,5.0,Very good
904630,504630,5.0,Excellent
904631,504631,5.0,Excellent
904632,504632,4.0,Very good
904633,504633,5.0,Poor
904634,504634,5.0,Very good
904635,504635,5.0,Very good
904636,504636,4.0,Poor
904637,504637,4.0,Average
904638,504638,5.0,Poor
904639,504639,5.0,Poor
904640,504640,5.0,Very good
904641,504641,2.0,Very good
904642,504642,4.0,Excellent
904643,504643,4.0,Very good
904644,504644,4.0,Poor
904645,504645,5.0,Poor
904646,504646,5.0,Good
904647,504647,5.0,Average
904648,504648,4.0,Very good
904649,504649,4.0,Excellent
904650,504650,5.0,Average
904651,504651,5.0,Very good
904652,504652,5.0,Poor
904653,504653,5.0,Excellent
904654,504654,5.0,Excellent
904655,504655,4.0,Average
904656,504656,5.0,Good
904657,504657,5.0,Very good
904658,504658,4.0,Very good
904659,504659,4.0,Very good
904660,504660,1.0,Good
904661,504661,5.0,Good
904662,504662,5.0,Average
904663,504663,3.0,Excellent
904664,504664,4.0,Poor
904665,504665,5.0,Very good
904666,504666,4.0,Excellent
904667,504667,4.0,Excellent
904668,504668,5.0,Good
904669,504669,2.0,Very good
904670,504670,1.0,Good
904671,504671,4.0,Poor
904672,504672,4.0,Very good
904673,504673,3.0,Average
904674,504674,3.0,Excellent
904675,504675,3.0,Very good
904676,504676,5.0,Good
904677,504677,5.0,Average
904678,504678,4.0,Very good
904679,504679,5.0,Very good
904680,504680,4.0,Very good
904681,504681,5.0,Good
904682,504682,4.0,Poor
904683,504683,3.0,Good
904684,504684,4.0,Average
904685,504685,3.0,Good
904686,504686,4.0,Very good
904687,504687,4.0,Poor
904688,504688,5.0,Very good
904689,504689,3.0,Good
904690,504690,4.0,Very good
904691,504691,5.0,Good
904692,504692,4.0,Poor
904693,504693,3.0,Excellent
904694,504694,5.0,Poor
904695,504695,2.0,Poor
904696,504696,5.0,Poor
904697,504697,4.0,Good
904698,504698,3.0,Very good
904699,504699,5.0,Excellent
904700,504700,5.0,Poor
904701,504701,5.0,Average
904702,504702,4.0,Excellent
904703,504703,5.0,Very good
904704,504704,5.0,Poor
904705,504705,4.0,Excellent
904706,504706,5.0,Good
904707,504707,5.0,Poor
904708,504708,5.0,Excellent
904709,504709,4.0,Average
904710,504710,5.0,Excellent
904711,504711,5.0,Excellent
904712,504712,5.0,Good
904713,504713,5.0,Poor
904714,504714,5.0,Average
904715,504715,5.0,Good
904716,504716,5.0,Good
904717,504717,5.0,Very good
904718,504718,5.0,Poor
904719,504719,5.0,Very good
904720,504720,5.0,Very good
904721,504721,5.0,Poor
904722,504722,1.0,Excellent
904723,504723,5.0,Very good
904724,504724,5.0,Excellent
904725,504725,5.0,Poor
904726,504726,4.0,Good
904727,504727,5.0,Poor
904728,504728,3.0,Very good
904729,504729,5.0,Poor
904730,504730,5.0,Good
904731,504731,5.0,Poor
904732,504732,5.0,Excellent
904733,504733,4.0,Very good
904734,504734,5.0,Excellent
904735,504735,5.0,Very good
904736,504736,5.0,Excellent
904737,504737,1.0,Good
904738,504738,5.0,Poor
904739,504739,5.0,Very good
904740,504740,5.0,Poor
904741,504741,5.0,Good
904742,504742,5.0,Good
904743,504743,5.0,Poor
904744,504744,3.0,Average
904745,504745,5.0,Good
904746,504746,5.0,Poor
904747,504747,5.0,Average
904748,504748,4.0,Very good
904749,504749,3.0,Excellent
904750,504750,5.0,Poor
904751,504751,4.0,Poor
904752,504752,4.0,Very good
904753,504753,5.0,Poor
904754,504754,4.0,Very good
904755,504755,2.0,Good
904756,504756,2.0,Good
904757,504757,4.0,Very good
904758,504758,3.0,Excellent
904759,504759,4.0,Very good
904760,504760,3.0,Poor
904761,504761,5.0,Average
904762,504762,4.0,Excellent
904763,504763,5.0,Poor
904764,504764,5.0,Average
904765,504765,5.0,Excellent
904766,504766,4.0,Poor
904767,504767,4.0,Very good
904768,504768,5.0,Average
904769,504769,4.0,Excellent
904770,504770,5.0,Good
904771,504771,5.0,Average
904772,504772,4.0,Average
904773,504773,4.0,Average
904774,504774,5.0,Good
904775,504775,5.0,Poor
904776,504776,5.0,Excellent
904777,504777,5.0,Very good
904778,504778,4.0,Average
904779,504779,4.0,Very good
904780,504780,5.0,Excellent
904781,504781,3.0,Poor
904782,504782,5.0,Very good
904783,504783,3.0,Very good
904784,504784,5.0,Average
904785,504785,5.0,Good
904786,504786,4.0,Very good
904787,504787,5.0,Poor
904788,504788,5.0,Very good
904789,504789,5.0,Good
904790,504790,4.0,Average
904791,504791,5.0,Good
904792,504792,5.0,Average
904793,504793,4.0,Very good
904794,504794,5.0,Very good
904795,504795,4.0,Average
904796,504796,5.0,Excellent
904797,504797,5.0,Average
904798,504798,4.0,Average
904799,504799,4.0,Poor
904800,504800,4.0,Good
904801,504801,5.0,Average
904802,504802,3.0,Poor
904803,504803,5.0,Average
904804,504804,5.0,Very good
904805,504805,4.0,Good
904806,504806,5.0,Poor
904807,504807,4.0,Average
904808,504808,4.0,Average
904809,504809,5.0,Average
904810,504810,4.0,Average
904811,504811,2.0,Average
904812,504812,5.0,Average
904813,504813,5.0,Very good
904814,504814,5.0,Poor
904815,504815,4.0,Average
904816,504816,5.0,Very good
904817,504817,4.0,Good
904818,504818,4.0,Good
904819,504819,4.0,Excellent
904820,504820,5.0,Good
904821,504821,5.0,Excellent
904822,504822,3.0,Excellent
904823,504823,1.0,Poor
904824,504824,5.0,Poor
904825,504825,4.0,Poor
904826,504826,4.0,Very good
904827,504827,5.0,Very good
904828,504828,4.0,Good
904829,504829,3.0,Excellent
904830,504830,5.0,Average
904831,504831,3.0,Very good
904832,504832,5.0,Very good
904833,504833,5.0,Good
904834,504834,3.0,Excellent
904835,504835,5.0,Poor
904836,504836,5.0,Very good
904837,504837,5.0,Very good
904838,504838,5.0,Very good
904839,504839,4.0,Good
904840,504840,5.0,Poor
904841,504841,5.0,Poor
904842,504842,5.0,Good
904843,504843,4.0,Excellent
904844,504844,5.0,Poor
904845,504845,4.0,Good
904846,504846,5.0,Good
904847,504847,4.0,Excellent
904848,504848,2.0,Excellent
904849,504849,4.0,Excellent
904850,504850,5.0,Excellent
904851,504851,5.0,Very good
904852,504852,4.0,Excellent
904853,504853,5.0,Good
904854,504854,4.0,Very good
904855,504855,4.0,Excellent
904856,504856,3.0,Poor
904857,504857,4.0,Good
904858,504858,5.0,Good
904859,504859,3.0,Average
904860,504860,3.0,Average
904861,504861,4.0,Poor
904862,504862,4.0,Poor
904863,504863,5.0,Excellent
904864,504864,5.0,Excellent
904865,504865,3.0,Poor
904866,504866,1.0,Good
904867,504867,5.0,Excellent
904868,504868,5.0,Average
904869,504869,4.0,Good
904870,504870,5.0,Very good
904871,504871,5.0,Very good
904872,504872,5.0,Excellent
904873,504873,4.0,Poor
904874,504874,5.0,Very good
904875,504875,5.0,Poor
904876,504876,5.0,Poor
904877,504877,5.0,Average
904878,504878,4.0,Average
904879,504879,5.0,Excellent
904880,504880,3.0,Excellent
904881,504881,4.0,Poor
904882,504882,2.0,Average
904883,504883,5.0,Excellent
904884,504884,4.0,Good
904885,504885,4.0,Poor
904886,504886,5.0,Excellent
904887,504887,4.0,Good
904888,504888,1.0,Very good
904889,504889,5.0,Average
904890,504890,4.0,Average
904891,504891,2.0,Excellent
904892,504892,4.0,Excellent
904893,504893,4.0,Poor
904894,504894,4.0,Good
904895,504895,5.0,Good
904896,504896,4.0,Excellent
904897,504897,4.0,Poor
904898,504898,4.0,Very good
904899,504899,5.0,Good
904900,504900,5.0,Good
904901,504901,4.0,Poor
904902,504902,5.0,Average
904903,504903,4.0,Poor
904904,504904,3.0,Poor
904905,504905,4.0,Poor
904906,504906,5.0,Excellent
904907,504907,4.0,Average
904908,504908,4.0,Average
904909,504909,5.0,Very good
904910,504910,5.0,Poor
904911,504911,5.0,Poor
904912,504912,5.0,Very good
904913,504913,5.0,Poor
904914,504914,5.0,Poor
904915,504915,4.0,Average
904916,504916,5.0,Excellent
904917,504917,3.0,Poor
904918,504918,5.0,Good
904919,504919,4.0,Excellent
904920,504920,4.0,Good
904921,504921,4.0,Good
904922,504922,5.0,Good
904923,504923,4.0,Good
904924,504924,5.0,Very good
904925,504925,4.0,Very good
904926,504926,5.0,Excellent
904927,504927,5.0,Average
904928,504928,5.0,Good
904929,504929,4.0,Very good
904930,504930,4.0,Average
904931,504931,4.0,Poor
904932,504932,4.0,Excellent
904933,504933,5.0,Poor
904934,504934,4.0,Average
904935,504935,5.0,Very good
904936,504936,1.0,Excellent
904937,504937,5.0,Good
904938,504938,5.0,Very good
904939,504939,5.0,Good
904940,504940,5.0,Good
904941,504941,5.0,Good
904942,504942,2.0,Average
904943,504943,4.0,Excellent
904944,504944,5.0,Poor
904945,504945,3.0,Very good
904946,504946,5.0,Good
904947,504947,4.0,Excellent
904948,504948,4.0,Good
904949,504949,5.0,Poor
904950,504950,2.0,Average
904951,504951,5.0,Poor
904952,504952,5.0,Very good
904953,504953,3.0,Very good
904954,504954,4.0,Average
904955,504955,1.0,Poor
904956,504956,5.0,Average
904957,504957,5.0,Excellent
904958,504958,5.0,Average
904959,504959,4.0,Very good
904960,504960,3.0,Average
904961,504961,1.0,Average
904962,504962,4.0,Poor
904963,504963,5.0,Very good
904964,504964,5.0,Excellent
904965,504965,4.0,Excellent
904966,504966,5.0,Average
904967,504967,4.0,Excellent
904968,504968,5.0,Very good
904969,504969,5.0,Poor
904970,504970,5.0,Poor
904971,504971,4.0,Average
904972,504972,4.0,Average
904973,504973,4.0,Excellent
904974,504974,4.0,Poor
904975,504975,5.0,Average
904976,504976,5.0,Good
904977,504977,5.0,Average
904978,504978,4.0,Average
904979,504979,4.0,Very good
904980,504980,5.0,Excellent
904981,504981,4.0,Excellent
904982,504982,3.0,Excellent
904983,504983,3.0,Poor
904984,504984,5.0,Excellent
904985,504985,4.0,Poor
904986,504986,5.0,Poor
904987,504987,4.0,Poor
904988,504988,5.0,Average
904989,504989,5.0,Average
904990,504990,5.0,Very good
904991,504991,3.0,Very good
904992,504992,4.0,Excellent
904993,504993,3.0,Good
904994,504994,4.0,Good
904995,504995,3.0,Average
904996,504996,5.0,Poor
904997,504997,4.0,Good
904998,504998,5.0,Excellent
904999,504999,5.0,Good
905000,505000,5.0,Average
