TransactionID,OrderID,ProductID,Quantity,Amount,PaymentMode
T500001-1058,500001,1058,4,5739.16,Wallet
T500002-1071,500002,1071,4,2240.08,Card
T500003-1056,500003,1056,4,7833.6,Card
T500003-1067,500003,1067,3,4233.72,Cash
T500003-1068,500003,1068,4,3123.04,Card
T500004-1067,500004,1067,4,5644.96,Wallet
T500005-1083,500005,1083,4,8162.52,UPI
T500006-1019,500006,1019,4,8297.0,Wallet
T500007-1057,500007,1057,1,1163.52,Card
T500007-1038,500007,1038,1,1204.99,Wallet
T500008-1083,500008,1083,4,8162.52,UPI
T500008-1061,500008,1061,4,6723.84,Cash
T500009-1072,500009,1072,4,4156.28,Card
T500009-1086,500009,1086,2,504.84,Card
T500009-1014,500009,1014,3,6186.66,Wallet
T500010-1065,500010,1065,2,3195.5,Wallet
T500010-1071,500010,1071,2,1120.04,Cash
T500011-1085,500011,1085,3,258.3,Cash
T500012-1071,500012,1071,4,2240.08,Card
T500012-1047,500012,1047,1,987.07,Cash
T500013-1030,500013,1030,4,6868.52,Card
T500013-1058,500013,1058,1,1434.79,UPI
T500013-1066,500013,1066,3,4192.02,Cash
T500014-1001,500014,1001,1,1941.67,Card
T500014-1063,500014,1063,3,4278.39,Cash
T500014-1071,500014,1071,3,1680.06,Cash
T500015-1055,500015,1055,2,3543.52,Card
T500015-1029,500015,1029,3,1233.3,Wallet
T500016-1061,500016,1061,1,1680.96,UPI
T500016-1013,500016,1013,4,6481.4,Card
T500017-1013,500017,1013,3,4861.05,Wallet
T500018-1010,500018,1010,1,1142.45,
T500018-1032,500018,1032,1,2419.75,Card
T500019-1018,500019,1018,1,187.63,Cash
T500020-1036,500020,1036,1,497.99,Wallet
T500020-1085,500020,1085,3,258.3,Card
T500021-1050,500021,1050,1,375.19,UPI
T500021-1011,500021,1011,3,2837.61,Card
T500022-1007,500022,1007,3,5730.06,Cash
T500023-1038,500023,1038,2,2409.98,Wallet
T500024-1084,500024,1084,2,884.84,Cash
T500024-1025,500024,1025,4,7810.44,Card
T500024-1046,500024,1046,1,2017.77,UPI
T500025-1009,500025,1009,4,1385.76,UPI
T500025-1004,500025,1004,3,5257.5,Cash
T500026-1079,500026,1079,4,5623.48,UPI
T500026-1087,500026,1087,1,1814.23,UPI
T500026-1029,500026,1029,1,411.1,Card
T500027-1002,500027,1002,1,1114.03,UPI
T500027-1067,500027,1067,3,4233.72,Cash
T500028-1028,500028,1028,4,552.8,Cash
T500029-1085,500029,1085,1,86.1,Card
T500030-1073,500030,1073,2,4275.82,Wallet
T500030-1007,500030,1007,4,7640.08,Wallet
T500030-1046,500030,1046,4,8071.08,Cash
T500031-1049,500031,1049,2,3431.52,Cash
T500032-1063,500032,1063,2,2852.26,Cash
T500033-1035,500033,1035,1,1189.8,UPI
T500033-1020,500033,1020,2,3180.42,UPI
T500034-1023,500034,1023,2,4855.24,UPI
T500034-1022,500034,1022,4,3622.72,Cash
T500034-1031,500034,1031,2,3739.12,Cash
T500035-1073,500035,1073,1,2137.91,Cash
T500035-1014,500035,1014,4,8248.88,Cash
T500036-1036,500036,1036,3,1493.97,UPI
T500037-1020,500037,1020,4,6360.84,Wallet
T500037-1026,500037,1026,1,510.76,UPI
T500037-1009,500037,1009,4,1385.76,UPI
T500038-1078,500038,1078,2,3329.86,Card
T500038-1013,500038,1013,4,6481.4,Cash
T500039-1085,500039,1085,3,258.3,UPI
T500040-1022,500040,1022,1,905.68,Wallet
T500040-1058,500040,1058,4,5739.16,Wallet
T500041-1028,500041,1028,2,276.4,Card
T500041-1014,500041,1014,3,6186.66,Cash
T500042-1079,500042,1079,3,4217.61,Cash
T500042-1016,500042,1016,4,2365.12,Wallet
T500042-1078,500042,1078,4,6659.72,UPI
T500043-1088,500043,1088,1,1170.84,Card
T500043-1075,500043,1075,2,348.02,Wallet
T500043-1031,500043,1031,1,1869.56,UPI
T500044-1051,500044,1051,2,1047.54,Wallet
T500044-1052,500044,1052,1,48.18,Wallet
T500045-1022,500045,1022,4,3622.72,Card
T500046-1056,500046,1056,2,3916.8,Wallet
T500046-1034,500046,1034,3,2835.12,Cash
T500047-1074,500047,1074,3,1823.49,UPI
T500047-1038,500047,1038,1,1204.99,UPI
T500047-1065,500047,1065,3,4793.25,Card
T500048-1055,500048,1055,2,3543.52,UPI
T500049-1013,500049,1013,1,1620.35,Cash
T500049-1049,500049,1049,1,1715.76,UPI
T500050-1043,500050,1043,4,7038.6,UPI
T500051-1031,500051,1031,3,5608.68,Wallet
T500051-1002,500051,1002,3,3342.09,UPI
T500051-1030,500051,1030,2,3434.26,Cash
T500052-1052,500052,1052,4,192.72,Cash
T500052-1046,500052,1046,3,6053.31,Card
T500053-1064,500053,1064,3,5758.65,Wallet
T500053-1078,500053,1078,1,1664.93,Card
T500054-1059,500054,1059,4,1501.2,UPI
T500055-1045,500055,1045,4,8342.72,UPI
T500056-1018,500056,1018,1,187.63,UPI
T500056-1024,500056,1024,2,4472.02,Cash
T500056-1057,500056,1057,2,2327.04,Cash
T500057-1084,500057,1084,1,442.42,Cash
T500058-1055,500058,1055,3,5315.28,Cash
T500058-1010,500058,1010,1,1142.45,UPI
T500059-1084,500059,1084,1,442.42,Wallet
T500060-1075,500060,1075,3,522.03,Cash
T500060-1085,500060,1085,1,86.1,Cash
T500061-1079,500061,1079,4,5623.48,UPI
T500061-1004,500061,1004,3,5257.5,Card
T500062-1069,500062,1069,4,424.48,Cash
T500062-1084,500062,1084,2,884.84,UPI
T500062-1077,500062,1077,3,2265.54,Card
T500063-1006,500063,1006,3,7319.37,Cash
T500063-1058,500063,1058,4,5739.16,Wallet
T500064-1086,500064,1086,2,504.84,Cash
T500064-1078,500064,1078,3,4994.79,UPI
T500065-1034,500065,1034,1,945.04,UPI
T500065-1067,500065,1067,2,2822.48,UPI
T500066-1024,500066,1024,3,6708.03,Card
T500066-1012,500066,1012,3,6957.33,Cash
T500066-1057,500066,1057,1,1163.52,Wallet
T500067-1050,500067,1050,3,1125.57,UPI
T500067-1038,500067,1038,3,3614.97,UPI
T500067-1003,500067,1003,2,4301.48,Cash
T500068-1039,500068,1039,3,1771.41,UPI
T500068-1040,500068,1040,3,5053.32,Cash
T500069-1016,500069,1016,1,591.28,UPI
T500069-1063,500069,1063,4,5704.52,Wallet
T500069-1088,500069,1088,2,2341.68,Cash
T500070-1004,500070,1004,1,1752.5,UPI
T500071-1052,500071,1052,4,192.72,Wallet
T500071-1017,500071,1017,4,5599.28,UPI
T500071-1070,500071,1070,1,1108.69,UPI
T500072-1056,500072,1056,3,5875.2,Wallet
T500073-1024,500073,1024,3,6708.03,Cash
T500074-1044,500074,1044,3,2404.65,Wallet
T500074-1014,500074,1014,1,2062.22,UPI
T500075-1070,500075,1070,2,2217.38,Card
T500075-1003,500075,1003,4,8602.96,Wallet
T500075-1088,500075,1088,1,1170.84,UPI
T500076-1066,500076,1066,2,2794.68,UPI
T500076-1058,500076,1058,2,2869.58,Cash
T500077-1029,500077,1029,2,822.2,Wallet
T500078-1082,500078,1082,1,1033.78,Card
T500078-1006,500078,1006,2,4879.58,UPI
T500079-1079,500079,1079,2,2811.74,Wallet
T500079-1051,500079,1051,1,523.77,Card
T500079-1041,500079,1041,1,1109.77,UPI
T500080-1057,500080,1057,4,4654.08,Cash
T500081-1025,500081,1025,1,1952.61,Wallet
T500081-1010,500081,1010,2,2284.9,Card
T500082-1022,500082,1022,1,905.68,Cash
T500083-1070,500083,1070,4,4434.76,UPI
T500083-1051,500083,1051,1,523.77,Wallet
T500084-1069,500084,1069,3,318.36,Cash
T500085-1029,500085,1029,3,1233.3,UPI
T500086-1046,500086,1046,1,2017.77,Card
T500087-1081,500087,1081,1,1670.85,Wallet
T500087-1026,500087,1026,1,510.76,Cash
T500087-1084,500087,1084,3,1327.26,Wallet
T500088-1025,500088,1025,1,1952.61,Wallet
T500088-1045,500088,1045,3,6257.04,UPI
T500088-1058,500088,1058,1,1434.79,UPI
T500089-1084,500089,1084,3,1327.26,UPI
T500089-1040,500089,1040,4,6737.76,UPI
T500089-1009,500089,1009,3,1039.32,Cash
T500090-1050,500090,1050,2,750.38,Card
T500090-1036,500090,1036,3,1493.97,Cash
T500091-1090,500091,1090,1,1267.58,Card
T500092-1032,500092,1032,2,4839.5,Wallet
T500092-1029,500092,1029,4,1644.4,Card
T500093-1061,500093,1061,1,1680.96,Card
T500094-1055,500094,1055,1,1771.76,Wallet
T500095-1047,500095,1047,3,2961.21,Card
T500096-1024,500096,1024,1,2236.01,Card
T500096-1070,500096,1070,2,2217.38,Wallet
T500097-1012,500097,1012,4,9276.44,Cash
T500097-1035,500097,1035,1,1189.8,Wallet
T500097-1036,500097,1036,4,1991.96,Card
T500098-1024,500098,1024,2,4472.02,Card
T500099-1067,500099,1067,4,5644.96,Cash
T500099-1077,500099,1077,1,755.18,Wallet
T500099-1086,500099,1086,1,252.42,Wallet
T500100-1044,500100,1044,2,1603.1,UPI
T500100-1059,500100,1059,2,750.6,UPI
T500100-1066,500100,1066,3,4192.02,Card
T500101-1036,500101,1036,3,1493.97,Wallet
T500101-1029,500101,1029,4,1644.4,UPI
T500101-1006,500101,1006,4,9759.16,UPI
T500102-1073,500102,1073,1,2137.91,Wallet
T500102-1045,500102,1045,3,6257.04,UPI
T500102-1059,500102,1059,1,375.3,UPI
T500103-1068,500103,1068,4,3123.04,Cash
T500104-1063,500104,1063,4,5704.52,UPI
T500104-1030,500104,1030,1,1717.13,Cash
T500104-1035,500104,1035,3,3569.4,UPI
T500105-1039,500105,1039,1,590.47,UPI
T500105-1042,500105,1042,1,2086.72,Wallet
T500105-1061,500105,1061,2,3361.92,Card
T500106-1079,500106,1079,3,4217.61,Cash
T500106-1032,500106,1032,1,2419.75,Card
T500106-1021,500106,1021,1,1902.48,Cash
T500107-1028,500107,1028,4,552.8,Cash
T500107-1070,500107,1070,2,2217.38,Cash
T500107-1044,500107,1044,1,801.55,Card
T500108-1069,500108,1069,3,318.36,Card
T500109-1040,500109,1040,2,3368.88,Card
T500109-1085,500109,1085,4,344.4,UPI
T500109-1055,500109,1055,4,7087.04,UPI
T500110-1041,500110,1041,2,2219.54,UPI
T500110-1061,500110,1061,1,1680.96,Wallet
T500110-1047,500110,1047,3,2961.21,Card
T500111-1011,500111,1011,3,2837.61,UPI
T500111-1054,500111,1054,3,5016.54,Card
T500111-1089,500111,1089,1,428.34,Card
T500112-1023,500112,1023,4,9710.48,Card
T500113-1028,500113,1028,3,414.6,UPI
T500113-1001,500113,1001,4,7766.68,UPI
T500114-1001,500114,1001,4,7766.68,Wallet
T500114-1074,500114,1074,4,2431.32,Cash
T500115-1009,500115,1009,3,1039.32,Card
T500115-1090,500115,1090,2,2535.16,UPI
T500115-1058,500115,1058,4,5739.16,Cash
T500116-1086,500116,1086,2,504.84,Cash
T500116-1017,500116,1017,1,1399.82,Cash
T500117-1031,500117,1031,2,3739.12,Wallet
T500117-1007,500117,1007,1,1910.02,UPI
T500117-1087,500117,1087,1,1814.23,Card
T500118-1045,500118,1045,4,8342.72,UPI
T500118-1026,500118,1026,1,510.76,Cash
T500119-1007,500119,1007,4,7640.08,Wallet
T500119-1050,500119,1050,2,750.38,Cash
T500119-1036,500119,1036,3,1493.97,Wallet
T500120-1001,500120,1001,3,5825.01,Wallet
T500120-1003,500120,1003,1,2150.74,UPI
T500120-1031,500120,1031,1,1869.56,Cash
T500121-1060,500121,1060,4,1251.56,UPI
T500122-1085,500122,1085,3,258.3,Wallet
T500122-1022,500122,1022,1,905.68,Card
T500122-1049,500122,1049,3,5147.28,Wallet
T500123-1082,500123,1082,2,2067.56,Card
T500123-1064,500123,1064,4,7678.2,Card
T500123-1090,500123,1090,4,5070.32,Cash
T500124-1044,500124,1044,1,801.55,Cash
T500125-1006,500125,1006,4,9759.16,Wallet
T500125-1032,500125,1032,2,4839.5,Wallet
T500126-1032,500126,1032,4,9679.0,Card
T500126-1041,500126,1041,2,2219.54,Wallet
T500127-1035,500127,1035,1,1189.8,UPI
T500127-1042,500127,1042,3,6260.16,UPI
T500128-1020,500128,1020,4,6360.84,UPI
T500128-1070,500128,1070,4,4434.76,UPI
T500129-1001,500129,1001,3,5825.01,Cash
T500129-1065,500129,1065,2,3195.5,Wallet
T500129-1037,500129,1037,2,701.82,Card
T500130-1060,500130,1060,4,1251.56,Card
T500130-1072,500130,1072,2,2078.14,UPI
T500131-1006,500131,1006,2,4879.58,Wallet
T500131-1005,500131,1005,3,787.86,Cash
T500131-1089,500131,1089,1,428.34,Wallet
T500132-1048,500132,1048,3,2226.51,UPI
T500132-1081,500132,1081,2,3341.7,Cash
T500133-1035,500133,1035,4,4759.2,Wallet
T500134-1083,500134,1083,4,8162.52,Cash
T500134-1089,500134,1089,1,428.34,Cash
T500134-1018,500134,1018,4,750.52,UPI
T500135-1059,500135,1059,1,375.3,Card
T500135-1042,500135,1042,4,8346.88,Cash
T500136-1011,500136,1011,3,2837.61,Wallet
T500137-1010,500137,1010,2,2284.9,UPI
T500138-1027,500138,1027,3,3548.4,Wallet
T500139-1064,500139,1064,4,7678.2,UPI
T500140-1061,500140,1061,3,5042.88,UPI
T500140-1017,500140,1017,2,2799.64,Wallet
T500140-1068,500140,1068,1,780.76,UPI
T500141-1023,500141,1023,2,4855.24,Wallet
T500141-1041,500141,1041,2,2219.54,Card
T500141-1045,500141,1045,1,2085.68,Cash
T500142-1082,500142,1082,2,2067.56,Wallet
T500143-1041,500143,1041,2,2219.54,Wallet
T500143-1037,500143,1037,3,1052.73,UPI
T500144-1003,500144,1003,3,6452.22,UPI
T500145-1012,500145,1012,1,2319.11,Card
T500145-1074,500145,1074,1,607.83,Cash
T500146-1047,500146,1047,3,2961.21,UPI
T500146-1028,500146,1028,4,552.8,Wallet
T500146-1017,500146,1017,1,1399.82,UPI
T500147-1077,500147,1077,1,755.18,Card
T500148-1004,500148,1004,1,1752.5,Cash
T500148-1012,500148,1012,4,9276.44,Card
T500149-1022,500149,1022,4,3622.72,Wallet
T500150-1042,500150,1042,1,2086.72,UPI
T500150-1015,500150,1015,3,3375.69,UPI
T500151-1054,500151,1054,1,1672.18,Card
T500152-1069,500152,1069,3,318.36,UPI
T500152-1017,500152,1017,3,4199.46,Wallet
T500153-1022,500153,1022,1,905.68,Card
T500153-1025,500153,1025,3,5857.83,Card
T500153-1089,500153,1089,4,1713.36,Cash
T500154-1076,500154,1076,2,1450.04,Card
T500154-1077,500154,1077,4,3020.72,Wallet
T500154-1042,500154,1042,1,2086.72,UPI
T500155-1067,500155,1067,4,5644.96,Card
T500155-1048,500155,1048,2,1484.34,Card
T500156-1081,500156,1081,3,5012.55,Wallet
T500156-1050,500156,1050,1,375.19,Cash
T500156-1035,500156,1035,4,4759.2,Card
T500157-1036,500157,1036,1,497.99,UPI
T500157-1059,500157,1059,4,1501.2,Wallet
T500157-1044,500157,1044,3,2404.65,Cash
T500158-1055,500158,1055,3,5315.28,Cash
T500158-1090,500158,1090,4,5070.32,Cash
T500159-1021,500159,1021,4,7609.92,Cash
T500159-1059,500159,1059,1,375.3,Card
T500160-1078,500160,1078,1,1664.93,Cash
T500160-1050,500160,1050,4,1500.76,Card
T500160-1057,500160,1057,3,3490.56,Cash
T500161-1059,500161,1059,4,1501.2,UPI
T500161-1041,500161,1041,3,3329.31,UPI
T500161-1060,500161,1060,2,625.78,Cash
T500162-1022,500162,1022,2,1811.36,UPI
T500163-1030,500163,1030,4,6868.52,Wallet
T500163-1012,500163,1012,1,2319.11,UPI
T500164-1083,500164,1083,1,2040.63,UPI
T500164-1058,500164,1058,3,4304.37,Wallet
T500164-1027,500164,1027,3,3548.4,UPI
T500165-1069,500165,1069,3,318.36,UPI
T500166-1001,500166,1001,4,7766.68,Cash
T500166-1037,500166,1037,1,350.91,UPI
T500167-1042,500167,1042,1,2086.72,UPI
T500167-1041,500167,1041,3,3329.31,Wallet
T500168-1033,500168,1033,3,2504.37,UPI
T500169-1048,500169,1048,1,742.17,Cash
T500169-1020,500169,1020,4,6360.84,Cash
T500169-1031,500169,1031,4,7478.24,Card
T500170-1039,500170,1039,4,2361.88,Wallet
T500171-1027,500171,1027,3,3548.4,UPI
T500171-1057,500171,1057,1,1163.52,Cash
T500171-1054,500171,1054,4,6688.72,Wallet
T500172-1048,500172,1048,1,742.17,Card
T500172-1074,500172,1074,2,1215.66,Cash
T500173-1028,500173,1028,1,138.2,UPI
T500174-1027,500174,1027,2,2365.6,Wallet
T500174-1089,500174,1089,3,1285.02,Cash
T500175-1082,500175,1082,1,1033.78,Wallet
T500176-1050,500176,1050,3,1125.57,Cash
T500176-1090,500176,1090,2,2535.16,Cash
T500176-1078,500176,1078,2,3329.86,UPI
T500177-1001,500177,1001,4,7766.68,Card
T500178-1039,500178,1039,2,1180.94,Cash
T500178-1031,500178,1031,4,7478.24,Cash
T500178-1021,500178,1021,2,3804.96,Wallet
T500179-1081,500179,1081,3,5012.55,UPI
T500179-1009,500179,1009,1,346.44,Wallet
T500179-1086,500179,1086,4,1009.68,UPI
T500180-1051,500180,1051,4,2095.08,Cash
T500180-1014,500180,1014,2,4124.44,Cash
T500181-1002,500181,1002,2,2228.06,UPI
T500181-1054,500181,1054,1,1672.18,Card
T500182-1029,500182,1029,3,1233.3,UPI
T500182-1030,500182,1030,1,1717.13,UPI
T500182-1086,500182,1086,4,1009.68,UPI
T500183-1071,500183,1071,3,1680.06,Wallet
T500184-1060,500184,1060,1,312.89,Cash
T500185-1082,500185,1082,2,2067.56,Card
T500186-1072,500186,1072,4,4156.28,Card
T500186-1006,500186,1006,2,4879.58,Card
T500186-1046,500186,1046,2,4035.54,Card
T500187-1044,500187,1044,2,1603.1,Card
T500188-1079,500188,1079,1,1405.87,UPI
T500188-1082,500188,1082,4,4135.12,UPI
T500188-1010,500188,1010,2,2284.9,UPI
T500189-1006,500189,1006,4,9759.16,UPI
T500190-1014,500190,1014,2,4124.44,Wallet
T500190-1077,500190,1077,1,755.18,Cash
T500190-1082,500190,1082,4,4135.12,Cash
T500191-1067,500191,1067,4,5644.96,Wallet
T500192-1067,500192,1067,1,1411.24,Cash
T500192-1070,500192,1070,2,2217.38,UPI
T500192-1065,500192,1065,2,3195.5,UPI
T500193-1037,500193,1037,3,1052.73,UPI
T500193-1038,500193,1038,4,4819.96,UPI
T500194-1028,500194,1028,2,276.4,Wallet
T500195-1076,500195,1076,4,2900.08,Card
T500195-1034,500195,1034,2,1890.08,Card
T500196-1061,500196,1061,3,5042.88,Cash
T500197-1003,500197,1003,3,6452.22,UPI
T500197-1079,500197,1079,4,5623.48,Cash
T500198-1084,500198,1084,4,1769.68,UPI
T500198-1059,500198,1059,4,1501.2,Cash
T500199-1072,500199,1072,2,2078.14,Wallet
T500200-1024,500200,1024,2,4472.02,Card
T500201-1064,500201,1064,2,3839.1,Cash
T500201-1020,500201,1020,2,3180.42,Card
T500202-1023,500202,1023,4,9710.48,Card
T500202-1087,500202,1087,2,3628.46,Wallet
T500203-1070,500203,1070,4,4434.76,UPI
T500203-1079,500203,1079,1,1405.87,UPI
T500203-1017,500203,1017,3,4199.46,Wallet
T500204-1013,500204,1013,2,3240.7,Card
T500205-1055,500205,1055,4,7087.04,UPI
T500206-1021,500206,1021,1,1902.48,Card
T500207-1033,500207,1033,1,834.79,Cash
T500208-1004,500208,1004,3,5257.5,UPI
T500208-1007,500208,1007,2,3820.04,Cash
T500209-1036,500209,1036,4,1991.96,Wallet
T500209-1011,500209,1011,2,1891.74,UPI
T500210-1067,500210,1067,4,5644.96,Card
T500211-1083,500211,1083,1,2040.63,Wallet
T500211-1021,500211,1021,4,7609.92,Card
T500212-1049,500212,1049,4,6863.04,Wallet
T500212-1022,500212,1022,1,905.68,Wallet
T500212-1025,500212,1025,1,1952.61,Cash
T500213-1012,500213,1012,1,2319.11,Wallet
T500213-1041,500213,1041,1,1109.77,Card
T500214-1017,500214,1017,2,2799.64,Wallet
T500215-1075,500215,1075,4,696.04,Card
T500215-1086,500215,1086,3,757.26,Cash
T500216-1015,500216,1015,3,3375.69,Card
T500216-1074,500216,1074,4,2431.32,Card
T500217-1030,500217,1030,3,5151.39,UPI
T500218-1071,500218,1071,1,560.02,UPI
T500219-1036,500219,1036,1,497.99,Wallet
T500220-1037,500220,1037,1,350.91,Card
T500221-1086,500221,1086,4,1009.68,UPI
T500222-1080,500222,1080,2,3932.46,UPI
T500223-1038,500223,1038,3,3614.97,Cash
T500224-1034,500224,1034,2,1890.08,Cash
T500225-1019,500225,1019,4,8297.0,Cash
T500226-1012,500226,1012,4,9276.44,Cash
T500226-1007,500226,1007,1,1910.02,Card
T500227-1005,500227,1005,1,262.62,Card
T500228-1063,500228,1063,2,2852.26,Cash
T500228-1051,500228,1051,1,523.77,UPI
T500229-1067,500229,1067,4,5644.96,UPI
T500229-1019,500229,1019,3,6222.75,Cash
T500229-1011,500229,1011,4,3783.48,Cash
T500230-1084,500230,1084,2,884.84,Cash
T500230-1012,500230,1012,1,2319.11,Card
T500230-1005,500230,1005,2,525.24,Cash
T500231-1068,500231,1068,2,1561.52,Card
T500231-1015,500231,1015,3,3375.69,UPI
T500232-1083,500232,1083,3,6121.89,Wallet
T500232-1024,500232,1024,1,2236.01,Card
T500232-1014,500232,1014,4,8248.88,UPI
T500233-1048,500233,1048,1,742.17,Wallet
T500234-1017,500234,1017,4,5599.28,Card
T500234-1071,500234,1071,2,1120.04,Cash
T500234-1016,500234,1016,3,1773.84,Card
T500235-1024,500235,1024,3,6708.03,Card
T500236-1009,500236,1009,4,1385.76,Wallet
T500236-1080,500236,1080,3,5898.69,Card
T500237-1084,500237,1084,1,442.42,UPI
T500237-1051,500237,1051,1,523.77,Cash
T500238-1013,500238,1013,2,3240.7,Wallet
T500239-1025,500239,1025,2,3905.22,Card
T500239-1026,500239,1026,4,2043.04,Card
T500240-1067,500240,1067,3,4233.72,UPI
T500240-1030,500240,1030,1,1717.13,Wallet
T500241-1031,500241,1031,3,5608.68,UPI
T500242-1038,500242,1038,4,4819.96,Cash
T500243-1055,500243,1055,1,1771.76,Cash
T500243-1078,500243,1078,3,4994.79,UPI
T500244-1024,500244,1024,3,6708.03,UPI
T500244-1010,500244,1010,1,1142.45,Cash
T500244-1075,500244,1075,4,696.04,Cash
T500245-1071,500245,1071,2,1120.04,UPI
T500246-1019,500246,1019,1,2074.25,Cash
T500246-1089,500246,1089,1,428.34,Card
T500247-1068,500247,1068,1,780.76,Wallet
T500248-1024,500248,1024,4,8944.04,Wallet
T500249-1010,500249,1010,4,4569.8,Wallet
T500250-1014,500250,1014,3,6186.66,UPI
T500250-1015,500250,1015,3,3375.69,Wallet
T500251-1089,500251,1089,4,1713.36,Card
T500252-1030,500252,1030,2,3434.26,Card
T500253-1029,500253,1029,2,822.2,Wallet
T500253-1071,500253,1071,4,2240.08,Wallet
T500253-1014,500253,1014,4,8248.88,UPI
T500254-1048,500254,1048,3,2226.51,Wallet
T500254-1015,500254,1015,2,2250.46,Cash
T500255-1003,500255,1003,3,6452.22,UPI
T500256-1072,500256,1072,2,2078.14,Card
T500257-1061,500257,1061,4,6723.84,Cash
T500258-1010,500258,1010,2,2284.9,Card
T500258-1038,500258,1038,4,4819.96,Wallet
T500259-1030,500259,1030,1,1717.13,UPI
T500260-1086,500260,1086,2,504.84,Cash
T500260-1017,500260,1017,4,5599.28,Wallet
T500261-1037,500261,1037,2,701.82,Card
T500261-1005,500261,1005,1,262.62,Card
T500261-1089,500261,1089,2,856.68,Card
T500262-1059,500262,1059,4,1501.2,Wallet
T500262-1020,500262,1020,2,3180.42,Card
T500262-1058,500262,1058,1,1434.79,Wallet
T500263-1018,500263,1018,3,562.89,Cash
T500263-1058,500263,1058,3,4304.37,Cash
T500263-1047,500263,1047,4,3948.28,UPI
T500264-1074,500264,1074,4,2431.32,Card
T500264-1071,500264,1071,2,1120.04,Wallet
T500265-1031,500265,1031,4,7478.24,Cash
T500265-1051,500265,1051,1,523.77,UPI
T500266-1018,500266,1018,4,750.52,Cash
T500266-1021,500266,1021,3,5707.44,UPI
T500266-1038,500266,1038,3,3614.97,Wallet
T500267-1035,500267,1035,1,1189.8,Card
T500267-1054,500267,1054,1,1672.18,Cash
T500267-1027,500267,1027,2,2365.6,Cash
T500268-1017,500268,1017,2,2799.64,Wallet
T500268-1077,500268,1077,2,1510.36,UPI
T500268-1012,500268,1012,4,9276.44,Cash
T500269-1055,500269,1055,3,5315.28,Cash
T500270-1024,500270,1024,2,4472.02,Cash
T500270-1070,500270,1070,4,4434.76,Cash
T500270-1090,500270,1090,3,3802.74,Card
T500271-1081,500271,1081,3,5012.55,Card
T500272-1077,500272,1077,4,3020.72,UPI
T500272-1023,500272,1023,2,4855.24,Wallet
T500272-1015,500272,1015,2,2250.46,UPI
T500273-1001,500273,1001,1,1941.67,Card
T500274-1077,500274,1077,3,2265.54,UPI
T500275-1012,500275,1012,2,4638.22,Cash
T500276-1037,500276,1037,2,701.82,UPI
T500277-1021,500277,1021,1,1902.48,Wallet
T500278-1068,500278,1068,4,3123.04,Card
T500278-1055,500278,1055,3,5315.28,Wallet
T500278-1069,500278,1069,2,212.24,Card
T500279-1016,500279,1016,1,591.28,Card
T500280-1030,500280,1030,2,3434.26,Card
T500280-1017,500280,1017,4,5599.28,Cash
T500280-1054,500280,1054,2,3344.36,UPI
T500281-1054,500281,1054,1,1672.18,Card
T500281-1006,500281,1006,4,9759.16,Wallet
T500281-1050,500281,1050,3,1125.57,Card
T500282-1051,500282,1051,1,523.77,Cash
T500282-1084,500282,1084,3,1327.26,Wallet
T500282-1047,500282,1047,2,1974.14,Wallet
T500283-1015,500283,1015,2,2250.46,Cash
T500283-1019,500283,1019,4,8297.0,Wallet
T500284-1030,500284,1030,4,6868.52,UPI
T500284-1055,500284,1055,1,1771.76,UPI
T500284-1044,500284,1044,1,801.55,UPI
T500285-1003,500285,1003,2,4301.48,Cash
T500286-1030,500286,1030,4,6868.52,UPI
T500287-1065,500287,1065,1,1597.75,Card
T500287-1030,500287,1030,4,6868.52,UPI
T500287-1046,500287,1046,3,6053.31,Cash
T500288-1010,500288,1010,3,3427.35,UPI
T500289-1012,500289,1012,3,6957.33,Card
T500289-1030,500289,1030,3,5151.39,UPI
T500289-1017,500289,1017,1,1399.82,UPI
T500290-1079,500290,1079,2,2811.74,Card
T500291-1009,500291,1009,4,1385.76,UPI
T500291-1055,500291,1055,1,1771.76,Wallet
T500292-1051,500292,1051,4,2095.08,Wallet
T500292-1006,500292,1006,3,7319.37,UPI
T500293-1018,500293,1018,3,562.89,Card
T500293-1055,500293,1055,1,1771.76,Cash
T500293-1075,500293,1075,2,348.02,UPI
T500294-1058,500294,1058,4,5739.16,Card
T500295-1056,500295,1056,1,1958.4,UPI
T500296-1003,500296,1003,1,2150.74,Cash
T500296-1047,500296,1047,3,2961.21,Cash
T500297-1077,500297,1077,1,755.18,Wallet
T500298-1070,500298,1070,1,1108.69,Wallet
T500298-1041,500298,1041,4,4439.08,Cash
T500298-1061,500298,1061,2,3361.92,Card
T500299-1039,500299,1039,2,1180.94,Wallet
T500299-1057,500299,1057,1,1163.52,Wallet
T500300-1045,500300,1045,1,2085.68,Cash
T500300-1090,500300,1090,4,5070.32,Cash
T500300-1034,500300,1034,3,2835.12,Cash
T500301-1057,500301,1057,4,4654.08,Cash
T500301-1082,500301,1082,4,4135.12,Wallet
T500302-1078,500302,1078,3,4994.79,Card
T500303-1015,500303,1015,3,3375.69,Cash
T500303-1063,500303,1063,3,4278.39,Wallet
T500303-1052,500303,1052,4,192.72,UPI
T500304-1026,500304,1026,4,2043.04,Wallet
T500304-1015,500304,1015,2,2250.46,Card
T500305-1038,500305,1038,1,1204.99,Cash
T500305-1017,500305,1017,4,5599.28,Card
T500305-1005,500305,1005,2,525.24,Card
T500306-1060,500306,1060,2,625.78,Cash
T500307-1060,500307,1060,1,312.89,Card
T500308-1030,500308,1030,4,6868.52,Card
T500308-1063,500308,1063,2,2852.26,Cash
T500308-1032,500308,1032,4,9679.0,Cash
T500309-1067,500309,1067,3,4233.72,Wallet
T500309-1034,500309,1034,2,1890.08,UPI
T500309-1078,500309,1078,2,3329.86,Cash
T500310-1036,500310,1036,2,995.98,Wallet
T500311-1047,500311,1047,2,1974.14,Wallet
T500311-1065,500311,1065,3,4793.25,Cash
T500312-1052,500312,1052,2,96.36,Cash
T500312-1022,500312,1022,4,3622.72,Card
T500312-1050,500312,1050,3,1125.57,Wallet
T500313-1026,500313,1026,3,1532.28,Cash
T500313-1058,500313,1058,2,2869.58,UPI
T500313-1024,500313,1024,4,8944.04,Card
T500314-1016,500314,1016,1,591.28,Card
T500314-1029,500314,1029,3,1233.3,Wallet
T500315-1011,500315,1011,3,2837.61,Cash
T500315-1003,500315,1003,2,4301.48,UPI
T500316-1004,500316,1004,2,3505.0,Card
T500317-1055,500317,1055,2,3543.52,Wallet
T500318-1009,500318,1009,4,1385.76,Cash
T500318-1064,500318,1064,2,3839.1,Cash
T500319-1046,500319,1046,2,4035.54,Wallet
T500319-1071,500319,1071,4,2240.08,Card
T500319-1088,500319,1088,1,1170.84,Wallet
T500320-1090,500320,1090,1,1267.58,Wallet
T500321-1004,500321,1004,4,7010.0,Cash
T500321-1077,500321,1077,1,755.18,Card
T500321-1027,500321,1027,3,3548.4,Cash
T500322-1008,500322,1008,4,7886.32,UPI
T500322-1037,500322,1037,4,1403.64,UPI
T500323-1038,500323,1038,2,2409.98,Wallet
T500323-1076,500323,1076,4,2900.08,Wallet
T500323-1072,500323,1072,3,3117.21,Card
T500324-1046,500324,1046,1,2017.77,Cash
T500325-1054,500325,1054,1,1672.18,Cash
T500325-1081,500325,1081,3,5012.55,Cash
T500325-1010,500325,1010,2,2284.9,UPI
T500326-1086,500326,1086,2,504.84,Wallet
T500326-1068,500326,1068,2,1561.52,UPI
T500327-1090,500327,1090,3,3802.74,Card
T500327-1044,500327,1044,3,2404.65,UPI
T500327-1052,500327,1052,1,48.18,Cash
T500328-1083,500328,1083,4,8162.52,Card
T500329-1046,500329,1046,1,2017.77,Wallet
T500330-1041,500330,1041,1,1109.77,Wallet
T500331-1041,500331,1041,4,4439.08,Card
T500332-1015,500332,1015,3,3375.69,UPI
T500333-1055,500333,1055,3,5315.28,UPI
T500333-1035,500333,1035,4,4759.2,Wallet
T500334-1033,500334,1033,2,1669.58,Card
T500335-1080,500335,1080,2,3932.46,Cash
T500335-1059,500335,1059,1,375.3,Card
T500336-1087,500336,1087,1,1814.23,Wallet
T500336-1016,500336,1016,1,591.28,Card
T500337-1063,500337,1063,4,5704.52,UPI
T500338-1063,500338,1063,3,4278.39,Cash
T500338-1043,500338,1043,1,1759.65,Cash
T500339-1089,500339,1089,2,856.68,Cash
T500339-1046,500339,1046,4,8071.08,UPI
T500340-1082,500340,1082,2,2067.56,Wallet
T500340-1051,500340,1051,3,1571.31,Card
T500341-1016,500341,1016,2,1182.56,Wallet
T500342-1043,500342,1043,4,7038.6,Card
T500342-1035,500342,1035,2,2379.6,Cash
T500343-1030,500343,1030,3,5151.39,Cash
T500343-1007,500343,1007,3,5730.06,Cash
T500344-1009,500344,1009,3,1039.32,Card
T500344-1005,500344,1005,4,1050.48,Card
T500344-1085,500344,1085,4,344.4,Card
T500345-1036,500345,1036,1,497.99,Wallet
T500345-1061,500345,1061,2,3361.92,UPI
T500346-1045,500346,1045,2,4171.36,Cash
T500346-1088,500346,1088,3,3512.52,Card
T500346-1057,500346,1057,1,1163.52,Wallet
T500347-1068,500347,1068,2,1561.52,Card
T500347-1040,500347,1040,3,5053.32,Wallet
T500348-1002,500348,1002,3,3342.09,Card
T500348-1059,500348,1059,1,375.3,Cash
T500348-1047,500348,1047,2,1974.14,Cash
T500349-1076,500349,1076,1,725.02,Cash
T500349-1085,500349,1085,4,344.4,Card
T500350-1040,500350,1040,2,3368.88,Wallet
T500350-1068,500350,1068,2,1561.52,Card
T500351-1062,500351,1062,4,4774.44,Wallet
T500351-1083,500351,1083,2,4081.26,Card
T500352-1047,500352,1047,1,987.07,UPI
T500352-1063,500352,1063,2,2852.26,Wallet
T500353-1072,500353,1072,4,4156.28,Card
T500353-1064,500353,1064,1,1919.55,Wallet
T500353-1003,500353,1003,1,2150.74,Wallet
T500354-1080,500354,1080,2,3932.46,Cash
T500354-1047,500354,1047,4,3948.28,UPI
T500354-1076,500354,1076,1,725.02,Card
T500355-1085,500355,1085,2,172.2,Wallet
T500355-1067,500355,1067,3,4233.72,UPI
T500356-1034,500356,1034,3,2835.12,Wallet
T500356-1078,500356,1078,3,4994.79,Wallet
T500357-1044,500357,1044,1,801.55,Wallet
T500357-1063,500357,1063,4,5704.52,Wallet
T500357-1038,500357,1038,1,1204.99,Card
T500358-1003,500358,1003,2,4301.48,Card
T500359-1077,500359,1077,2,1510.36,Wallet
T500359-1074,500359,1074,4,2431.32,Wallet
T500359-1015,500359,1015,2,2250.46,Wallet
T500360-1025,500360,1025,2,3905.22,Cash
T500360-1014,500360,1014,2,4124.44,Wallet
T500360-1053,500360,1053,4,7894.8,Card
T500361-1006,500361,1006,4,9759.16,Wallet
T500361-1013,500361,1013,3,4861.05,UPI
T500362-1066,500362,1066,2,2794.68,UPI
T500363-1051,500363,1051,4,2095.08,Card
T500364-1023,500364,1023,4,9710.48,Card
T500364-1034,500364,1034,1,945.04,UPI
T500364-1066,500364,1066,2,2794.68,Card
T500365-1052,500365,1052,4,192.72,Cash
T500366-1061,500366,1061,4,6723.84,UPI
T500367-1004,500367,1004,4,7010.0,Wallet
T500368-1078,500368,1078,4,6659.72,Wallet
T500368-1059,500368,1059,2,750.6,Cash
T500369-1081,500369,1081,2,3341.7,Card
T500370-1071,500370,1071,3,1680.06,Wallet
T500370-1066,500370,1066,3,4192.02,Card
T500371-1027,500371,1027,2,2365.6,Wallet
T500371-1034,500371,1034,4,3780.16,Cash
T500371-1056,500371,1056,1,1958.4,UPI
T500372-1065,500372,1065,4,6391.0,Card
T500373-1051,500373,1051,4,2095.08,Card
T500374-1047,500374,1047,4,3948.28,Cash
T500375-1066,500375,1066,1,1397.34,Card
T500375-1002,500375,1002,2,2228.06,Cash
T500376-1022,500376,1022,4,3622.72,Card
T500377-1052,500377,1052,4,192.72,Card
T500377-1056,500377,1056,1,1958.4,Wallet
T500377-1062,500377,1062,2,2387.22,Card
T500378-1050,500378,1050,3,1125.57,Wallet
T500379-1064,500379,1064,2,3839.1,Card
T500379-1048,500379,1048,1,742.17,Wallet
T500379-1078,500379,1078,3,4994.79,Wallet
T500380-1013,500380,1013,2,3240.7,Wallet
T500380-1038,500380,1038,2,2409.98,Wallet
T500380-1005,500380,1005,3,787.86,Wallet
T500381-1036,500381,1036,1,497.99,UPI
T500382-1032,500382,1032,4,9679.0,UPI
T500382-1034,500382,1034,2,1890.08,UPI
T500382-1046,500382,1046,4,8071.08,UPI
T500383-1052,500383,1052,3,144.54,Card
T500383-1068,500383,1068,2,1561.52,Cash
T500384-1086,500384,1086,1,252.42,Cash
T500384-1042,500384,1042,3,6260.16,Cash
T500385-1065,500385,1065,4,6391.0,Card
T500385-1006,500385,1006,1,2439.79,Cash
T500386-1009,500386,1009,3,1039.32,Card
T500386-1041,500386,1041,3,3329.31,Card
T500386-1036,500386,1036,2,995.98,Cash
T500387-1024,500387,1024,3,6708.03,Card
T500387-1045,500387,1045,3,6257.04,Card
T500388-1036,500388,1036,1,497.99,UPI
T500388-1063,500388,1063,2,2852.26,Card
T500388-1030,500388,1030,2,3434.26,UPI
T500389-1045,500389,1045,2,4171.36,Cash
T500390-1084,500390,1084,3,1327.26,UPI
T500390-1090,500390,1090,3,3802.74,Card
T500391-1072,500391,1072,1,1039.07,Card
T500392-1046,500392,1046,2,4035.54,UPI
T500392-1082,500392,1082,2,2067.56,Wallet
T500392-1048,500392,1048,3,2226.51,Wallet
T500393-1016,500393,1016,2,1182.56,Wallet
T500393-1077,500393,1077,3,2265.54,UPI
T500394-1035,500394,1035,1,1189.8,Cash
T500395-1040,500395,1040,2,3368.88,UPI
T500395-1086,500395,1086,1,252.42,Card
T500395-1021,500395,1021,1,1902.48,UPI
T500396-1049,500396,1049,4,6863.04,Cash
T500396-1077,500396,1077,2,1510.36,Card
T500397-1013,500397,1013,2,3240.7,Cash
T500397-1026,500397,1026,2,1021.52,Cash
T500397-1042,500397,1042,2,4173.44,Wallet
T500398-1030,500398,1030,2,3434.26,Card
T500398-1053,500398,1053,2,3947.4,Wallet
T500398-1004,500398,1004,1,1752.5,Wallet
T500399-1077,500399,1077,3,2265.54,Cash
T500400-1065,500400,1065,3,4793.25,Card
T500401-1054,500401,1054,1,1672.18,Card
T500401-1043,500401,1043,4,7038.6,Wallet
T500402-1003,500402,1003,4,8602.96,Cash
T500402-1046,500402,1046,1,2017.77,Wallet
T500403-1051,500403,1051,1,523.77,Card
T500403-1078,500403,1078,2,3329.86,Wallet
T500404-1073,500404,1073,2,4275.82,Card
T500404-1058,500404,1058,2,2869.58,Wallet
T500404-1006,500404,1006,4,9759.16,UPI
T500405-1036,500405,1036,3,1493.97,Wallet
T500405-1071,500405,1071,2,1120.04,Cash
T500405-1072,500405,1072,4,4156.28,Wallet
T500406-1045,500406,1045,3,6257.04,Cash
T500407-1076,500407,1076,4,2900.08,UPI
T500407-1048,500407,1048,3,2226.51,Card
T500408-1068,500408,1068,4,3123.04,Wallet
T500408-1054,500408,1054,1,1672.18,Wallet
T500408-1049,500408,1049,1,1715.76,Card
T500409-1049,500409,1049,2,3431.52,Card
T500409-1055,500409,1055,4,7087.04,Cash
T500409-1051,500409,1051,3,1571.31,Wallet
T500410-1089,500410,1089,3,1285.02,Wallet
T500410-1008,500410,1008,2,3943.16,Cash
T500410-1041,500410,1041,4,4439.08,Card
T500411-1083,500411,1083,3,6121.89,UPI
T500412-1030,500412,1030,1,1717.13,Card
T500413-1082,500413,1082,1,1033.78,Wallet
T500413-1076,500413,1076,2,1450.04,Cash
T500413-1065,500413,1065,2,3195.5,Wallet
T500414-1081,500414,1081,3,5012.55,UPI
T500414-1023,500414,1023,1,2427.62,Card
T500415-1085,500415,1085,1,86.1,Cash
T500416-1048,500416,1048,4,2968.68,Wallet
T500416-1057,500416,1057,2,2327.04,Cash
T500417-1080,500417,1080,1,1966.23,UPI
T500418-1013,500418,1013,4,6481.4,UPI
T500418-1087,500418,1087,1,1814.23,Wallet
T500418-1067,500418,1067,3,4233.72,Cash
T500419-1025,500419,1025,2,3905.22,Card
T500419-1008,500419,1008,3,5914.74,Wallet
T500419-1083,500419,1083,1,2040.63,Cash
T500420-1002,500420,1002,3,3342.09,Card
T500420-1065,500420,1065,2,3195.5,Wallet
T500420-1088,500420,1088,1,1170.84,Wallet
T500421-1039,500421,1039,3,1771.41,Wallet
T500422-1002,500422,1002,1,1114.03,Card
T500422-1067,500422,1067,4,5644.96,Wallet
T500422-1030,500422,1030,3,5151.39,UPI
T500423-1054,500423,1054,2,3344.36,UPI
T500423-1071,500423,1071,2,1120.04,Card
T500424-1085,500424,1085,2,172.2,Cash
T500424-1059,500424,1059,4,1501.2,UPI
T500425-1019,500425,1019,3,6222.75,Wallet
T500425-1006,500425,1006,4,9759.16,UPI
T500426-1029,500426,1029,1,411.1,Card
T500426-1089,500426,1089,2,856.68,UPI
T500426-1055,500426,1055,1,1771.76,Card
T500427-1067,500427,1067,1,1411.24,UPI
T500428-1002,500428,1002,4,4456.12,Wallet
T500428-1050,500428,1050,4,1500.76,UPI
T500428-1063,500428,1063,4,5704.52,Card
T500429-1037,500429,1037,2,701.82,Cash
T500429-1065,500429,1065,2,3195.5,UPI
T500429-1076,500429,1076,3,2175.06,UPI
T500430-1062,500430,1062,4,4774.44,Wallet
T500430-1083,500430,1083,1,2040.63,Wallet
T500431-1057,500431,1057,3,3490.56,Wallet
T500431-1019,500431,1019,4,8297.0,Wallet
T500432-1079,500432,1079,1,1405.87,Card
T500432-1010,500432,1010,4,4569.8,Cash
T500433-1061,500433,1061,3,5042.88,Card
T500433-1054,500433,1054,4,6688.72,Card
T500433-1016,500433,1016,1,591.28,UPI
T500434-1066,500434,1066,4,5589.36,UPI
T500434-1019,500434,1019,2,4148.5,Cash
T500434-1063,500434,1063,2,2852.26,UPI
T500435-1019,500435,1019,2,4148.5,Wallet
T500435-1031,500435,1031,2,3739.12,Card
T500436-1054,500436,1054,2,3344.36,Card
T500436-1025,500436,1025,1,1952.61,Wallet
T500437-1016,500437,1016,4,2365.12,UPI
T500437-1013,500437,1013,1,1620.35,Cash
T500438-1086,500438,1086,2,504.84,Cash
T500438-1068,500438,1068,3,2342.28,Card
T500439-1049,500439,1049,4,6863.04,Card
T500439-1083,500439,1083,1,2040.63,Wallet
T500440-1085,500440,1085,3,258.3,UPI
T500440-1038,500440,1038,1,1204.99,Wallet
T500440-1034,500440,1034,1,945.04,Card
T500441-1008,500441,1008,2,3943.16,Cash
T500441-1040,500441,1040,4,6737.76,Cash
T500441-1085,500441,1085,3,258.3,Cash
T500442-1053,500442,1053,4,7894.8,Cash
T500443-1035,500443,1035,3,3569.4,Cash
T500443-1076,500443,1076,1,725.02,Card
T500443-1031,500443,1031,2,3739.12,UPI
T500444-1018,500444,1018,1,187.63,Cash
T500444-1086,500444,1086,4,1009.68,UPI
T500444-1089,500444,1089,3,1285.02,UPI
T500445-1012,500445,1012,3,6957.33,Wallet
T500445-1006,500445,1006,4,9759.16,Card
T500445-1039,500445,1039,4,2361.88,Card
T500446-1055,500446,1055,3,5315.28,Card
T500447-1014,500447,1014,2,4124.44,Card
T500447-1039,500447,1039,4,2361.88,Card
T500448-1001,500448,1001,4,7766.68,Wallet
T500448-1029,500448,1029,1,411.1,Wallet
T500449-1001,500449,1001,1,1941.67,Wallet
T500450-1080,500450,1080,1,1966.23,Wallet
T500450-1052,500450,1052,3,144.54,Wallet
T500451-1013,500451,1013,1,1620.35,UPI
T500451-1048,500451,1048,2,1484.34,Card
T500452-1085,500452,1085,1,86.1,Wallet
T500452-1015,500452,1015,2,2250.46,Cash
T500453-1024,500453,1024,1,2236.01,Wallet
T500453-1046,500453,1046,1,2017.77,Wallet
T500454-1083,500454,1083,4,8162.52,Card
T500454-1058,500454,1058,4,5739.16,Wallet
T500454-1082,500454,1082,3,3101.34,UPI
T500455-1016,500455,1016,3,1773.84,Card
T500456-1056,500456,1056,1,1958.4,Card
T500456-1015,500456,1015,4,4500.92,Cash
T500456-1025,500456,1025,4,7810.44,Card
T500457-1046,500457,1046,2,4035.54,Cash
T500457-1063,500457,1063,4,5704.52,Cash
T500457-1010,500457,1010,2,2284.9,Card
T500458-1030,500458,1030,3,5151.39,Card
T500458-1005,500458,1005,3,787.86,Card
T500458-1077,500458,1077,3,2265.54,Wallet
T500459-1065,500459,1065,3,4793.25,UPI
T500459-1020,500459,1020,4,6360.84,UPI
T500459-1087,500459,1087,2,3628.46,Cash
T500460-1012,500460,1012,3,6957.33,Card
T500461-1067,500461,1067,1,1411.24,Wallet
T500461-1032,500461,1032,4,9679.0,Card
T500461-1080,500461,1080,4,7864.92,Cash
T500462-1021,500462,1021,1,1902.48,UPI
T500462-1063,500462,1063,1,1426.13,UPI
T500462-1034,500462,1034,4,3780.16,Wallet
T500463-1008,500463,1008,2,3943.16,Cash
T500463-1089,500463,1089,3,1285.02,Card
T500463-1054,500463,1054,2,3344.36,UPI
T500464-1084,500464,1084,3,1327.26,Cash
T500465-1023,500465,1023,4,9710.48,Card
T500465-1036,500465,1036,3,1493.97,UPI
T500465-1085,500465,1085,2,172.2,UPI
T500466-1024,500466,1024,3,6708.03,Cash
T500466-1036,500466,1036,2,995.98,Wallet
T500466-1063,500466,1063,1,1426.13,Wallet
T500467-1004,500467,1004,4,7010.0,UPI
T500467-1090,500467,1090,4,5070.32,Cash
T500468-1083,500468,1083,4,8162.52,Cash
T500468-1064,500468,1064,1,1919.55,UPI
T500468-1033,500468,1033,4,3339.16,UPI
T500469-1056,500469,1056,4,7833.6,Card
T500470-1063,500470,1063,1,1426.13,Cash
T500470-1055,500470,1055,1,1771.76,Cash
T500471-1083,500471,1083,3,6121.89,Cash
T500471-1070,500471,1070,2,2217.38,Cash
T500471-1003,500471,1003,3,6452.22,UPI
T500472-1011,500472,1011,4,3783.48,Cash
T500472-1024,500472,1024,2,4472.02,Card
T500473-1059,500473,1059,2,750.6,Card
T500473-1069,500473,1069,1,106.12,Wallet
T500473-1055,500473,1055,4,7087.04,Cash
T500474-1058,500474,1058,3,4304.37,Card
T500474-1012,500474,1012,4,9276.44,Wallet
T500475-1030,500475,1030,4,6868.52,UPI
T500476-1039,500476,1039,1,590.47,Card
T500476-1013,500476,1013,1,1620.35,Wallet
T500477-1041,500477,1041,4,4439.08,UPI
T500477-1043,500477,1043,3,5278.95,Card
T500478-1061,500478,1061,3,5042.88,Card
T500478-1064,500478,1064,1,1919.55,Cash
T500478-1070,500478,1070,2,2217.38,Cash
T500479-1015,500479,1015,4,4500.92,Card
T500479-1036,500479,1036,4,1991.96,UPI
T500480-1068,500480,1068,1,780.76,Wallet
T500480-1064,500480,1064,4,7678.2,Card
T500480-1004,500480,1004,2,3505.0,Cash
T500481-1090,500481,1090,1,1267.58,UPI
T500482-1043,500482,1043,1,1759.65,UPI
T500482-1005,500482,1005,3,787.86,Wallet
T500483-1044,500483,1044,4,3206.2,Wallet
T500484-1056,500484,1056,4,7833.6,Cash
T500485-1041,500485,1041,3,3329.31,Cash
T500485-1069,500485,1069,4,424.48,Wallet
T500486-1086,500486,1086,1,252.42,Cash
T500486-1001,500486,1001,3,5825.01,Cash
T500487-1055,500487,1055,2,3543.52,UPI
T500487-1012,500487,1012,3,6957.33,UPI
T500487-1049,500487,1049,2,3431.52,Cash
T500488-1090,500488,1090,3,3802.74,Wallet
T500488-1028,500488,1028,1,138.2,Wallet
T500488-1027,500488,1027,3,3548.4,Cash
T500489-1085,500489,1085,2,172.2,UPI
T500489-1060,500489,1060,3,938.67,UPI
T500490-1020,500490,1020,2,3180.42,UPI
T500491-1052,500491,1052,1,48.18,Cash
T500491-1018,500491,1018,2,375.26,Card
T500491-1026,500491,1026,3,1532.28,Wallet
T500492-1085,500492,1085,4,344.4,Wallet
T500492-1074,500492,1074,2,1215.66,Wallet
T500493-1064,500493,1064,4,7678.2,Cash
T500493-1080,500493,1080,3,5898.69,Cash
T500493-1053,500493,1053,3,5921.1,UPI
T500494-1008,500494,1008,2,3943.16,UPI
T500495-1066,500495,1066,4,5589.36,Wallet
T500495-1005,500495,1005,3,787.86,Cash
T500495-1026,500495,1026,3,1532.28,Cash
T500496-1076,500496,1076,3,2175.06,Card
T500496-1003,500496,1003,3,6452.22,Cash
T500496-1039,500496,1039,3,1771.41,Wallet
T500497-1088,500497,1088,1,1170.84,Cash
T500497-1071,500497,1071,1,560.02,Cash
T500497-1002,500497,1002,1,1114.03,UPI
T500498-1025,500498,1025,4,7810.44,Wallet
T500499-1089,500499,1089,3,1285.02,Card
T500500-1017,500500,1017,1,1399.82,UPI
T500500-1021,500500,1021,2,3804.96,Cash
T500500-1022,500500,1022,4,3622.72,UPI
T500501-1090,500501,1090,4,5070.32,Wallet
T500501-1010,500501,1010,2,2284.9,Card
T500502-1043,500502,1043,2,3519.3,Cash
T500503-1042,500503,1042,2,4173.44,Cash
T500503-1071,500503,1071,1,560.02,Card
T500504-1059,500504,1059,1,375.3,Card
T500505-1082,500505,1082,1,1033.78,Wallet
T500505-1089,500505,1089,2,856.68,UPI
T500505-1039,500505,1039,1,590.47,Cash
T500506-1080,500506,1080,3,5898.69,Cash
T500506-1018,500506,1018,3,562.89,Cash
T500507-1064,500507,1064,1,1919.55,Wallet
T500507-1079,500507,1079,4,5623.48,Wallet
T500507-1081,500507,1081,3,5012.55,Wallet
T500508-1021,500508,1021,3,5707.44,Wallet
T500508-1048,500508,1048,4,2968.68,UPI
T500508-1024,500508,1024,2,4472.02,Card
T500509-1089,500509,1089,2,856.68,Wallet
T500509-1031,500509,1031,2,3739.12,UPI
T500510-1033,500510,1033,3,2504.37,Cash
T500511-1046,500511,1046,1,2017.77,Cash
T500511-1037,500511,1037,4,1403.64,Cash
T500512-1089,500512,1089,2,856.68,Cash
T500513-1087,500513,1087,4,7256.92,Cash
T500513-1017,500513,1017,1,1399.82,Cash
T500513-1011,500513,1011,3,2837.61,Card
T500514-1073,500514,1073,4,8551.64,Wallet
T500514-1019,500514,1019,3,6222.75,Wallet
T500515-1015,500515,1015,3,3375.69,Cash
T500515-1049,500515,1049,1,1715.76,Card
T500515-1059,500515,1059,2,750.6,Wallet
T500516-1057,500516,1057,2,2327.04,Cash
T500516-1065,500516,1065,1,1597.75,UPI
T500516-1010,500516,1010,1,1142.45,Wallet
T500517-1026,500517,1026,2,1021.52,Wallet
T500518-1080,500518,1080,2,3932.46,Cash
T500518-1089,500518,1089,3,1285.02,UPI
T500519-1076,500519,1076,1,725.02,UPI
T500519-1039,500519,1039,4,2361.88,Wallet
T500519-1056,500519,1056,4,7833.6,Card
T500520-1032,500520,1032,4,9679.0,Card
T500521-1033,500521,1033,3,2504.37,Wallet
T500521-1058,500521,1058,1,1434.79,Cash
T500522-1002,500522,1002,3,3342.09,Card
T500523-1005,500523,1005,4,1050.48,Wallet
T500524-1002,500524,1002,3,3342.09,UPI
T500524-1020,500524,1020,2,3180.42,Cash
T500524-1011,500524,1011,2,1891.74,Card
T500525-1028,500525,1028,4,552.8,Cash
T500525-1085,500525,1085,2,172.2,Cash
T500526-1012,500526,1012,2,4638.22,Wallet
T500526-1058,500526,1058,3,4304.37,Wallet
T500526-1077,500526,1077,2,1510.36,Cash
T500527-1036,500527,1036,4,1991.96,UPI
T500527-1034,500527,1034,4,3780.16,Cash
T500528-1069,500528,1069,1,106.12,Wallet
T500529-1044,500529,1044,4,3206.2,Cash
T500529-1082,500529,1082,2,2067.56,UPI
T500530-1027,500530,1027,3,3548.4,Wallet
T500530-1064,500530,1064,4,7678.2,Card
T500530-1069,500530,1069,1,106.12,Cash
T500531-1086,500531,1086,1,252.42,UPI
T500531-1060,500531,1060,3,938.67,UPI
T500531-1010,500531,1010,3,3427.35,UPI
T500532-1030,500532,1030,3,5151.39,Cash
T500532-1032,500532,1032,4,9679.0,UPI
T500532-1041,500532,1041,4,4439.08,Cash
T500533-1083,500533,1083,3,6121.89,UPI
T500534-1060,500534,1060,3,938.67,UPI
T500535-1048,500535,1048,4,2968.68,UPI
T500535-1088,500535,1088,4,4683.36,Card
T500536-1090,500536,1090,1,1267.58,Cash
T500536-1079,500536,1079,4,5623.48,Cash
T500537-1015,500537,1015,3,3375.69,Cash
T500538-1047,500538,1047,1,987.07,Card
T500538-1039,500538,1039,2,1180.94,Cash
T500538-1011,500538,1011,4,3783.48,UPI
T500539-1067,500539,1067,2,2822.48,Card
T500539-1070,500539,1070,1,1108.69,Cash
T500539-1013,500539,1013,4,6481.4,Cash
T500540-1031,500540,1031,1,1869.56,Cash
T500540-1071,500540,1071,4,2240.08,Wallet
T500540-1051,500540,1051,2,1047.54,Cash
T500541-1084,500541,1084,4,1769.68,Card
T500541-1075,500541,1075,2,348.02,Card
T500542-1086,500542,1086,3,757.26,UPI
T500542-1079,500542,1079,1,1405.87,Card
T500543-1033,500543,1033,2,1669.58,Wallet
T500543-1059,500543,1059,3,1125.9,Wallet
T500544-1025,500544,1025,4,7810.44,Wallet
T500545-1006,500545,1006,4,9759.16,Card
T500545-1003,500545,1003,4,8602.96,Cash
T500546-1051,500546,1051,2,1047.54,UPI
T500547-1081,500547,1081,4,6683.4,Card
T500547-1019,500547,1019,3,6222.75,UPI
T500547-1073,500547,1073,4,8551.64,Card
T500548-1064,500548,1064,1,1919.55,Card
T500548-1025,500548,1025,4,7810.44,Wallet
T500548-1083,500548,1083,4,8162.52,UPI
T500549-1069,500549,1069,2,212.24,UPI
T500550-1083,500550,1083,4,8162.52,UPI
T500551-1049,500551,1049,3,5147.28,Wallet
T500551-1076,500551,1076,3,2175.06,UPI
T500551-1057,500551,1057,1,1163.52,Card
T500552-1077,500552,1077,1,755.18,Card
T500552-1003,500552,1003,2,4301.48,Cash
T500553-1069,500553,1069,1,106.12,Wallet
T500554-1080,500554,1080,2,3932.46,Card
T500554-1089,500554,1089,3,1285.02,Cash
T500555-1011,500555,1011,4,3783.48,Cash
T500555-1042,500555,1042,2,4173.44,UPI
T500555-1043,500555,1043,1,1759.65,Cash
T500556-1017,500556,1017,3,4199.46,Cash
T500556-1026,500556,1026,2,1021.52,Cash
T500557-1046,500557,1046,2,4035.54,UPI
T500557-1024,500557,1024,4,8944.04,Wallet
T500557-1001,500557,1001,2,3883.34,Card
T500558-1053,500558,1053,1,1973.7,UPI
T500558-1078,500558,1078,2,3329.86,Card
T500559-1068,500559,1068,2,1561.52,Cash
T500559-1011,500559,1011,1,945.87,Card
T500560-1053,500560,1053,2,3947.4,Wallet
T500560-1004,500560,1004,1,1752.5,Card
T500560-1044,500560,1044,2,1603.1,Wallet
T500561-1009,500561,1009,1,346.44,Wallet
T500561-1075,500561,1075,4,696.04,Card
T500561-1008,500561,1008,4,7886.32,Cash
T500562-1009,500562,1009,2,692.88,Wallet
T500562-1078,500562,1078,3,4994.79,Card
T500563-1054,500563,1054,2,3344.36,Card
T500564-1005,500564,1005,2,525.24,Card
T500564-1047,500564,1047,4,3948.28,Card
T500564-1013,500564,1013,2,3240.7,Cash
T500565-1008,500565,1008,4,7886.32,UPI
T500565-1004,500565,1004,4,7010.0,Card
T500566-1022,500566,1022,1,905.68,Cash
T500566-1038,500566,1038,4,4819.96,Cash
T500566-1013,500566,1013,4,6481.4,Card
T500567-1077,500567,1077,4,3020.72,Cash
T500567-1055,500567,1055,1,1771.76,UPI
T500568-1043,500568,1043,2,3519.3,Cash
T500568-1022,500568,1022,1,905.68,Card
T500568-1060,500568,1060,4,1251.56,UPI
T500569-1064,500569,1064,3,5758.65,Card
T500569-1014,500569,1014,3,6186.66,UPI
T500570-1022,500570,1022,3,2717.04,Cash
T500570-1049,500570,1049,3,5147.28,Wallet
T500571-1078,500571,1078,1,1664.93,Card
T500571-1088,500571,1088,1,1170.84,Cash
T500572-1084,500572,1084,3,1327.26,Card
T500573-1009,500573,1009,3,1039.32,Wallet
T500574-1001,500574,1001,2,3883.34,Wallet
T500575-1011,500575,1011,4,3783.48,Wallet
T500575-1008,500575,1008,2,3943.16,Cash
T500576-1051,500576,1051,2,1047.54,Wallet
T500577-1051,500577,1051,4,2095.08,Wallet
T500577-1076,500577,1076,2,1450.04,Card
T500578-1016,500578,1016,4,2365.12,Card
T500578-1035,500578,1035,2,2379.6,Wallet
T500579-1006,500579,1006,1,2439.79,UPI
T500580-1004,500580,1004,4,7010.0,Card
T500580-1055,500580,1055,1,1771.76,UPI
T500580-1030,500580,1030,4,6868.52,Card
T500581-1031,500581,1031,2,3739.12,UPI
T500581-1068,500581,1068,1,780.76,Card
T500581-1058,500581,1058,4,5739.16,Cash
T500582-1037,500582,1037,2,701.82,Card
T500582-1044,500582,1044,3,2404.65,UPI
T500582-1023,500582,1023,4,9710.48,UPI
T500583-1069,500583,1069,3,318.36,Card
T500583-1023,500583,1023,4,9710.48,Card
T500583-1014,500583,1014,4,8248.88,Wallet
T500584-1035,500584,1035,1,1189.8,UPI
T500585-1010,500585,1010,1,1142.45,Cash
T500586-1042,500586,1042,3,6260.16,Card
T500586-1069,500586,1069,3,318.36,Card
T500587-1018,500587,1018,3,562.89,Wallet
T500587-1027,500587,1027,2,2365.6,UPI
T500588-1048,500588,1048,1,742.17,Cash
T500588-1081,500588,1081,4,6683.4,UPI
T500589-1020,500589,1020,1,1590.21,Wallet
T500589-1005,500589,1005,1,262.62,Cash
T500589-1069,500589,1069,4,424.48,UPI
T500590-1072,500590,1072,1,1039.07,Card
T500591-1002,500591,1002,2,2228.06,Card
T500592-1009,500592,1009,1,346.44,Wallet
T500592-1073,500592,1073,3,6413.73,Cash
T500593-1042,500593,1042,1,2086.72,Card
T500594-1007,500594,1007,4,7640.08,Card
T500594-1064,500594,1064,2,3839.1,Wallet
T500594-1034,500594,1034,3,2835.12,Card
T500595-1022,500595,1022,2,1811.36,UPI
T500596-1005,500596,1005,1,262.62,Cash
T500596-1088,500596,1088,4,4683.36,Wallet
T500596-1049,500596,1049,1,1715.76,Card
T500597-1087,500597,1087,2,3628.46,Cash
T500597-1036,500597,1036,3,1493.97,Card
T500597-1071,500597,1071,4,2240.08,Wallet
T500598-1038,500598,1038,3,3614.97,Cash
T500598-1008,500598,1008,1,1971.58,Wallet
T500598-1068,500598,1068,2,1561.52,Cash
T500599-1003,500599,1003,2,4301.48,Cash
T500600-1084,500600,1084,4,1769.68,Cash
T500601-1076,500601,1076,1,725.02,Card
T500601-1065,500601,1065,4,6391.0,Card
T500601-1075,500601,1075,1,174.01,Wallet
T500602-1002,500602,1002,3,3342.09,UPI
T500602-1082,500602,1082,3,3101.34,Card
T500603-1070,500603,1070,1,1108.69,Wallet
T500604-1053,500604,1053,4,7894.8,UPI
T500605-1066,500605,1066,4,5589.36,UPI
T500605-1078,500605,1078,1,1664.93,Card
T500605-1027,500605,1027,3,3548.4,Wallet
T500606-1079,500606,1079,4,5623.48,Card
T500606-1044,500606,1044,2,1603.1,Wallet
T500607-1030,500607,1030,4,6868.52,UPI
T500607-1039,500607,1039,1,590.47,Card
T500608-1073,500608,1073,4,8551.64,Card
T500608-1019,500608,1019,4,8297.0,Wallet
T500609-1078,500609,1078,3,4994.79,Card
T500609-1034,500609,1034,4,3780.16,Wallet
T500609-1027,500609,1027,1,1182.8,Wallet
T500610-1067,500610,1067,2,2822.48,Cash
T500610-1025,500610,1025,2,3905.22,Card
T500610-1061,500610,1061,3,5042.88,Card
T500611-1060,500611,1060,2,625.78,Cash
T500612-1077,500612,1077,3,2265.54,UPI
T500612-1079,500612,1079,4,5623.48,UPI
T500613-1075,500613,1075,3,522.03,UPI
T500613-1016,500613,1016,3,1773.84,Card
T500613-1001,500613,1001,4,7766.68,Wallet
T500614-1029,500614,1029,1,411.1,Cash
T500614-1075,500614,1075,1,174.01,Cash
T500614-1036,500614,1036,1,497.99,Wallet
T500615-1063,500615,1063,2,2852.26,Cash
T500615-1009,500615,1009,4,1385.76,Wallet
T500616-1076,500616,1076,4,2900.08,Cash
T500616-1019,500616,1019,3,6222.75,Cash
T500617-1078,500617,1078,3,4994.79,Wallet
T500618-1073,500618,1073,2,4275.82,Wallet
T500619-1082,500619,1082,3,3101.34,Wallet
T500619-1011,500619,1011,3,2837.61,Cash
T500619-1078,500619,1078,4,6659.72,UPI
T500620-1045,500620,1045,4,8342.72,Wallet
T500620-1019,500620,1019,4,8297.0,Wallet
T500621-1087,500621,1087,3,5442.69,UPI
T500621-1005,500621,1005,4,1050.48,Wallet
T500622-1057,500622,1057,2,2327.04,Cash
T500622-1076,500622,1076,1,725.02,Cash
T500622-1016,500622,1016,3,1773.84,Cash
T500623-1063,500623,1063,3,4278.39,Cash
T500623-1056,500623,1056,4,7833.6,Card
T500623-1009,500623,1009,2,692.88,Wallet
T500624-1029,500624,1029,4,1644.4,UPI
T500624-1031,500624,1031,2,3739.12,Wallet
T500625-1017,500625,1017,1,1399.82,Cash
T500626-1029,500626,1029,4,1644.4,UPI
T500626-1013,500626,1013,3,4861.05,Wallet
T500627-1052,500627,1052,4,192.72,Cash
T500627-1016,500627,1016,4,2365.12,Cash
T500628-1004,500628,1004,1,1752.5,Cash
T500628-1074,500628,1074,1,607.83,Card
T500629-1047,500629,1047,3,2961.21,Card
T500629-1067,500629,1067,1,1411.24,Cash
T500630-1042,500630,1042,4,8346.88,UPI
T500631-1083,500631,1083,4,8162.52,Card
T500631-1041,500631,1041,4,4439.08,Wallet
T500631-1077,500631,1077,3,2265.54,Wallet
T500632-1004,500632,1004,1,1752.5,UPI
T500632-1079,500632,1079,3,4217.61,Wallet
T500633-1028,500633,1028,1,138.2,Cash
T500633-1038,500633,1038,1,1204.99,UPI
T500633-1039,500633,1039,2,1180.94,Wallet
T500634-1044,500634,1044,2,1603.1,Wallet
T500634-1054,500634,1054,3,5016.54,UPI
T500635-1016,500635,1016,3,1773.84,UPI
T500635-1038,500635,1038,2,2409.98,Wallet
T500635-1007,500635,1007,3,5730.06,Cash
T500636-1050,500636,1050,3,1125.57,UPI
T500636-1021,500636,1021,3,5707.44,UPI
T500637-1068,500637,1068,2,1561.52,Card
T500638-1050,500638,1050,3,1125.57,UPI
T500638-1056,500638,1056,1,1958.4,Card
T500639-1017,500639,1017,1,1399.82,Wallet
T500639-1033,500639,1033,2,1669.58,Wallet
T500640-1028,500640,1028,3,414.6,UPI
T500640-1045,500640,1045,2,4171.36,Wallet
T500641-1076,500641,1076,4,2900.08,UPI
T500642-1054,500642,1054,1,1672.18,Card
T500642-1072,500642,1072,4,4156.28,Card
T500643-1057,500643,1057,1,1163.52,UPI
T500644-1023,500644,1023,1,2427.62,Card
T500644-1080,500644,1080,2,3932.46,Cash
T500644-1011,500644,1011,2,1891.74,UPI
T500645-1018,500645,1018,1,187.63,Cash
T500646-1010,500646,1010,2,2284.9,Card
T500646-1030,500646,1030,3,5151.39,Cash
T500647-1044,500647,1044,4,3206.2,Wallet
T500647-1034,500647,1034,4,3780.16,Card
T500647-1077,500647,1077,3,2265.54,UPI
T500648-1051,500648,1051,1,523.77,UPI
T500649-1042,500649,1042,1,2086.72,Wallet
T500650-1070,500650,1070,3,3326.07,Card
T500650-1055,500650,1055,2,3543.52,UPI
T500650-1083,500650,1083,4,8162.52,Wallet
T500651-1083,500651,1083,2,4081.26,Card
T500651-1016,500651,1016,4,2365.12,Card
T500651-1020,500651,1020,4,6360.84,Card
T500652-1053,500652,1053,4,7894.8,Wallet
T500652-1075,500652,1075,1,174.01,UPI
T500653-1014,500653,1014,2,4124.44,UPI
T500653-1045,500653,1045,4,8342.72,Card
T500654-1059,500654,1059,4,1501.2,Cash
T500654-1071,500654,1071,2,1120.04,Cash
T500654-1055,500654,1055,2,3543.52,Wallet
T500655-1028,500655,1028,2,276.4,Wallet
T500655-1063,500655,1063,1,1426.13,UPI
T500656-1004,500656,1004,2,3505.0,Card
T500656-1061,500656,1061,4,6723.84,Card
T500656-1055,500656,1055,2,3543.52,Wallet
T500657-1001,500657,1001,3,5825.01,UPI
T500657-1057,500657,1057,2,2327.04,Cash
T500658-1060,500658,1060,2,625.78,Card
T500658-1046,500658,1046,3,6053.31,Card
T500658-1089,500658,1089,3,1285.02,Cash
T500659-1012,500659,1012,3,6957.33,Wallet
T500659-1070,500659,1070,1,1108.69,Card
T500659-1033,500659,1033,2,1669.58,Cash
T500660-1004,500660,1004,1,1752.5,Cash
T500660-1083,500660,1083,2,4081.26,Cash
T500660-1022,500660,1022,1,905.68,Card
T500661-1054,500661,1054,1,1672.18,UPI
T500661-1076,500661,1076,2,1450.04,Wallet
T500662-1080,500662,1080,1,1966.23,Wallet
T500662-1006,500662,1006,4,9759.16,Card
T500663-1053,500663,1053,3,5921.1,UPI
T500664-1068,500664,1068,4,3123.04,UPI
T500665-1078,500665,1078,1,1664.93,UPI
T500665-1077,500665,1077,2,1510.36,Cash
T500665-1022,500665,1022,1,905.68,UPI
T500666-1018,500666,1018,4,750.52,UPI
T500667-1028,500667,1028,1,138.2,Wallet
T500668-1044,500668,1044,3,2404.65,Card
T500669-1044,500669,1044,2,1603.1,Card
T500669-1016,500669,1016,2,1182.56,UPI
T500670-1014,500670,1014,2,4124.44,Wallet
T500670-1003,500670,1003,1,2150.74,UPI
T500670-1010,500670,1010,1,1142.45,Cash
T500671-1078,500671,1078,1,1664.93,Wallet
T500671-1080,500671,1080,3,5898.69,Wallet
T500671-1055,500671,1055,3,5315.28,Wallet
T500672-1072,500672,1072,2,2078.14,Wallet
T500672-1089,500672,1089,2,856.68,UPI
T500672-1012,500672,1012,3,6957.33,UPI
T500673-1015,500673,1015,4,4500.92,Wallet
T500673-1084,500673,1084,2,884.84,Card
T500674-1064,500674,1064,1,1919.55,Cash
T500674-1009,500674,1009,1,346.44,Wallet
T500674-1081,500674,1081,3,5012.55,UPI
T500675-1073,500675,1073,3,6413.73,UPI
T500675-1010,500675,1010,1,1142.45,Wallet
T500676-1063,500676,1063,3,4278.39,Wallet
T500676-1011,500676,1011,3,2837.61,UPI
T500677-1021,500677,1021,3,5707.44,Cash
T500678-1036,500678,1036,3,1493.97,Cash
T500678-1006,500678,1006,1,2439.79,Card
T500679-1054,500679,1054,4,6688.72,Wallet
T500680-1033,500680,1033,2,1669.58,Card
T500680-1037,500680,1037,4,1403.64,Cash
T500681-1026,500681,1026,4,2043.04,Card
T500681-1066,500681,1066,2,2794.68,UPI
T500682-1055,500682,1055,2,3543.52,UPI
T500682-1064,500682,1064,4,7678.2,Wallet
T500682-1025,500682,1025,4,7810.44,Card
T500683-1010,500683,1010,4,4569.8,Card
T500683-1074,500683,1074,2,1215.66,Wallet
T500683-1025,500683,1025,2,3905.22,Cash
T500684-1001,500684,1001,1,1941.67,UPI
T500684-1026,500684,1026,4,2043.04,UPI
T500685-1056,500685,1056,3,5875.2,UPI
T500686-1081,500686,1081,3,5012.55,Cash
T500687-1019,500687,1019,1,2074.25,Wallet
T500688-1049,500688,1049,3,5147.28,Wallet
T500688-1061,500688,1061,1,1680.96,Card
T500688-1015,500688,1015,1,1125.23,Card
T500689-1042,500689,1042,3,6260.16,Card
T500690-1015,500690,1015,3,3375.69,Cash
T500691-1015,500691,1015,4,4500.92,Card
T500691-1067,500691,1067,4,5644.96,UPI
T500691-1079,500691,1079,3,4217.61,Card
T500692-1059,500692,1059,4,1501.2,Card
T500692-1069,500692,1069,4,424.48,Cash
T500692-1027,500692,1027,1,1182.8,Wallet
T500693-1062,500693,1062,1,1193.61,Wallet
T500694-1063,500694,1063,3,4278.39,Card
T500694-1072,500694,1072,1,1039.07,Wallet
T500694-1052,500694,1052,2,96.36,UPI
T500695-1083,500695,1083,2,4081.26,Card
T500695-1059,500695,1059,4,1501.2,Wallet
T500695-1030,500695,1030,3,5151.39,UPI
T500696-1032,500696,1032,3,7259.25,Wallet
T500697-1090,500697,1090,1,1267.58,Wallet
T500697-1010,500697,1010,3,3427.35,UPI
T500697-1025,500697,1025,3,5857.83,Cash
T500698-1021,500698,1021,2,3804.96,UPI
T500699-1016,500699,1016,3,1773.84,Card
T500699-1055,500699,1055,2,3543.52,Card
T500700-1077,500700,1077,4,3020.72,Cash
T500701-1020,500701,1020,1,1590.21,Wallet
T500701-1028,500701,1028,2,276.4,Card
T500702-1025,500702,1025,1,1952.61,Card
T500702-1085,500702,1085,1,86.1,UPI
T500702-1089,500702,1089,3,1285.02,Cash
T500703-1051,500703,1051,4,2095.08,Wallet
T500704-1065,500704,1065,1,1597.75,Card
T500704-1022,500704,1022,2,1811.36,UPI
T500705-1086,500705,1086,3,757.26,Cash
T500706-1072,500706,1072,2,2078.14,Cash
T500707-1024,500707,1024,4,8944.04,Card
T500707-1022,500707,1022,4,3622.72,Wallet
T500708-1030,500708,1030,1,1717.13,UPI
T500709-1059,500709,1059,1,375.3,UPI
T500709-1019,500709,1019,2,4148.5,Cash
T500709-1041,500709,1041,4,4439.08,Card
T500710-1080,500710,1080,2,3932.46,Cash
T500711-1004,500711,1004,1,1752.5,Wallet
T500712-1072,500712,1072,4,4156.28,Cash
T500713-1073,500713,1073,1,2137.91,Card
T500713-1082,500713,1082,2,2067.56,Card
T500713-1065,500713,1065,1,1597.75,Cash
T500714-1085,500714,1085,4,344.4,Card
T500714-1086,500714,1086,4,1009.68,Wallet
T500715-1064,500715,1064,2,3839.1,Card
T500716-1084,500716,1084,2,884.84,Cash
T500716-1081,500716,1081,3,5012.55,Card
T500717-1034,500717,1034,2,1890.08,Card
T500717-1083,500717,1083,3,6121.89,Cash
T500718-1080,500718,1080,2,3932.46,UPI
T500719-1019,500719,1019,2,4148.5,Card
T500719-1067,500719,1067,3,4233.72,Card
T500719-1086,500719,1086,4,1009.68,Card
T500720-1060,500720,1060,4,1251.56,Wallet
T500720-1018,500720,1018,1,187.63,UPI
T500721-1074,500721,1074,2,1215.66,UPI
T500722-1021,500722,1021,1,1902.48,UPI
T500722-1079,500722,1079,1,1405.87,UPI
T500723-1050,500723,1050,3,1125.57,Cash
T500723-1020,500723,1020,3,4770.63,Wallet
T500724-1048,500724,1048,2,1484.34,Cash
T500725-1029,500725,1029,4,1644.4,Wallet
T500726-1059,500726,1059,2,750.6,UPI
T500726-1010,500726,1010,2,2284.9,UPI
T500727-1053,500727,1053,4,7894.8,UPI
T500728-1010,500728,1010,3,3427.35,Wallet
T500729-1011,500729,1011,1,945.87,Cash
T500730-1032,500730,1032,2,4839.5,Cash
T500730-1022,500730,1022,3,2717.04,UPI
T500731-1081,500731,1081,4,6683.4,Card
T500732-1027,500732,1027,4,4731.2,Cash
T500733-1065,500733,1065,1,1597.75,Card
T500734-1063,500734,1063,4,5704.52,Cash
T500734-1032,500734,1032,2,4839.5,Wallet
T500735-1038,500735,1038,4,4819.96,UPI
T500735-1002,500735,1002,4,4456.12,Wallet
T500736-1083,500736,1083,1,2040.63,UPI
T500736-1051,500736,1051,3,1571.31,Card
T500737-1008,500737,1008,4,7886.32,Card
T500737-1068,500737,1068,3,2342.28,UPI
T500737-1055,500737,1055,2,3543.52,Card
T500738-1052,500738,1052,1,48.18,Cash
T500739-1021,500739,1021,3,5707.44,UPI
T500739-1051,500739,1051,3,1571.31,Cash
T500740-1012,500740,1012,3,6957.33,Cash
T500740-1009,500740,1009,2,692.88,Card
T500740-1038,500740,1038,1,1204.99,Wallet
T500741-1041,500741,1041,1,1109.77,Wallet
T500741-1046,500741,1046,1,2017.77,Wallet
T500742-1009,500742,1009,4,1385.76,Wallet
T500743-1069,500743,1069,3,318.36,UPI
T500743-1010,500743,1010,1,1142.45,Cash
T500743-1044,500743,1044,4,3206.2,Wallet
T500744-1033,500744,1033,3,2504.37,UPI
T500744-1043,500744,1043,2,3519.3,Cash
T500745-1071,500745,1071,4,2240.08,Card
T500745-1020,500745,1020,4,6360.84,Cash
T500745-1068,500745,1068,3,2342.28,Cash
T500746-1062,500746,1062,4,4774.44,Cash
T500746-1035,500746,1035,4,4759.2,Cash
T500746-1060,500746,1060,2,625.78,Cash
T500747-1024,500747,1024,1,2236.01,UPI
T500747-1078,500747,1078,3,4994.79,Wallet
T500748-1006,500748,1006,1,2439.79,Cash
T500748-1033,500748,1033,2,1669.58,Wallet
T500749-1051,500749,1051,3,1571.31,Cash
T500749-1066,500749,1066,4,5589.36,Cash
T500750-1089,500750,1089,4,1713.36,Wallet
T500750-1032,500750,1032,4,9679.0,Card
T500750-1001,500750,1001,3,5825.01,Wallet
T500751-1040,500751,1040,3,5053.32,Wallet
T500751-1046,500751,1046,1,2017.77,UPI
T500752-1053,500752,1053,2,3947.4,Card
T500753-1007,500753,1007,1,1910.02,UPI
T500753-1020,500753,1020,1,1590.21,Wallet
T500753-1016,500753,1016,1,591.28,Cash
T500754-1050,500754,1050,3,1125.57,UPI
T500754-1009,500754,1009,3,1039.32,Wallet
T500755-1048,500755,1048,3,2226.51,UPI
T500756-1048,500756,1048,4,2968.68,UPI
T500756-1028,500756,1028,4,552.8,UPI
T500756-1044,500756,1044,3,2404.65,Card
T500757-1062,500757,1062,3,3580.83,Cash
T500758-1057,500758,1057,4,4654.08,Cash
T500758-1025,500758,1025,4,7810.44,UPI
T500759-1078,500759,1078,4,6659.72,UPI
T500759-1050,500759,1050,4,1500.76,Cash
T500760-1051,500760,1051,3,1571.31,Card
T500760-1020,500760,1020,1,1590.21,Cash
T500760-1024,500760,1024,3,6708.03,UPI
T500761-1054,500761,1054,4,6688.72,UPI
T500761-1024,500761,1024,1,2236.01,UPI
T500761-1068,500761,1068,4,3123.04,Card
T500762-1081,500762,1081,1,1670.85,Card
T500763-1028,500763,1028,3,414.6,Cash
T500764-1004,500764,1004,3,5257.5,Cash
T500765-1041,500765,1041,4,4439.08,Cash
T500765-1070,500765,1070,2,2217.38,Card
T500766-1057,500766,1057,2,2327.04,UPI
T500766-1052,500766,1052,2,96.36,Wallet
T500767-1083,500767,1083,1,2040.63,UPI
T500767-1066,500767,1066,1,1397.34,Card
T500767-1067,500767,1067,1,1411.24,Card
T500768-1004,500768,1004,2,3505.0,Card
T500769-1037,500769,1037,2,701.82,Wallet
T500769-1031,500769,1031,1,1869.56,UPI
T500770-1071,500770,1071,3,1680.06,UPI
T500770-1023,500770,1023,4,9710.48,Cash
T500770-1045,500770,1045,1,2085.68,Wallet
T500771-1074,500771,1074,4,2431.32,UPI
T500771-1077,500771,1077,2,1510.36,Cash
T500772-1021,500772,1021,4,7609.92,Cash
T500772-1018,500772,1018,3,562.89,Wallet
T500773-1088,500773,1088,1,1170.84,Cash
T500774-1081,500774,1081,1,1670.85,UPI
T500774-1023,500774,1023,2,4855.24,Wallet
T500775-1063,500775,1063,3,4278.39,Wallet
T500776-1022,500776,1022,4,3622.72,Card
T500777-1074,500777,1074,4,2431.32,UPI
T500778-1025,500778,1025,1,1952.61,UPI
T500778-1049,500778,1049,3,5147.28,Wallet
T500778-1056,500778,1056,2,3916.8,UPI
T500779-1067,500779,1067,2,2822.48,Cash
T500779-1076,500779,1076,1,725.02,Card
T500780-1003,500780,1003,1,2150.74,UPI
T500780-1002,500780,1002,3,3342.09,Card
T500781-1074,500781,1074,1,607.83,Wallet
T500781-1084,500781,1084,3,1327.26,UPI
T500781-1028,500781,1028,4,552.8,UPI
T500782-1039,500782,1039,3,1771.41,Wallet
T500782-1002,500782,1002,4,4456.12,Wallet
T500782-1071,500782,1071,3,1680.06,UPI
T500783-1010,500783,1010,2,2284.9,Wallet
T500783-1056,500783,1056,2,3916.8,Wallet
T500784-1027,500784,1027,4,4731.2,UPI
T500784-1021,500784,1021,2,3804.96,Cash
T500784-1075,500784,1075,1,174.01,Wallet
T500785-1022,500785,1022,3,2717.04,Wallet
T500785-1028,500785,1028,1,138.2,Card
T500786-1039,500786,1039,4,2361.88,Cash
T500786-1059,500786,1059,3,1125.9,Card
T500787-1009,500787,1009,1,346.44,Wallet
T500788-1044,500788,1044,3,2404.65,Cash
T500789-1078,500789,1078,2,3329.86,UPI
T500790-1078,500790,1078,4,6659.72,Wallet
T500791-1025,500791,1025,4,7810.44,Card
T500791-1085,500791,1085,3,258.3,Cash
T500792-1084,500792,1084,1,442.42,Wallet
T500793-1038,500793,1038,2,2409.98,Cash
T500794-1016,500794,1016,3,1773.84,Cash
T500795-1083,500795,1083,4,8162.52,Wallet
T500795-1074,500795,1074,3,1823.49,UPI
T500795-1072,500795,1072,1,1039.07,Card
T500796-1050,500796,1050,3,1125.57,Wallet
T500796-1081,500796,1081,4,6683.4,Cash
T500797-1058,500797,1058,2,2869.58,Cash
T500797-1007,500797,1007,1,1910.02,Cash
T500798-1047,500798,1047,2,1974.14,Card
T500799-1005,500799,1005,1,262.62,Card
T500799-1018,500799,1018,1,187.63,Cash
T500800-1070,500800,1070,3,3326.07,Card
T500800-1042,500800,1042,3,6260.16,UPI
T500801-1064,500801,1064,4,7678.2,Card
T500802-1027,500802,1027,2,2365.6,Wallet
T500803-1035,500803,1035,3,3569.4,Card
T500803-1042,500803,1042,4,8346.88,Card
T500804-1001,500804,1001,4,7766.68,Card
T500804-1045,500804,1045,1,2085.68,Cash
T500805-1046,500805,1046,4,8071.08,Cash
T500805-1086,500805,1086,4,1009.68,UPI
T500806-1041,500806,1041,1,1109.77,UPI
T500806-1025,500806,1025,1,1952.61,Wallet
T500807-1053,500807,1053,1,1973.7,Card
T500808-1002,500808,1002,1,1114.03,Card
T500808-1022,500808,1022,3,2717.04,UPI
T500809-1045,500809,1045,3,6257.04,UPI
T500810-1031,500810,1031,3,5608.68,Card
T500810-1089,500810,1089,2,856.68,Wallet
T500811-1065,500811,1065,2,3195.5,Wallet
T500812-1012,500812,1012,4,9276.44,Cash
T500812-1083,500812,1083,2,4081.26,UPI
T500812-1018,500812,1018,1,187.63,Cash
T500813-1001,500813,1001,1,1941.67,Wallet
T500814-1064,500814,1064,2,3839.1,Card
T500814-1059,500814,1059,3,1125.9,Wallet
T500815-1065,500815,1065,1,1597.75,UPI
T500815-1073,500815,1073,2,4275.82,UPI
T500815-1090,500815,1090,2,2535.16,UPI
T500816-1004,500816,1004,4,7010.0,Wallet
T500816-1058,500816,1058,4,5739.16,UPI
T500816-1057,500816,1057,2,2327.04,Wallet
T500817-1030,500817,1030,3,5151.39,UPI
T500817-1043,500817,1043,4,7038.6,Cash
T500818-1070,500818,1070,3,3326.07,Card
T500819-1047,500819,1047,3,2961.21,Card
T500819-1019,500819,1019,2,4148.5,Cash
T500820-1039,500820,1039,2,1180.94,Cash
T500820-1087,500820,1087,4,7256.92,UPI
T500821-1006,500821,1006,4,9759.16,Wallet
T500821-1072,500821,1072,4,4156.28,Cash
T500822-1003,500822,1003,4,8602.96,Cash
T500823-1012,500823,1012,1,2319.11,Wallet
T500824-1084,500824,1084,4,1769.68,Cash
T500824-1011,500824,1011,1,945.87,Card
T500824-1063,500824,1063,2,2852.26,UPI
T500825-1005,500825,1005,3,787.86,Card
T500825-1083,500825,1083,1,2040.63,UPI
T500826-1090,500826,1090,2,2535.16,Wallet
T500827-1024,500827,1024,3,6708.03,Card
T500827-1084,500827,1084,3,1327.26,Wallet
T500827-1031,500827,1031,2,3739.12,Wallet
T500828-1009,500828,1009,2,692.88,Wallet
T500828-1014,500828,1014,1,2062.22,Card
T500828-1067,500828,1067,2,2822.48,Wallet
T500829-1037,500829,1037,4,1403.64,Wallet
T500830-1009,500830,1009,3,1039.32,UPI
T500830-1058,500830,1058,3,4304.37,Card
T500830-1015,500830,1015,1,1125.23,Wallet
T500831-1021,500831,1021,4,7609.92,UPI
T500831-1045,500831,1045,3,6257.04,Cash
T500832-1085,500832,1085,4,344.4,Wallet
T500832-1059,500832,1059,4,1501.2,Cash
T500832-1067,500832,1067,4,5644.96,Wallet
T500833-1003,500833,1003,4,8602.96,Card
T500834-1026,500834,1026,2,1021.52,Cash
T500834-1075,500834,1075,2,348.02,Wallet
T500834-1033,500834,1033,2,1669.58,UPI
T500835-1079,500835,1079,4,5623.48,Cash
T500835-1084,500835,1084,4,1769.68,Card
T500835-1010,500835,1010,3,3427.35,Cash
T500836-1070,500836,1070,1,1108.69,Wallet
T500837-1017,500837,1017,2,2799.64,UPI
T500838-1005,500838,1005,2,525.24,Card
T500839-1013,500839,1013,3,4861.05,Card
T500840-1074,500840,1074,2,1215.66,UPI
T500840-1003,500840,1003,4,8602.96,Cash
T500840-1086,500840,1086,1,252.42,UPI
T500841-1034,500841,1034,2,1890.08,Card
T500842-1061,500842,1061,3,5042.88,Cash
T500842-1083,500842,1083,2,4081.26,Wallet
T500842-1058,500842,1058,1,1434.79,UPI
T500843-1074,500843,1074,2,1215.66,UPI
T500844-1015,500844,1015,2,2250.46,Cash
T500844-1081,500844,1081,4,6683.4,UPI
T500844-1014,500844,1014,2,4124.44,Cash
T500845-1056,500845,1056,1,1958.4,Wallet
T500845-1031,500845,1031,4,7478.24,Cash
T500846-1040,500846,1040,1,1684.44,Cash
T500846-1034,500846,1034,3,2835.12,Card
T500847-1007,500847,1007,1,1910.02,Card
T500847-1079,500847,1079,3,4217.61,UPI
T500848-1082,500848,1082,1,1033.78,Cash
T500849-1025,500849,1025,4,7810.44,Cash
T500849-1065,500849,1065,1,1597.75,Card
T500849-1014,500849,1014,3,6186.66,Cash
T500850-1023,500850,1023,4,9710.48,Card
T500850-1021,500850,1021,2,3804.96,UPI
T500850-1019,500850,1019,2,4148.5,Wallet
T500851-1052,500851,1052,1,48.18,UPI
T500852-1055,500852,1055,1,1771.76,Wallet
T500852-1021,500852,1021,2,3804.96,Cash
T500852-1050,500852,1050,1,375.19,Cash
T500853-1026,500853,1026,2,1021.52,UPI
T500854-1068,500854,1068,2,1561.52,Cash
T500855-1056,500855,1056,3,5875.2,Card
T500855-1057,500855,1057,2,2327.04,Wallet
T500856-1074,500856,1074,1,607.83,UPI
T500856-1050,500856,1050,1,375.19,Cash
T500857-1027,500857,1027,1,1182.8,Cash
T500857-1020,500857,1020,4,6360.84,Card
T500858-1048,500858,1048,2,1484.34,Card
T500858-1009,500858,1009,1,346.44,Wallet
T500859-1007,500859,1007,3,5730.06,UPI
T500859-1071,500859,1071,4,2240.08,UPI
T500860-1064,500860,1064,2,3839.1,UPI
T500861-1024,500861,1024,1,2236.01,Cash
T500861-1077,500861,1077,4,3020.72,UPI
T500861-1014,500861,1014,4,8248.88,Card
T500862-1088,500862,1088,2,2341.68,Cash
T500862-1019,500862,1019,3,6222.75,Card
T500862-1065,500862,1065,4,6391.0,Cash
T500863-1085,500863,1085,2,172.2,Cash
T500863-1086,500863,1086,3,757.26,Card
T500864-1082,500864,1082,4,4135.12,UPI
T500864-1059,500864,1059,4,1501.2,UPI
T500864-1033,500864,1033,4,3339.16,Wallet
T500865-1070,500865,1070,4,4434.76,Cash
T500865-1043,500865,1043,3,5278.95,Card
T500865-1023,500865,1023,2,4855.24,Card
T500866-1018,500866,1018,1,187.63,Cash
T500866-1064,500866,1064,3,5758.65,UPI
T500867-1001,500867,1001,2,3883.34,Wallet
T500867-1078,500867,1078,3,4994.79,UPI
T500867-1063,500867,1063,4,5704.52,Cash
T500868-1086,500868,1086,1,252.42,Cash
T500869-1090,500869,1090,1,1267.58,Wallet
T500869-1051,500869,1051,4,2095.08,Cash
T500869-1085,500869,1085,1,86.1,Card
T500870-1083,500870,1083,2,4081.26,Wallet
T500871-1068,500871,1068,3,2342.28,Wallet
T500871-1028,500871,1028,3,414.6,UPI
T500871-1010,500871,1010,2,2284.9,Card
T500872-1007,500872,1007,3,5730.06,Card
T500872-1003,500872,1003,4,8602.96,UPI
T500872-1046,500872,1046,1,2017.77,Card
T500873-1072,500873,1072,4,4156.28,Cash
T500874-1030,500874,1030,3,5151.39,Wallet
T500874-1022,500874,1022,2,1811.36,Cash
T500874-1041,500874,1041,2,2219.54,Card
T500875-1088,500875,1088,3,3512.52,Card
T500875-1051,500875,1051,4,2095.08,Wallet
T500876-1081,500876,1081,2,3341.7,Cash
T500877-1079,500877,1079,3,4217.61,Cash
T500877-1069,500877,1069,4,424.48,UPI
T500878-1041,500878,1041,1,1109.77,Wallet
T500878-1053,500878,1053,2,3947.4,UPI
T500878-1034,500878,1034,1,945.04,Wallet
T500879-1026,500879,1026,2,1021.52,UPI
T500880-1076,500880,1076,1,725.02,Card
T500880-1004,500880,1004,1,1752.5,Card
T500881-1061,500881,1061,4,6723.84,Card
T500882-1007,500882,1007,4,7640.08,Card
T500883-1010,500883,1010,3,3427.35,UPI
T500884-1019,500884,1019,1,2074.25,Wallet
T500884-1064,500884,1064,2,3839.1,Wallet
T500884-1007,500884,1007,4,7640.08,Cash
T500885-1062,500885,1062,1,1193.61,Cash
T500885-1028,500885,1028,1,138.2,Card
T500886-1023,500886,1023,1,2427.62,UPI
T500886-1084,500886,1084,4,1769.68,UPI
T500887-1053,500887,1053,1,1973.7,Card
T500887-1085,500887,1085,3,258.3,UPI
T500888-1036,500888,1036,4,1991.96,Cash
T500888-1030,500888,1030,3,5151.39,Card
T500889-1028,500889,1028,1,138.2,Card
T500890-1032,500890,1032,3,7259.25,UPI
T500890-1055,500890,1055,1,1771.76,Cash
T500891-1078,500891,1078,3,4994.79,Wallet
T500891-1067,500891,1067,1,1411.24,Cash
T500892-1036,500892,1036,4,1991.96,Card
T500892-1084,500892,1084,1,442.42,UPI
T500892-1070,500892,1070,1,1108.69,Wallet
T500893-1073,500893,1073,3,6413.73,Wallet
T500893-1082,500893,1082,2,2067.56,UPI
T500893-1017,500893,1017,4,5599.28,UPI
T500894-1056,500894,1056,4,7833.6,Wallet
T500895-1012,500895,1012,3,6957.33,Card
T500895-1078,500895,1078,2,3329.86,UPI
T500895-1028,500895,1028,3,414.6,Wallet
T500896-1018,500896,1018,4,750.52,Cash
T500896-1030,500896,1030,1,1717.13,Wallet
T500896-1061,500896,1061,3,5042.88,UPI
T500897-1016,500897,1016,2,1182.56,Wallet
T500898-1033,500898,1033,4,3339.16,Wallet
T500898-1049,500898,1049,4,6863.04,Cash
T500898-1090,500898,1090,4,5070.32,UPI
T500899-1018,500899,1018,3,562.89,UPI
T500899-1009,500899,1009,3,1039.32,UPI
T500899-1002,500899,1002,3,3342.09,UPI
T500900-1044,500900,1044,1,801.55,Wallet
T500900-1034,500900,1034,3,2835.12,Card
T500900-1054,500900,1054,1,1672.18,Wallet
T500901-1082,500901,1082,4,4135.12,Wallet
T500902-1004,500902,1004,2,3505.0,Cash
T500902-1017,500902,1017,4,5599.28,UPI
T500903-1044,500903,1044,2,1603.1,Cash
T500903-1008,500903,1008,3,5914.74,Wallet
T500904-1024,500904,1024,4,8944.04,Wallet
T500904-1083,500904,1083,4,8162.52,UPI
T500905-1024,500905,1024,1,2236.01,Wallet
T500905-1037,500905,1037,4,1403.64,Cash
T500906-1062,500906,1062,1,1193.61,Cash
T500907-1026,500907,1026,1,510.76,Wallet
T500908-1083,500908,1083,2,4081.26,Card
T500908-1002,500908,1002,4,4456.12,UPI
T500909-1003,500909,1003,3,6452.22,Wallet
T500909-1013,500909,1013,4,6481.4,Wallet
T500909-1033,500909,1033,2,1669.58,UPI
T500910-1025,500910,1025,3,5857.83,UPI
T500911-1071,500911,1071,3,1680.06,Cash
T500911-1088,500911,1088,2,2341.68,Cash
T500911-1015,500911,1015,1,1125.23,Card
T500912-1027,500912,1027,3,3548.4,Cash
T500912-1017,500912,1017,3,4199.46,Card
T500912-1054,500912,1054,3,5016.54,Cash
T500913-1050,500913,1050,2,750.38,Card
T500913-1048,500913,1048,3,2226.51,Cash
T500913-1027,500913,1027,2,2365.6,UPI
T500914-1046,500914,1046,2,4035.54,UPI
T500914-1065,500914,1065,3,4793.25,Cash
T500914-1083,500914,1083,4,8162.52,Cash
T500915-1059,500915,1059,3,1125.9,Cash
T500915-1040,500915,1040,4,6737.76,UPI
T500915-1070,500915,1070,2,2217.38,Cash
T500916-1046,500916,1046,3,6053.31,Card
T500916-1018,500916,1018,4,750.52,Card
T500917-1089,500917,1089,2,856.68,Wallet
T500918-1022,500918,1022,4,3622.72,UPI
T500918-1034,500918,1034,4,3780.16,Wallet
T500919-1053,500919,1053,1,1973.7,Wallet
T500919-1017,500919,1017,3,4199.46,UPI
T500920-1040,500920,1040,1,1684.44,UPI
T500920-1075,500920,1075,4,696.04,Wallet
T500921-1050,500921,1050,3,1125.57,Wallet
T500922-1011,500922,1011,2,1891.74,Card
T500922-1078,500922,1078,4,6659.72,Card
T500923-1087,500923,1087,3,5442.69,Card
T500923-1048,500923,1048,1,742.17,Wallet
T500924-1068,500924,1068,2,1561.52,UPI
T500924-1016,500924,1016,1,591.28,UPI
T500924-1064,500924,1064,3,5758.65,UPI
T500925-1055,500925,1055,2,3543.52,Wallet
T500925-1008,500925,1008,2,3943.16,UPI
T500925-1031,500925,1031,3,5608.68,Wallet
T500926-1085,500926,1085,4,344.4,Card
T500926-1004,500926,1004,2,3505.0,Cash
T500926-1010,500926,1010,4,4569.8,UPI
T500927-1072,500927,1072,1,1039.07,Wallet
T500927-1076,500927,1076,1,725.02,UPI
T500927-1007,500927,1007,2,3820.04,Cash
T500928-1025,500928,1025,2,3905.22,UPI
T500929-1014,500929,1014,4,8248.88,Wallet
T500930-1013,500930,1013,2,3240.7,Wallet
T500930-1061,500930,1061,2,3361.92,Wallet
T500931-1074,500931,1074,3,1823.49,Cash
T500931-1028,500931,1028,3,414.6,Cash
T500932-1027,500932,1027,2,2365.6,Cash
T500932-1047,500932,1047,3,2961.21,Card
T500932-1041,500932,1041,3,3329.31,Card
T500933-1024,500933,1024,3,6708.03,Card
T500933-1089,500933,1089,4,1713.36,Card
T500934-1073,500934,1073,4,8551.64,Card
T500934-1087,500934,1087,3,5442.69,UPI
T500934-1015,500934,1015,2,2250.46,Cash
T500935-1039,500935,1039,4,2361.88,Wallet
T500935-1038,500935,1038,1,1204.99,Cash
T500935-1007,500935,1007,3,5730.06,Card
T500936-1085,500936,1085,2,172.2,Wallet
T500936-1019,500936,1019,3,6222.75,Wallet
T500936-1087,500936,1087,3,5442.69,Wallet
T500937-1008,500937,1008,3,5914.74,Cash
T500937-1045,500937,1045,3,6257.04,Cash
T500938-1038,500938,1038,1,1204.99,Card
T500939-1020,500939,1020,4,6360.84,Cash
T500939-1059,500939,1059,1,375.3,UPI
T500939-1071,500939,1071,1,560.02,Card
T500940-1053,500940,1053,2,3947.4,Cash
T500941-1014,500941,1014,1,2062.22,UPI
T500942-1024,500942,1024,4,8944.04,Cash
T500943-1084,500943,1084,4,1769.68,Wallet
T500944-1086,500944,1086,2,504.84,Wallet
T500944-1066,500944,1066,1,1397.34,Cash
T500944-1030,500944,1030,2,3434.26,UPI
T500945-1049,500945,1049,3,5147.28,Cash
T500946-1029,500946,1029,1,411.1,UPI
T500947-1034,500947,1034,1,945.04,Card
T500947-1056,500947,1056,2,3916.8,Wallet
T500948-1016,500948,1016,1,591.28,UPI
T500948-1089,500948,1089,4,1713.36,Card
T500949-1025,500949,1025,3,5857.83,Cash
T500949-1005,500949,1005,3,787.86,Card
T500950-1021,500950,1021,2,3804.96,Cash
T500950-1068,500950,1068,4,3123.04,Wallet
T500951-1085,500951,1085,2,172.2,Wallet
T500951-1018,500951,1018,2,375.26,Card
T500952-1056,500952,1056,3,5875.2,Cash
T500952-1028,500952,1028,2,276.4,Card
T500952-1004,500952,1004,1,1752.5,Card
T500953-1033,500953,1033,4,3339.16,Wallet
T500953-1025,500953,1025,4,7810.44,Cash
T500954-1058,500954,1058,3,4304.37,UPI
T500954-1012,500954,1012,2,4638.22,Card
T500955-1002,500955,1002,2,2228.06,Wallet
T500955-1005,500955,1005,2,525.24,Card
T500956-1006,500956,1006,3,7319.37,Card
T500956-1008,500956,1008,1,1971.58,UPI
T500956-1076,500956,1076,3,2175.06,Card
T500957-1059,500957,1059,3,1125.9,Card
T500958-1004,500958,1004,4,7010.0,Wallet
T500958-1082,500958,1082,1,1033.78,UPI
T500958-1075,500958,1075,1,174.01,Card
T500959-1038,500959,1038,2,2409.98,Cash
T500960-1049,500960,1049,4,6863.04,Card
T500960-1052,500960,1052,4,192.72,Wallet
T500960-1030,500960,1030,1,1717.13,Cash
T500961-1045,500961,1045,1,2085.68,Card
T500962-1001,500962,1001,3,5825.01,Wallet
T500962-1028,500962,1028,1,138.2,Card
T500963-1014,500963,1014,1,2062.22,Wallet
T500964-1059,500964,1059,3,1125.9,Cash
T500964-1086,500964,1086,2,504.84,Card
T500964-1034,500964,1034,2,1890.08,Cash
T500965-1039,500965,1039,3,1771.41,Cash
T500965-1013,500965,1013,4,6481.4,Cash
T500965-1064,500965,1064,3,5758.65,Card
T500966-1047,500966,1047,2,1974.14,UPI
T500966-1063,500966,1063,1,1426.13,UPI
T500966-1012,500966,1012,1,2319.11,UPI
T500967-1069,500967,1069,4,424.48,UPI
T500968-1075,500968,1075,2,348.02,UPI
T500968-1064,500968,1064,1,1919.55,Cash
T500969-1042,500969,1042,2,4173.44,Wallet
T500970-1052,500970,1052,3,144.54,Wallet
T500970-1043,500970,1043,1,1759.65,UPI
T500970-1035,500970,1035,2,2379.6,Wallet
T500971-1018,500971,1018,4,750.52,Card
T500971-1034,500971,1034,1,945.04,UPI
T500972-1012,500972,1012,2,4638.22,Card
T500973-1069,500973,1069,2,212.24,Cash
T500974-1086,500974,1086,4,1009.68,UPI
T500974-1019,500974,1019,4,8297.0,Cash
T500975-1072,500975,1072,3,3117.21,Wallet
T500976-1080,500976,1080,4,7864.92,Card
T500977-1023,500977,1023,4,9710.48,UPI
T500977-1043,500977,1043,1,1759.65,UPI
T500978-1028,500978,1028,1,138.2,Cash
T500978-1069,500978,1069,4,424.48,Wallet
T500979-1089,500979,1089,4,1713.36,Wallet
T500979-1032,500979,1032,3,7259.25,UPI
T500979-1025,500979,1025,1,1952.61,Wallet
T500980-1046,500980,1046,4,8071.08,Card
T500980-1071,500980,1071,1,560.02,Cash
T500980-1079,500980,1079,2,2811.74,Card
T500981-1075,500981,1075,4,696.04,UPI
T500981-1008,500981,1008,1,1971.58,Wallet
T500981-1072,500981,1072,2,2078.14,Wallet
T500982-1056,500982,1056,3,5875.2,Cash
T500982-1046,500982,1046,2,4035.54,Card
T500983-1069,500983,1069,3,318.36,Cash
T500983-1041,500983,1041,4,4439.08,Cash
T500984-1034,500984,1034,1,945.04,Cash
T500984-1010,500984,1010,2,2284.9,Wallet
T500985-1089,500985,1089,2,856.68,Card
T500986-1064,500986,1064,4,7678.2,UPI
T500986-1075,500986,1075,2,348.02,Cash
T500987-1040,500987,1040,4,6737.76,Card
T500987-1084,500987,1084,4,1769.68,UPI
T500988-1054,500988,1054,3,5016.54,UPI
T500988-1049,500988,1049,4,6863.04,Card
T500988-1011,500988,1011,4,3783.48,Wallet
T500989-1011,500989,1011,3,2837.61,Cash
T500989-1026,500989,1026,1,510.76,Cash
T500990-1044,500990,1044,1,801.55,Cash
T500991-1042,500991,1042,1,2086.72,Wallet
T500991-1076,500991,1076,4,2900.08,UPI
T500992-1023,500992,1023,4,9710.48,UPI
T500992-1043,500992,1043,3,5278.95,UPI
T500992-1047,500992,1047,1,987.07,UPI
T500993-1051,500993,1051,2,1047.54,Wallet
T500993-1062,500993,1062,1,1193.61,Card
T500993-1014,500993,1014,1,2062.22,UPI
T500994-1058,500994,1058,2,2869.58,UPI
T500994-1037,500994,1037,4,1403.64,Wallet
T500994-1080,500994,1080,3,5898.69,Card
T500995-1031,500995,1031,1,1869.56,Card
T500995-1081,500995,1081,2,3341.7,Card
T500995-1037,500995,1037,4,1403.64,Card
T500996-1044,500996,1044,2,1603.1,Cash
T500996-1020,500996,1020,2,3180.42,Wallet
T500996-1032,500996,1032,2,4839.5,Wallet
T500997-1076,500997,1076,2,1450.04,UPI
T500998-1013,500998,1013,3,4861.05,UPI
T500998-1019,500998,1019,1,2074.25,Wallet
T500998-1048,500998,1048,1,742.17,Card
T500999-1006,500999,1006,2,4879.58,Wallet
T500999-1089,500999,1089,3,1285.02,Cash
T501000-1015,501000,1015,1,1125.23,Cash
T501001-1080,501001,1080,3,5898.69,Cash
T501001-1005,501001,1005,3,787.86,Cash
T501001-1052,501001,1052,2,96.36,UPI
T501002-1082,501002,1082,2,2067.56,Card
T501003-1005,501003,1005,4,1050.48,UPI
T501004-1042,501004,1042,2,4173.44,UPI
T501005-1071,501005,1071,2,1120.04,Wallet
T501006-1002,501006,1002,2,2228.06,Wallet
T501006-1010,501006,1010,4,4569.8,UPI
T501007-1066,501007,1066,1,1397.34,Wallet
T501008-1072,501008,1072,4,4156.28,Cash
T501009-1064,501009,1064,4,7678.2,UPI
T501009-1078,501009,1078,2,3329.86,Cash
T501009-1066,501009,1066,2,2794.68,Card
T501010-1089,501010,1089,2,856.68,Wallet
T501010-1030,501010,1030,2,3434.26,Cash
T501011-1067,501011,1067,3,4233.72,UPI
T501011-1030,501011,1030,3,5151.39,UPI
T501012-1010,501012,1010,3,3427.35,Card
T501012-1004,501012,1004,2,3505.0,UPI
T501012-1056,501012,1056,1,1958.4,Wallet
T501013-1002,501013,1002,2,2228.06,UPI
T501013-1033,501013,1033,3,2504.37,Cash
T501014-1032,501014,1032,3,7259.25,Wallet
T501014-1075,501014,1075,2,348.02,Cash
T501014-1025,501014,1025,1,1952.61,Wallet
T501015-1063,501015,1063,1,1426.13,Card
T501016-1062,501016,1062,2,2387.22,Cash
T501017-1001,501017,1001,3,5825.01,Card
T501017-1053,501017,1053,3,5921.1,Cash
T501018-1011,501018,1011,2,1891.74,UPI
T501019-1005,501019,1005,3,787.86,UPI
T501019-1015,501019,1015,4,4500.92,Cash
T501019-1002,501019,1002,1,1114.03,Card
T501020-1089,501020,1089,3,1285.02,Wallet
T501021-1022,501021,1022,4,3622.72,Card
T501021-1014,501021,1014,4,8248.88,Card
T501022-1045,501022,1045,1,2085.68,Cash
T501023-1058,501023,1058,2,2869.58,Card
T501024-1084,501024,1084,4,1769.68,Wallet
T501024-1063,501024,1063,4,5704.52,Wallet
T501025-1071,501025,1071,3,1680.06,Card
T501025-1062,501025,1062,4,4774.44,UPI
T501025-1026,501025,1026,3,1532.28,Wallet
T501026-1037,501026,1037,3,1052.73,UPI
T501027-1025,501027,1025,3,5857.83,Wallet
T501027-1040,501027,1040,2,3368.88,UPI
T501027-1056,501027,1056,3,5875.2,Cash
T501028-1061,501028,1061,1,1680.96,UPI
T501029-1066,501029,1066,1,1397.34,Card
T501029-1047,501029,1047,3,2961.21,Cash
T501030-1086,501030,1086,1,252.42,Wallet
T501031-1010,501031,1010,2,2284.9,Wallet
T501031-1023,501031,1023,1,2427.62,Wallet
T501031-1034,501031,1034,4,3780.16,Card
T501032-1080,501032,1080,4,7864.92,Card
T501033-1025,501033,1025,1,1952.61,Cash
T501034-1032,501034,1032,1,2419.75,Card
T501034-1059,501034,1059,4,1501.2,Wallet
T501035-1084,501035,1084,4,1769.68,Cash
T501035-1025,501035,1025,3,5857.83,UPI
T501035-1006,501035,1006,3,7319.37,Wallet
T501036-1052,501036,1052,4,192.72,Card
T501036-1008,501036,1008,3,5914.74,UPI
T501036-1014,501036,1014,3,6186.66,UPI
T501037-1005,501037,1005,2,525.24,UPI
T501037-1070,501037,1070,4,4434.76,UPI
T501037-1085,501037,1085,4,344.4,Cash
T501038-1039,501038,1039,4,2361.88,Card
T501038-1033,501038,1033,2,1669.58,Cash
T501038-1080,501038,1080,3,5898.69,Cash
T501039-1090,501039,1090,4,5070.32,Card
T501039-1015,501039,1015,3,3375.69,Cash
T501040-1010,501040,1010,4,4569.8,Card
T501040-1047,501040,1047,1,987.07,Cash
T501040-1014,501040,1014,1,2062.22,Card
T501041-1020,501041,1020,1,1590.21,Cash
T501042-1035,501042,1035,3,3569.4,Card
T501042-1026,501042,1026,3,1532.28,Wallet
T501042-1015,501042,1015,4,4500.92,UPI
T501043-1078,501043,1078,4,6659.72,UPI
T501043-1057,501043,1057,3,3490.56,Cash
T501044-1059,501044,1059,1,375.3,Card
T501045-1035,501045,1035,4,4759.2,Cash
T501045-1056,501045,1056,2,3916.8,Wallet
T501046-1075,501046,1075,3,522.03,Cash
T501046-1078,501046,1078,2,3329.86,Wallet
T501046-1074,501046,1074,3,1823.49,Cash
T501047-1082,501047,1082,1,1033.78,Wallet
T501047-1007,501047,1007,3,5730.06,Cash
T501047-1053,501047,1053,2,3947.4,Cash
T501048-1018,501048,1018,2,375.26,Card
T501048-1051,501048,1051,4,2095.08,Cash
T501049-1022,501049,1022,3,2717.04,Card
T501049-1054,501049,1054,1,1672.18,Cash
T501050-1041,501050,1041,2,2219.54,Wallet
T501050-1081,501050,1081,1,1670.85,Card
T501050-1077,501050,1077,3,2265.54,UPI
T501051-1010,501051,1010,4,4569.8,Cash
T501051-1090,501051,1090,4,5070.32,Card
T501051-1082,501051,1082,3,3101.34,UPI
T501052-1088,501052,1088,3,3512.52,UPI
T501052-1084,501052,1084,2,884.84,Card
T501052-1054,501052,1054,1,1672.18,Wallet
T501053-1061,501053,1061,4,6723.84,Card
T501054-1069,501054,1069,2,212.24,Cash
T501054-1046,501054,1046,1,2017.77,Wallet
T501055-1002,501055,1002,3,3342.09,Cash
T501055-1001,501055,1001,2,3883.34,Cash
T501056-1001,501056,1001,3,5825.01,Cash
T501056-1031,501056,1031,1,1869.56,UPI
T501057-1058,501057,1058,1,1434.79,Card
T501057-1054,501057,1054,4,6688.72,Cash
T501058-1062,501058,1062,2,2387.22,Card
T501058-1052,501058,1052,1,48.18,Card
T501058-1081,501058,1081,1,1670.85,Card
T501059-1066,501059,1066,4,5589.36,Cash
T501059-1040,501059,1040,4,6737.76,UPI
T501059-1090,501059,1090,4,5070.32,Wallet
T501060-1057,501060,1057,3,3490.56,UPI
T501061-1019,501061,1019,3,6222.75,Wallet
T501061-1059,501061,1059,1,375.3,Wallet
T501062-1075,501062,1075,3,522.03,Cash
T501062-1052,501062,1052,1,48.18,Wallet
T501062-1005,501062,1005,2,525.24,UPI
T501063-1060,501063,1060,3,938.67,Wallet
T501063-1080,501063,1080,4,7864.92,Cash
T501063-1045,501063,1045,2,4171.36,Wallet
T501064-1001,501064,1001,3,5825.01,UPI
T501064-1050,501064,1050,1,375.19,Wallet
T501064-1031,501064,1031,3,5608.68,Cash
T501065-1025,501065,1025,3,5857.83,UPI
T501065-1028,501065,1028,2,276.4,Wallet
T501066-1046,501066,1046,4,8071.08,Cash
T501066-1078,501066,1078,1,1664.93,Card
T501067-1031,501067,1031,2,3739.12,Card
T501067-1037,501067,1037,1,350.91,Card
T501068-1027,501068,1027,2,2365.6,UPI
T501068-1042,501068,1042,3,6260.16,Card
T501068-1060,501068,1060,2,625.78,UPI
T501069-1037,501069,1037,3,1052.73,Cash
T501069-1034,501069,1034,1,945.04,UPI
T501069-1015,501069,1015,1,1125.23,Cash
T501070-1072,501070,1072,4,4156.28,Wallet
T501070-1036,501070,1036,3,1493.97,UPI
T501070-1070,501070,1070,4,4434.76,Wallet
T501071-1073,501071,1073,3,6413.73,Wallet
T501072-1059,501072,1059,2,750.6,Wallet
T501072-1008,501072,1008,4,7886.32,Card
T501073-1036,501073,1036,1,497.99,Cash
T501074-1006,501074,1006,3,7319.37,Wallet
T501074-1055,501074,1055,3,5315.28,Cash
T501075-1042,501075,1042,2,4173.44,Wallet
T501076-1049,501076,1049,4,6863.04,Cash
T501076-1062,501076,1062,1,1193.61,UPI
T501077-1002,501077,1002,4,4456.12,UPI
T501077-1056,501077,1056,4,7833.6,Cash
T501077-1028,501077,1028,2,276.4,Card
T501078-1081,501078,1081,3,5012.55,Cash
T501078-1048,501078,1048,1,742.17,Wallet
T501079-1024,501079,1024,4,8944.04,Card
T501079-1008,501079,1008,2,3943.16,Card
T501079-1071,501079,1071,3,1680.06,UPI
T501080-1007,501080,1007,2,3820.04,Wallet
T501080-1014,501080,1014,3,6186.66,Wallet
T501081-1085,501081,1085,4,344.4,Card
T501082-1013,501082,1013,3,4861.05,UPI
T501083-1048,501083,1048,3,2226.51,Wallet
T501084-1030,501084,1030,4,6868.52,Wallet
T501084-1018,501084,1018,4,750.52,Card
T501084-1024,501084,1024,3,6708.03,Cash
T501085-1042,501085,1042,3,6260.16,Card
T501086-1040,501086,1040,4,6737.76,Wallet
T501086-1006,501086,1006,4,9759.16,Card
T501087-1025,501087,1025,4,7810.44,UPI
T501088-1030,501088,1030,1,1717.13,UPI
T501088-1001,501088,1001,3,5825.01,Cash
T501089-1074,501089,1074,2,1215.66,Cash
T501090-1065,501090,1065,3,4793.25,Wallet
T501090-1089,501090,1089,3,1285.02,Card
T501091-1013,501091,1013,4,6481.4,UPI
T501091-1042,501091,1042,2,4173.44,Card
T501091-1014,501091,1014,1,2062.22,Cash
T501092-1056,501092,1056,3,5875.2,Cash
T501093-1070,501093,1070,3,3326.07,UPI
T501093-1024,501093,1024,2,4472.02,Wallet
T501093-1052,501093,1052,1,48.18,Cash
T501094-1020,501094,1020,3,4770.63,Wallet
T501094-1031,501094,1031,2,3739.12,Wallet
T501095-1030,501095,1030,1,1717.13,UPI
T501095-1082,501095,1082,1,1033.78,UPI
T501096-1079,501096,1079,2,2811.74,Wallet
T501097-1087,501097,1087,4,7256.92,UPI
T501097-1077,501097,1077,1,755.18,UPI
T501097-1046,501097,1046,3,6053.31,Card
T501098-1070,501098,1070,1,1108.69,UPI
T501099-1082,501099,1082,3,3101.34,Card
T501099-1068,501099,1068,2,1561.52,Wallet
T501100-1066,501100,1066,3,4192.02,Card
T501100-1053,501100,1053,3,5921.1,UPI
T501100-1008,501100,1008,1,1971.58,Cash
T501101-1088,501101,1088,2,2341.68,UPI
T501101-1038,501101,1038,1,1204.99,Wallet
T501101-1067,501101,1067,3,4233.72,UPI
T501102-1068,501102,1068,3,2342.28,Wallet
T501102-1030,501102,1030,4,6868.52,Wallet
T501102-1004,501102,1004,1,1752.5,UPI
T501103-1014,501103,1014,3,6186.66,UPI
T501104-1049,501104,1049,1,1715.76,UPI
T501104-1052,501104,1052,4,192.72,Card
T501105-1051,501105,1051,2,1047.54,Card
T501105-1034,501105,1034,4,3780.16,Card
T501106-1003,501106,1003,4,8602.96,UPI
T501106-1059,501106,1059,1,375.3,Wallet
T501106-1062,501106,1062,4,4774.44,Wallet
T501107-1018,501107,1018,1,187.63,Cash
T501107-1045,501107,1045,1,2085.68,UPI
T501108-1018,501108,1018,1,187.63,Wallet
T501109-1045,501109,1045,4,8342.72,Card
T501109-1033,501109,1033,1,834.79,Cash
T501109-1018,501109,1018,2,375.26,Card
T501110-1006,501110,1006,4,9759.16,UPI
T501111-1057,501111,1057,3,3490.56,UPI
T501111-1005,501111,1005,4,1050.48,Wallet
T501111-1086,501111,1086,4,1009.68,Card
T501112-1033,501112,1033,3,2504.37,UPI
T501112-1047,501112,1047,2,1974.14,UPI
T501112-1059,501112,1059,2,750.6,Wallet
T501113-1002,501113,1002,1,1114.03,Card
T501113-1064,501113,1064,1,1919.55,Cash
T501113-1011,501113,1011,3,2837.61,Wallet
T501114-1066,501114,1066,1,1397.34,Cash
T501114-1042,501114,1042,2,4173.44,Card
T501114-1005,501114,1005,2,525.24,Wallet
T501115-1087,501115,1087,1,1814.23,UPI
T501116-1067,501116,1067,4,5644.96,Wallet
T501116-1013,501116,1013,3,4861.05,UPI
T501116-1070,501116,1070,3,3326.07,UPI
T501117-1063,501117,1063,2,2852.26,Wallet
T501118-1079,501118,1079,4,5623.48,UPI
T501118-1078,501118,1078,1,1664.93,Cash
T501118-1009,501118,1009,4,1385.76,Card
T501119-1026,501119,1026,1,510.76,UPI
T501119-1062,501119,1062,3,3580.83,Wallet
T501119-1013,501119,1013,2,3240.7,Wallet
T501120-1036,501120,1036,4,1991.96,UPI
T501120-1063,501120,1063,1,1426.13,Wallet
T501120-1041,501120,1041,4,4439.08,Cash
T501121-1080,501121,1080,2,3932.46,Card
T501122-1026,501122,1026,3,1532.28,UPI
T501122-1027,501122,1027,2,2365.6,UPI
T501123-1071,501123,1071,3,1680.06,UPI
T501123-1089,501123,1089,2,856.68,Card
T501124-1037,501124,1037,4,1403.64,UPI
T501124-1062,501124,1062,4,4774.44,Wallet
T501125-1020,501125,1020,2,3180.42,Card
T501125-1005,501125,1005,3,787.86,Card
T501125-1073,501125,1073,3,6413.73,Wallet
T501126-1081,501126,1081,3,5012.55,Card
T501127-1043,501127,1043,3,5278.95,Cash
T501127-1012,501127,1012,1,2319.11,UPI
T501127-1026,501127,1026,2,1021.52,Wallet
T501128-1065,501128,1065,4,6391.0,UPI
T501129-1079,501129,1079,1,1405.87,Cash
T501130-1028,501130,1028,3,414.6,Wallet
T501130-1047,501130,1047,1,987.07,Card
T501130-1026,501130,1026,1,510.76,Cash
T501131-1078,501131,1078,4,6659.72,Wallet
T501132-1007,501132,1007,3,5730.06,UPI
T501132-1067,501132,1067,4,5644.96,Card
T501132-1046,501132,1046,2,4035.54,Cash
T501133-1066,501133,1066,3,4192.02,Wallet
T501133-1047,501133,1047,4,3948.28,Card
T501133-1019,501133,1019,3,6222.75,Wallet
T501134-1017,501134,1017,3,4199.46,Wallet
T501134-1038,501134,1038,3,3614.97,Wallet
T501135-1025,501135,1025,3,5857.83,Wallet
T501135-1047,501135,1047,1,987.07,Card
T501135-1031,501135,1031,1,1869.56,Wallet
T501136-1064,501136,1064,3,5758.65,UPI
T501136-1030,501136,1030,1,1717.13,Wallet
T501136-1087,501136,1087,1,1814.23,UPI
T501137-1073,501137,1073,1,2137.91,Wallet
T501137-1084,501137,1084,2,884.84,Cash
T501137-1010,501137,1010,1,1142.45,UPI
T501138-1053,501138,1053,4,7894.8,UPI
T501138-1089,501138,1089,1,428.34,Cash
T501138-1017,501138,1017,1,1399.82,UPI
T501139-1085,501139,1085,1,86.1,Card
T501139-1076,501139,1076,2,1450.04,UPI
T501139-1062,501139,1062,3,3580.83,UPI
T501140-1077,501140,1077,2,1510.36,Card
T501140-1008,501140,1008,2,3943.16,Wallet
T501140-1060,501140,1060,1,312.89,Cash
T501141-1050,501141,1050,1,375.19,Wallet
T501142-1087,501142,1087,3,5442.69,Wallet
T501142-1014,501142,1014,1,2062.22,Cash
T501143-1039,501143,1039,1,590.47,UPI
T501144-1090,501144,1090,4,5070.32,UPI
T501144-1064,501144,1064,1,1919.55,Cash
T501144-1080,501144,1080,3,5898.69,UPI
T501145-1062,501145,1062,3,3580.83,Card
T501145-1045,501145,1045,1,2085.68,Card
T501146-1033,501146,1033,2,1669.58,Cash
T501146-1090,501146,1090,4,5070.32,Wallet
T501146-1064,501146,1064,4,7678.2,UPI
T501147-1029,501147,1029,4,1644.4,UPI
T501147-1037,501147,1037,3,1052.73,Cash
T501147-1064,501147,1064,1,1919.55,Cash
T501148-1088,501148,1088,2,2341.68,UPI
T501148-1029,501148,1029,2,822.2,Cash
T501148-1065,501148,1065,1,1597.75,Cash
T501149-1028,501149,1028,2,276.4,Wallet
T501149-1024,501149,1024,3,6708.03,Cash
T501149-1079,501149,1079,3,4217.61,UPI
T501150-1082,501150,1082,2,2067.56,UPI
T501150-1002,501150,1002,1,1114.03,Cash
T501150-1035,501150,1035,3,3569.4,UPI
T501151-1019,501151,1019,3,6222.75,Wallet
T501152-1081,501152,1081,2,3341.7,UPI
T501153-1079,501153,1079,4,5623.48,Cash
T501154-1070,501154,1070,3,3326.07,Cash
T501154-1064,501154,1064,4,7678.2,Wallet
T501155-1018,501155,1018,3,562.89,Card
T501155-1037,501155,1037,1,350.91,Wallet
T501156-1008,501156,1008,2,3943.16,Card
T501156-1029,501156,1029,2,822.2,UPI
T501156-1040,501156,1040,2,3368.88,Card
T501157-1065,501157,1065,4,6391.0,Card
T501158-1036,501158,1036,2,995.98,Wallet
T501158-1002,501158,1002,2,2228.06,Wallet
T501159-1017,501159,1017,2,2799.64,Wallet
T501159-1032,501159,1032,3,7259.25,Cash
T501160-1046,501160,1046,1,2017.77,Cash
T501160-1054,501160,1054,3,5016.54,Card
T501160-1007,501160,1007,1,1910.02,UPI
T501161-1021,501161,1021,1,1902.48,Cash
T501162-1010,501162,1010,4,4569.8,Wallet
T501162-1008,501162,1008,4,7886.32,Card
T501163-1016,501163,1016,1,591.28,Wallet
T501163-1013,501163,1013,3,4861.05,Cash
T501163-1008,501163,1008,1,1971.58,Wallet
T501164-1090,501164,1090,3,3802.74,UPI
T501165-1063,501165,1063,4,5704.52,Card
T501166-1045,501166,1045,2,4171.36,Card
T501167-1031,501167,1031,3,5608.68,Card
T501167-1061,501167,1061,2,3361.92,UPI
T501167-1022,501167,1022,1,905.68,Cash
T501168-1066,501168,1066,1,1397.34,UPI
T501168-1073,501168,1073,1,2137.91,Card
T501169-1071,501169,1071,2,1120.04,Cash
T501170-1001,501170,1001,1,1941.67,Card
T501171-1039,501171,1039,3,1771.41,UPI
T501171-1087,501171,1087,2,3628.46,Cash
T501172-1043,501172,1043,4,7038.6,Card
T501172-1085,501172,1085,3,258.3,UPI
T501173-1006,501173,1006,2,4879.58,Wallet
T501174-1088,501174,1088,4,4683.36,UPI
T501175-1082,501175,1082,3,3101.34,UPI
T501176-1057,501176,1057,1,1163.52,Cash
T501176-1062,501176,1062,4,4774.44,Cash
T501176-1050,501176,1050,3,1125.57,UPI
T501177-1008,501177,1008,3,5914.74,UPI
T501177-1089,501177,1089,1,428.34,Wallet
T501178-1039,501178,1039,2,1180.94,Card
T501179-1025,501179,1025,4,7810.44,UPI
T501180-1024,501180,1024,4,8944.04,Card
T501181-1047,501181,1047,3,2961.21,Card
T501182-1080,501182,1080,4,7864.92,Wallet
T501183-1028,501183,1028,3,414.6,Wallet
T501183-1087,501183,1087,1,1814.23,Cash
T501183-1038,501183,1038,4,4819.96,UPI
T501184-1082,501184,1082,2,2067.56,Wallet
T501184-1081,501184,1081,2,3341.7,Cash
T501184-1018,501184,1018,1,187.63,UPI
T501185-1069,501185,1069,1,106.12,Cash
T501185-1034,501185,1034,4,3780.16,Wallet
T501185-1088,501185,1088,3,3512.52,UPI
T501186-1050,501186,1050,4,1500.76,Cash
T501186-1072,501186,1072,4,4156.28,UPI
T501186-1024,501186,1024,2,4472.02,UPI
T501187-1034,501187,1034,2,1890.08,Card
T501188-1020,501188,1020,3,4770.63,UPI
T501188-1032,501188,1032,2,4839.5,Wallet
T501189-1083,501189,1083,2,4081.26,Cash
T501190-1072,501190,1072,2,2078.14,Cash
T501190-1056,501190,1056,2,3916.8,Card
T501191-1017,501191,1017,4,5599.28,Card
T501191-1053,501191,1053,1,1973.7,Cash
T501191-1021,501191,1021,2,3804.96,Card
T501192-1078,501192,1078,2,3329.86,Card
T501192-1013,501192,1013,3,4861.05,Cash
T501193-1021,501193,1021,4,7609.92,Cash
T501193-1048,501193,1048,3,2226.51,Wallet
T501194-1048,501194,1048,4,2968.68,Wallet
T501194-1071,501194,1071,3,1680.06,Wallet
T501194-1052,501194,1052,1,48.18,UPI
T501195-1087,501195,1087,3,5442.69,Wallet
T501195-1019,501195,1019,1,2074.25,UPI
T501196-1002,501196,1002,4,4456.12,Cash
T501196-1081,501196,1081,3,5012.55,Card
T501197-1043,501197,1043,1,1759.65,Card
T501198-1078,501198,1078,3,4994.79,Cash
T501198-1066,501198,1066,4,5589.36,Wallet
T501198-1045,501198,1045,1,2085.68,Wallet
T501199-1065,501199,1065,1,1597.75,Card
T501199-1002,501199,1002,4,4456.12,Wallet
T501199-1044,501199,1044,2,1603.1,Wallet
T501200-1005,501200,1005,2,525.24,Cash
T501200-1003,501200,1003,1,2150.74,Cash
T501200-1014,501200,1014,3,6186.66,Wallet
T501201-1050,501201,1050,2,750.38,Card
T501202-1075,501202,1075,1,174.01,Cash
T501202-1051,501202,1051,3,1571.31,Wallet
T501203-1001,501203,1001,2,3883.34,UPI
T501203-1044,501203,1044,1,801.55,Wallet
T501203-1077,501203,1077,2,1510.36,Wallet
T501204-1045,501204,1045,4,8342.72,UPI
T501205-1026,501205,1026,1,510.76,Cash
T501206-1023,501206,1023,3,7282.86,Card
T501207-1083,501207,1083,4,8162.52,Cash
T501207-1084,501207,1084,1,442.42,Wallet
T501208-1056,501208,1056,3,5875.2,Cash
T501208-1001,501208,1001,1,1941.67,Card
T501209-1011,501209,1011,1,945.87,Wallet
T501210-1005,501210,1005,1,262.62,Cash
T501210-1068,501210,1068,1,780.76,Cash
T501211-1028,501211,1028,1,138.2,Wallet
T501211-1003,501211,1003,1,2150.74,Card
T501211-1067,501211,1067,1,1411.24,UPI
T501212-1066,501212,1066,2,2794.68,UPI
T501212-1052,501212,1052,3,144.54,UPI
T501213-1060,501213,1060,4,1251.56,Wallet
T501213-1016,501213,1016,2,1182.56,Card
T501213-1030,501213,1030,2,3434.26,Card
T501214-1013,501214,1013,4,6481.4,UPI
T501214-1030,501214,1030,3,5151.39,UPI
T501215-1056,501215,1056,4,7833.6,Wallet
T501215-1080,501215,1080,3,5898.69,Card
T501216-1033,501216,1033,2,1669.58,Cash
T501216-1031,501216,1031,2,3739.12,Card
T501217-1029,501217,1029,3,1233.3,UPI
T501217-1010,501217,1010,3,3427.35,Card
T501217-1002,501217,1002,2,2228.06,Wallet
T501218-1065,501218,1065,3,4793.25,UPI
T501218-1045,501218,1045,4,8342.72,Wallet
T501218-1053,501218,1053,2,3947.4,Card
T501219-1085,501219,1085,4,344.4,Cash
T501219-1038,501219,1038,3,3614.97,UPI
T501219-1021,501219,1021,3,5707.44,Card
T501220-1071,501220,1071,2,1120.04,UPI
T501221-1027,501221,1027,3,3548.4,Cash
T501221-1045,501221,1045,4,8342.72,Card
T501221-1085,501221,1085,3,258.3,Cash
T501222-1066,501222,1066,3,4192.02,Cash
T501222-1004,501222,1004,3,5257.5,Card
T501222-1056,501222,1056,4,7833.6,UPI
T501223-1015,501223,1015,2,2250.46,UPI
T501223-1055,501223,1055,2,3543.52,Cash
T501223-1019,501223,1019,2,4148.5,Card
T501224-1050,501224,1050,4,1500.76,Cash
T501224-1068,501224,1068,2,1561.52,Wallet
T501224-1060,501224,1060,1,312.89,UPI
T501225-1043,501225,1043,2,3519.3,Wallet
T501225-1046,501225,1046,2,4035.54,Wallet
T501226-1010,501226,1010,1,1142.45,UPI
T501227-1062,501227,1062,4,4774.44,Cash
T501227-1087,501227,1087,3,5442.69,Card
T501227-1041,501227,1041,4,4439.08,Cash
T501228-1059,501228,1059,1,375.3,UPI
T501229-1071,501229,1071,3,1680.06,UPI
T501230-1072,501230,1072,3,3117.21,Card
T501230-1020,501230,1020,1,1590.21,Cash
T501230-1039,501230,1039,3,1771.41,Card
T501231-1046,501231,1046,2,4035.54,Card
T501231-1051,501231,1051,4,2095.08,Wallet
T501232-1041,501232,1041,3,3329.31,Card
T501232-1030,501232,1030,3,5151.39,Wallet
T501232-1045,501232,1045,3,6257.04,Card
T501233-1071,501233,1071,1,560.02,Card
T501233-1079,501233,1079,3,4217.61,Cash
T501233-1083,501233,1083,1,2040.63,Wallet
T501234-1017,501234,1017,3,4199.46,UPI
T501235-1069,501235,1069,3,318.36,UPI
T501235-1014,501235,1014,3,6186.66,Cash
T501235-1013,501235,1013,1,1620.35,Wallet
T501236-1008,501236,1008,3,5914.74,Card
T501236-1084,501236,1084,1,442.42,Cash
T501236-1017,501236,1017,1,1399.82,UPI
T501237-1018,501237,1018,3,562.89,Cash
T501237-1090,501237,1090,1,1267.58,UPI
T501238-1041,501238,1041,4,4439.08,Card
T501238-1035,501238,1035,4,4759.2,Card
T501239-1061,501239,1061,3,5042.88,Wallet
T501239-1010,501239,1010,2,2284.9,Wallet
T501240-1019,501240,1019,3,6222.75,Wallet
T501240-1001,501240,1001,1,1941.67,Wallet
T501240-1058,501240,1058,3,4304.37,Cash
T501241-1056,501241,1056,2,3916.8,Card
T501242-1006,501242,1006,4,9759.16,Cash
T501242-1022,501242,1022,4,3622.72,Card
T501242-1045,501242,1045,1,2085.68,UPI
T501243-1053,501243,1053,4,7894.8,Cash
T501243-1067,501243,1067,1,1411.24,Cash
T501244-1075,501244,1075,1,174.01,Card
T501244-1001,501244,1001,1,1941.67,UPI
T501244-1089,501244,1089,1,428.34,Wallet
T501245-1031,501245,1031,3,5608.68,Wallet
T501245-1036,501245,1036,4,1991.96,Wallet
T501245-1001,501245,1001,4,7766.68,UPI
T501246-1010,501246,1010,3,3427.35,Cash
T501246-1051,501246,1051,1,523.77,Card
T501247-1010,501247,1010,3,3427.35,Cash
T501248-1017,501248,1017,4,5599.28,Wallet
T501248-1081,501248,1081,1,1670.85,UPI
T501248-1031,501248,1031,3,5608.68,Card
T501249-1059,501249,1059,1,375.3,UPI
T501249-1022,501249,1022,4,3622.72,UPI
T501249-1048,501249,1048,3,2226.51,Cash
T501250-1076,501250,1076,3,2175.06,UPI
T501251-1064,501251,1064,3,5758.65,Card
T501252-1004,501252,1004,2,3505.0,Card
T501252-1003,501252,1003,2,4301.48,Cash
T501253-1032,501253,1032,2,4839.5,Cash
T501254-1083,501254,1083,3,6121.89,UPI
T501255-1006,501255,1006,3,7319.37,UPI
T501255-1019,501255,1019,2,4148.5,Wallet
T501255-1083,501255,1083,3,6121.89,Cash
T501256-1088,501256,1088,1,1170.84,Cash
T501257-1037,501257,1037,1,350.91,Wallet
T501257-1076,501257,1076,1,725.02,Wallet
T501258-1075,501258,1075,2,348.02,Wallet
T501258-1049,501258,1049,1,1715.76,Wallet
T501258-1077,501258,1077,1,755.18,Cash
T501259-1043,501259,1043,2,3519.3,Wallet
T501259-1018,501259,1018,1,187.63,Wallet
T501260-1086,501260,1086,1,252.42,Wallet
T501260-1026,501260,1026,3,1532.28,UPI
T501260-1066,501260,1066,3,4192.02,UPI
T501261-1084,501261,1084,1,442.42,Card
T501261-1046,501261,1046,4,8071.08,Wallet
T501262-1005,501262,1005,4,1050.48,Cash
T501263-1008,501263,1008,1,1971.58,UPI
T501263-1026,501263,1026,2,1021.52,Cash
T501264-1044,501264,1044,1,801.55,UPI
T501264-1035,501264,1035,3,3569.4,Card
T501264-1053,501264,1053,3,5921.1,UPI
T501265-1013,501265,1013,2,3240.7,UPI
T501265-1061,501265,1061,4,6723.84,UPI
T501266-1031,501266,1031,4,7478.24,Card
T501267-1047,501267,1047,2,1974.14,Cash
T501268-1040,501268,1040,2,3368.88,Card
T501268-1053,501268,1053,4,7894.8,Card
T501269-1063,501269,1063,1,1426.13,Cash
T501269-1029,501269,1029,4,1644.4,Cash
T501269-1047,501269,1047,1,987.07,Cash
T501270-1084,501270,1084,2,884.84,Card
T501271-1038,501271,1038,1,1204.99,Card
T501271-1081,501271,1081,2,3341.7,Card
T501271-1018,501271,1018,3,562.89,UPI
T501272-1067,501272,1067,1,1411.24,UPI
T501272-1072,501272,1072,2,2078.14,UPI
T501273-1089,501273,1089,4,1713.36,Cash
T501274-1054,501274,1054,1,1672.18,Wallet
T501274-1083,501274,1083,4,8162.52,Cash
T501274-1044,501274,1044,3,2404.65,Card
T501275-1070,501275,1070,4,4434.76,Wallet
T501276-1059,501276,1059,1,375.3,Wallet
T501276-1018,501276,1018,4,750.52,Card
T501277-1013,501277,1013,2,3240.7,Wallet
T501277-1049,501277,1049,2,3431.52,Cash
T501278-1086,501278,1086,4,1009.68,Card
T501279-1088,501279,1088,4,4683.36,Cash
T501280-1056,501280,1056,2,3916.8,Cash
T501281-1005,501281,1005,4,1050.48,Card
T501281-1044,501281,1044,3,2404.65,Cash
T501281-1051,501281,1051,1,523.77,UPI
T501282-1057,501282,1057,3,3490.56,Cash
T501282-1028,501282,1028,2,276.4,UPI
T501282-1062,501282,1062,1,1193.61,Wallet
T501283-1001,501283,1001,2,3883.34,Card
T501283-1089,501283,1089,2,856.68,UPI
T501284-1071,501284,1071,2,1120.04,UPI
T501285-1084,501285,1084,1,442.42,UPI
T501285-1043,501285,1043,3,5278.95,Cash
T501286-1018,501286,1018,1,187.63,Cash
T501286-1049,501286,1049,3,5147.28,UPI
T501286-1042,501286,1042,3,6260.16,Wallet
T501287-1040,501287,1040,3,5053.32,Cash
T501287-1058,501287,1058,3,4304.37,Cash
T501287-1006,501287,1006,2,4879.58,Card
T501288-1042,501288,1042,4,8346.88,Card
T501289-1014,501289,1014,2,4124.44,Card
T501289-1085,501289,1085,2,172.2,Wallet
T501290-1033,501290,1033,4,3339.16,UPI
T501290-1044,501290,1044,1,801.55,UPI
T501291-1056,501291,1056,2,3916.8,Wallet
T501291-1005,501291,1005,3,787.86,Card
T501292-1043,501292,1043,1,1759.65,Card
T501292-1013,501292,1013,3,4861.05,Cash
T501293-1025,501293,1025,3,5857.83,Card
T501293-1063,501293,1063,3,4278.39,Cash
T501293-1050,501293,1050,4,1500.76,UPI
T501294-1025,501294,1025,1,1952.61,Card
T501294-1008,501294,1008,1,1971.58,UPI
T501294-1071,501294,1071,2,1120.04,Card
T501295-1019,501295,1019,4,8297.0,Card
T501295-1026,501295,1026,1,510.76,Wallet
T501296-1020,501296,1020,3,4770.63,UPI
T501296-1044,501296,1044,2,1603.1,Wallet
T501296-1063,501296,1063,1,1426.13,UPI
T501297-1005,501297,1005,3,787.86,UPI
T501297-1077,501297,1077,4,3020.72,Cash
T501297-1039,501297,1039,3,1771.41,Cash
T501298-1085,501298,1085,2,172.2,Card
T501299-1004,501299,1004,3,5257.5,Wallet
T501299-1069,501299,1069,3,318.36,Card
T501299-1012,501299,1012,3,6957.33,Cash
T501300-1016,501300,1016,1,591.28,UPI
T501300-1044,501300,1044,4,3206.2,Wallet
T501301-1020,501301,1020,3,4770.63,Wallet
T501302-1079,501302,1079,3,4217.61,Card
T501302-1076,501302,1076,3,2175.06,Wallet
T501302-1046,501302,1046,4,8071.08,Cash
T501303-1056,501303,1056,2,3916.8,UPI
T501304-1040,501304,1040,4,6737.76,UPI
T501304-1034,501304,1034,3,2835.12,Card
T501304-1071,501304,1071,2,1120.04,Wallet
T501305-1050,501305,1050,2,750.38,Wallet
T501306-1021,501306,1021,1,1902.48,Card
T501307-1046,501307,1046,1,2017.77,Card
T501308-1006,501308,1006,2,4879.58,Cash
T501308-1061,501308,1061,4,6723.84,UPI
T501309-1057,501309,1057,4,4654.08,Wallet
T501310-1052,501310,1052,2,96.36,Card
T501310-1002,501310,1002,3,3342.09,Cash
T501311-1007,501311,1007,1,1910.02,Card
T501312-1070,501312,1070,4,4434.76,Cash
T501312-1040,501312,1040,3,5053.32,Card
T501313-1083,501313,1083,3,6121.89,UPI
T501314-1009,501314,1009,4,1385.76,Card
T501314-1089,501314,1089,1,428.34,Cash
T501315-1065,501315,1065,3,4793.25,Cash
T501315-1021,501315,1021,1,1902.48,Card
T501316-1066,501316,1066,1,1397.34,Cash
T501317-1008,501317,1008,2,3943.16,Wallet
T501317-1080,501317,1080,3,5898.69,Wallet
T501318-1001,501318,1001,1,1941.67,Cash
T501319-1054,501319,1054,1,1672.18,UPI
T501319-1081,501319,1081,1,1670.85,Cash
T501319-1086,501319,1086,3,757.26,Wallet
T501320-1083,501320,1083,3,6121.89,Wallet
T501321-1031,501321,1031,1,1869.56,UPI
T501321-1057,501321,1057,3,3490.56,UPI
T501322-1007,501322,1007,3,5730.06,Wallet
T501323-1047,501323,1047,3,2961.21,Card
T501323-1014,501323,1014,3,6186.66,Card
T501324-1028,501324,1028,1,138.2,Card
T501324-1048,501324,1048,2,1484.34,Wallet
T501324-1001,501324,1001,3,5825.01,Cash
T501325-1001,501325,1001,3,5825.01,UPI
T501325-1076,501325,1076,2,1450.04,Card
T501326-1010,501326,1010,2,2284.9,Wallet
T501326-1085,501326,1085,4,344.4,Wallet
T501326-1020,501326,1020,1,1590.21,UPI
T501327-1070,501327,1070,1,1108.69,Card
T501328-1044,501328,1044,3,2404.65,UPI
T501328-1045,501328,1045,3,6257.04,Wallet
T501328-1084,501328,1084,4,1769.68,UPI
T501329-1057,501329,1057,3,3490.56,Cash
T501330-1068,501330,1068,2,1561.52,Wallet
T501330-1053,501330,1053,1,1973.7,Cash
T501331-1006,501331,1006,1,2439.79,Card
T501331-1090,501331,1090,4,5070.32,Cash
T501331-1023,501331,1023,1,2427.62,Card
T501332-1054,501332,1054,1,1672.18,Card
T501333-1022,501333,1022,1,905.68,Wallet
T501334-1045,501334,1045,4,8342.72,Card
T501334-1061,501334,1061,1,1680.96,Card
T501334-1082,501334,1082,2,2067.56,Wallet
T501335-1057,501335,1057,4,4654.08,Wallet
T501336-1038,501336,1038,2,2409.98,Card
T501337-1008,501337,1008,1,1971.58,Wallet
T501338-1072,501338,1072,2,2078.14,UPI
T501338-1021,501338,1021,2,3804.96,Cash
T501339-1035,501339,1035,4,4759.2,Cash
T501339-1056,501339,1056,1,1958.4,UPI
T501340-1001,501340,1001,3,5825.01,UPI
T501341-1066,501341,1066,2,2794.68,Wallet
T501342-1031,501342,1031,1,1869.56,Cash
T501343-1022,501343,1022,3,2717.04,Wallet
T501344-1086,501344,1086,4,1009.68,UPI
T501344-1069,501344,1069,1,106.12,Card
T501345-1009,501345,1009,2,692.88,Cash
T501345-1089,501345,1089,4,1713.36,Wallet
T501346-1055,501346,1055,2,3543.52,Wallet
T501346-1037,501346,1037,2,701.82,Card
T501346-1069,501346,1069,2,212.24,Wallet
T501347-1038,501347,1038,2,2409.98,Cash
T501347-1089,501347,1089,2,856.68,Card
T501347-1069,501347,1069,2,212.24,UPI
T501348-1073,501348,1073,1,2137.91,Cash
T501349-1024,501349,1024,3,6708.03,Wallet
T501349-1041,501349,1041,2,2219.54,Cash
T501349-1079,501349,1079,3,4217.61,Wallet
T501350-1046,501350,1046,3,6053.31,Wallet
T501350-1078,501350,1078,2,3329.86,Cash
T501351-1081,501351,1081,3,5012.55,Card
T501351-1069,501351,1069,2,212.24,UPI
T501351-1036,501351,1036,4,1991.96,Card
T501352-1063,501352,1063,4,5704.52,UPI
T501352-1061,501352,1061,3,5042.88,Cash
T501352-1078,501352,1078,1,1664.93,Card
T501353-1008,501353,1008,4,7886.32,Cash
T501353-1021,501353,1021,2,3804.96,Wallet
T501353-1013,501353,1013,2,3240.7,Card
T501354-1013,501354,1013,3,4861.05,Wallet
T501354-1033,501354,1033,4,3339.16,Card
T501355-1077,501355,1077,1,755.18,Card
T501355-1069,501355,1069,2,212.24,UPI
T501355-1057,501355,1057,3,3490.56,UPI
T501356-1069,501356,1069,1,106.12,Wallet
T501357-1042,501357,1042,1,2086.72,UPI
T501358-1006,501358,1006,2,4879.58,Card
T501358-1054,501358,1054,2,3344.36,Cash
T501358-1080,501358,1080,4,7864.92,Cash
T501359-1081,501359,1081,3,5012.55,Wallet
T501360-1018,501360,1018,2,375.26,Wallet
T501360-1086,501360,1086,1,252.42,Wallet
T501361-1002,501361,1002,3,3342.09,Cash
T501361-1053,501361,1053,1,1973.7,Cash
T501362-1088,501362,1088,4,4683.36,Wallet
T501362-1024,501362,1024,2,4472.02,Card
T501362-1062,501362,1062,4,4774.44,UPI
T501363-1049,501363,1049,3,5147.28,Cash
T501364-1078,501364,1078,4,6659.72,UPI
T501364-1059,501364,1059,3,1125.9,Wallet
T501365-1033,501365,1033,3,2504.37,Wallet
T501365-1051,501365,1051,2,1047.54,UPI
T501366-1009,501366,1009,1,346.44,Cash
T501366-1085,501366,1085,3,258.3,Cash
T501367-1078,501367,1078,1,1664.93,Wallet
T501367-1083,501367,1083,3,6121.89,UPI
T501368-1003,501368,1003,2,4301.48,UPI
T501368-1011,501368,1011,4,3783.48,Card
T501369-1078,501369,1078,1,1664.93,Cash
T501369-1076,501369,1076,4,2900.08,UPI
T501370-1036,501370,1036,3,1493.97,Cash
T501370-1075,501370,1075,2,348.02,UPI
T501370-1077,501370,1077,4,3020.72,Cash
T501371-1082,501371,1082,3,3101.34,Wallet
T501371-1041,501371,1041,1,1109.77,Card
T501371-1024,501371,1024,1,2236.01,Card
T501372-1041,501372,1041,2,2219.54,Card
T501372-1014,501372,1014,4,8248.88,Card
T501373-1020,501373,1020,3,4770.63,Cash
T501373-1076,501373,1076,4,2900.08,Wallet
T501373-1089,501373,1089,3,1285.02,Cash
T501374-1087,501374,1087,4,7256.92,UPI
T501375-1021,501375,1021,2,3804.96,Wallet
T501376-1071,501376,1071,4,2240.08,Wallet
T501376-1038,501376,1038,2,2409.98,Cash
T501377-1082,501377,1082,1,1033.78,Card
T501377-1031,501377,1031,3,5608.68,UPI
T501378-1049,501378,1049,1,1715.76,Card
T501378-1009,501378,1009,1,346.44,Card
T501378-1021,501378,1021,4,7609.92,Cash
T501379-1029,501379,1029,3,1233.3,UPI
T501379-1014,501379,1014,4,8248.88,Cash
T501380-1011,501380,1011,3,2837.61,Card
T501381-1053,501381,1053,2,3947.4,Wallet
T501381-1076,501381,1076,2,1450.04,Cash
T501381-1057,501381,1057,4,4654.08,Card
T501382-1021,501382,1021,1,1902.48,UPI
T501383-1009,501383,1009,2,692.88,Card
T501383-1025,501383,1025,4,7810.44,Cash
T501384-1029,501384,1029,1,411.1,UPI
T501384-1072,501384,1072,4,4156.28,Cash
T501384-1061,501384,1061,3,5042.88,Cash
T501385-1020,501385,1020,4,6360.84,Wallet
T501385-1027,501385,1027,1,1182.8,Cash
T501386-1021,501386,1021,1,1902.48,UPI
T501386-1051,501386,1051,1,523.77,Card
T501387-1016,501387,1016,1,591.28,Wallet
T501387-1086,501387,1086,3,757.26,Card
T501387-1059,501387,1059,2,750.6,Card
T501388-1084,501388,1084,1,442.42,Wallet
T501388-1057,501388,1057,2,2327.04,UPI
T501389-1024,501389,1024,2,4472.02,Wallet
T501389-1071,501389,1071,4,2240.08,Wallet
T501390-1077,501390,1077,2,1510.36,Wallet
T501391-1013,501391,1013,3,4861.05,Card
T501391-1064,501391,1064,4,7678.2,Card
T501391-1086,501391,1086,4,1009.68,Card
T501392-1067,501392,1067,1,1411.24,Cash
T501393-1032,501393,1032,3,7259.25,Wallet
T501393-1087,501393,1087,1,1814.23,Cash
T501394-1088,501394,1088,2,2341.68,Card
T501394-1057,501394,1057,4,4654.08,UPI
T501395-1087,501395,1087,2,3628.46,Wallet
T501395-1090,501395,1090,1,1267.58,Wallet
T501396-1067,501396,1067,2,2822.48,Wallet
T501397-1083,501397,1083,1,2040.63,Card
T501397-1071,501397,1071,2,1120.04,UPI
T501398-1004,501398,1004,4,7010.0,Card
T501399-1004,501399,1004,4,7010.0,Card
T501399-1077,501399,1077,4,3020.72,Cash
T501399-1074,501399,1074,1,607.83,Wallet
T501400-1058,501400,1058,2,2869.58,UPI
T501401-1033,501401,1033,1,834.79,Cash
T501401-1009,501401,1009,1,346.44,Wallet
T501402-1010,501402,1010,1,1142.45,Card
T501402-1083,501402,1083,2,4081.26,Card
T501402-1084,501402,1084,1,442.42,Card
T501403-1004,501403,1004,2,3505.0,UPI
T501404-1074,501404,1074,3,1823.49,Card
T501404-1010,501404,1010,4,4569.8,Card
T501404-1083,501404,1083,4,8162.52,UPI
T501405-1032,501405,1032,4,9679.0,Wallet
T501405-1082,501405,1082,2,2067.56,UPI
T501405-1002,501405,1002,1,1114.03,UPI
T501406-1015,501406,1015,3,3375.69,Wallet
T501407-1055,501407,1055,2,3543.52,Wallet
T501407-1019,501407,1019,1,2074.25,Wallet
T501408-1061,501408,1061,2,3361.92,UPI
T501409-1046,501409,1046,4,8071.08,Cash
T501409-1034,501409,1034,4,3780.16,Wallet
T501410-1053,501410,1053,1,1973.7,Wallet
T501410-1081,501410,1081,4,6683.4,UPI
T501410-1013,501410,1013,4,6481.4,Card
T501411-1018,501411,1018,1,187.63,Card
T501411-1002,501411,1002,1,1114.03,Wallet
T501411-1065,501411,1065,3,4793.25,Cash
T501412-1057,501412,1057,2,2327.04,Cash
T501412-1052,501412,1052,3,144.54,Cash
T501413-1003,501413,1003,4,8602.96,UPI
T501413-1031,501413,1031,1,1869.56,Card
T501413-1079,501413,1079,4,5623.48,Card
T501414-1016,501414,1016,1,591.28,Cash
T501414-1085,501414,1085,1,86.1,Cash
T501415-1007,501415,1007,3,5730.06,UPI
T501415-1082,501415,1082,1,1033.78,Cash
T501415-1026,501415,1026,3,1532.28,UPI
T501416-1028,501416,1028,2,276.4,Cash
T501416-1077,501416,1077,4,3020.72,Card
T501416-1008,501416,1008,1,1971.58,Cash
T501417-1062,501417,1062,3,3580.83,Cash
T501417-1059,501417,1059,2,750.6,Card
T501418-1041,501418,1041,3,3329.31,Cash
T501419-1040,501419,1040,2,3368.88,Cash
T501419-1034,501419,1034,1,945.04,UPI
T501419-1066,501419,1066,2,2794.68,Wallet
T501420-1013,501420,1013,2,3240.7,Card
T501421-1038,501421,1038,2,2409.98,Cash
T501421-1027,501421,1027,4,4731.2,UPI
T501421-1021,501421,1021,2,3804.96,Card
T501422-1009,501422,1009,3,1039.32,Card
T501422-1030,501422,1030,4,6868.52,Wallet
T501422-1037,501422,1037,1,350.91,Card
T501423-1041,501423,1041,4,4439.08,UPI
T501423-1032,501423,1032,4,9679.0,Wallet
T501424-1010,501424,1010,1,1142.45,Wallet
T501424-1044,501424,1044,1,801.55,Card
T501425-1088,501425,1088,2,2341.68,Card
T501425-1074,501425,1074,3,1823.49,Card
T501426-1074,501426,1074,1,607.83,UPI
T501427-1058,501427,1058,3,4304.37,Cash
T501427-1012,501427,1012,2,4638.22,Cash
T501427-1065,501427,1065,4,6391.0,Cash
T501428-1055,501428,1055,1,1771.76,Card
T501429-1071,501429,1071,1,560.02,Card
T501429-1037,501429,1037,1,350.91,Cash
T501429-1023,501429,1023,1,2427.62,UPI
T501430-1063,501430,1063,1,1426.13,Wallet
T501430-1004,501430,1004,4,7010.0,Card
T501430-1040,501430,1040,4,6737.76,UPI
T501431-1080,501431,1080,3,5898.69,Cash
T501432-1055,501432,1055,2,3543.52,Card
T501432-1073,501432,1073,3,6413.73,Cash
T501433-1051,501433,1051,1,523.77,Card
T501433-1036,501433,1036,1,497.99,UPI
T501433-1023,501433,1023,4,9710.48,Wallet
T501434-1032,501434,1032,2,4839.5,Wallet
T501435-1058,501435,1058,1,1434.79,Card
T501435-1024,501435,1024,1,2236.01,Cash
T501436-1034,501436,1034,1,945.04,Cash
T501436-1044,501436,1044,4,3206.2,UPI
T501436-1072,501436,1072,3,3117.21,Cash
T501437-1062,501437,1062,4,4774.44,Cash
T501437-1066,501437,1066,2,2794.68,Cash
T501438-1015,501438,1015,1,1125.23,Card
T501438-1011,501438,1011,2,1891.74,Wallet
T501439-1052,501439,1052,3,144.54,Card
T501440-1001,501440,1001,4,7766.68,UPI
T501440-1029,501440,1029,4,1644.4,UPI
T501440-1037,501440,1037,2,701.82,UPI
T501441-1054,501441,1054,4,6688.72,UPI
T501441-1038,501441,1038,2,2409.98,Cash
T501442-1019,501442,1019,3,6222.75,Wallet
T501442-1013,501442,1013,2,3240.7,Cash
T501443-1004,501443,1004,2,3505.0,Card
T501444-1061,501444,1061,2,3361.92,UPI
T501445-1058,501445,1058,4,5739.16,UPI
T501445-1086,501445,1086,2,504.84,Cash
T501446-1064,501446,1064,4,7678.2,Wallet
T501446-1061,501446,1061,2,3361.92,Wallet
T501447-1011,501447,1011,1,945.87,Card
T501447-1013,501447,1013,1,1620.35,Cash
T501448-1046,501448,1046,3,6053.31,Wallet
T501448-1054,501448,1054,2,3344.36,Card
T501449-1072,501449,1072,1,1039.07,UPI
T501449-1048,501449,1048,2,1484.34,UPI
T501450-1020,501450,1020,2,3180.42,Wallet
T501451-1086,501451,1086,4,1009.68,Card
T501451-1076,501451,1076,2,1450.04,Wallet
T501451-1031,501451,1031,3,5608.68,Card
T501452-1031,501452,1031,4,7478.24,UPI
T501452-1039,501452,1039,4,2361.88,UPI
T501452-1066,501452,1066,3,4192.02,Cash
T501453-1083,501453,1083,2,4081.26,Cash
T501453-1033,501453,1033,3,2504.37,Wallet
T501453-1041,501453,1041,2,2219.54,Cash
T501454-1011,501454,1011,3,2837.61,UPI
T501454-1088,501454,1088,1,1170.84,Cash
T501455-1024,501455,1024,2,4472.02,Cash
T501456-1015,501456,1015,1,1125.23,Wallet
T501456-1071,501456,1071,2,1120.04,UPI
T501457-1062,501457,1062,2,2387.22,Card
T501458-1061,501458,1061,1,1680.96,UPI
T501459-1083,501459,1083,2,4081.26,Cash
T501459-1085,501459,1085,4,344.4,Cash
T501459-1055,501459,1055,1,1771.76,Cash
T501460-1049,501460,1049,4,6863.04,Wallet
T501460-1051,501460,1051,4,2095.08,Cash
T501461-1018,501461,1018,4,750.52,Wallet
T501462-1020,501462,1020,3,4770.63,UPI
T501463-1090,501463,1090,1,1267.58,UPI
T501464-1009,501464,1009,1,346.44,UPI
T501464-1051,501464,1051,1,523.77,Card
T501464-1072,501464,1072,4,4156.28,UPI
T501465-1018,501465,1018,1,187.63,UPI
T501465-1039,501465,1039,3,1771.41,Wallet
T501466-1057,501466,1057,4,4654.08,Wallet
T501466-1061,501466,1061,4,6723.84,Wallet
T501467-1066,501467,1066,4,5589.36,Cash
T501467-1028,501467,1028,1,138.2,Card
T501467-1044,501467,1044,3,2404.65,Card
T501468-1007,501468,1007,2,3820.04,Wallet
T501468-1027,501468,1027,1,1182.8,Card
T501469-1024,501469,1024,2,4472.02,Card
T501469-1008,501469,1008,3,5914.74,Card
T501469-1029,501469,1029,2,822.2,Wallet
T501470-1077,501470,1077,2,1510.36,Cash
T501471-1057,501471,1057,2,2327.04,UPI
T501472-1083,501472,1083,1,2040.63,UPI
T501472-1003,501472,1003,3,6452.22,Cash
T501472-1052,501472,1052,2,96.36,Card
T501473-1041,501473,1041,4,4439.08,Wallet
T501473-1044,501473,1044,1,801.55,Card
T501474-1079,501474,1079,3,4217.61,UPI
T501475-1005,501475,1005,3,787.86,Wallet
T501475-1050,501475,1050,2,750.38,UPI
T501475-1014,501475,1014,1,2062.22,Wallet
T501476-1030,501476,1030,1,1717.13,UPI
T501476-1008,501476,1008,3,5914.74,Cash
T501477-1081,501477,1081,2,3341.7,Card
T501477-1025,501477,1025,1,1952.61,Wallet
T501478-1063,501478,1063,1,1426.13,Cash
T501478-1013,501478,1013,4,6481.4,Wallet
T501478-1011,501478,1011,2,1891.74,Card
T501479-1036,501479,1036,2,995.98,Cash
T501479-1087,501479,1087,1,1814.23,Wallet
T501479-1066,501479,1066,3,4192.02,UPI
T501480-1036,501480,1036,2,995.98,Cash
T501480-1074,501480,1074,1,607.83,Wallet
T501481-1090,501481,1090,3,3802.74,Card
T501481-1059,501481,1059,3,1125.9,UPI
T501482-1084,501482,1084,3,1327.26,UPI
T501483-1050,501483,1050,1,375.19,Card
T501484-1013,501484,1013,2,3240.7,Card
T501485-1058,501485,1058,2,2869.58,UPI
T501486-1087,501486,1087,1,1814.23,Wallet
T501487-1008,501487,1008,3,5914.74,Wallet
T501488-1030,501488,1030,4,6868.52,UPI
T501489-1028,501489,1028,4,552.8,Wallet
T501490-1059,501490,1059,1,375.3,Cash
T501490-1003,501490,1003,3,6452.22,Cash
T501490-1022,501490,1022,4,3622.72,Cash
T501491-1074,501491,1074,1,607.83,Cash
T501492-1073,501492,1073,1,2137.91,Cash
T501492-1012,501492,1012,1,2319.11,Cash
T501492-1071,501492,1071,1,560.02,Card
T501493-1015,501493,1015,1,1125.23,Wallet
T501493-1072,501493,1072,3,3117.21,Wallet
T501494-1035,501494,1035,1,1189.8,Card
T501494-1056,501494,1056,2,3916.8,Wallet
T501495-1037,501495,1037,4,1403.64,Card
T501495-1066,501495,1066,1,1397.34,UPI
T501496-1055,501496,1055,4,7087.04,Cash
T501497-1025,501497,1025,3,5857.83,Card
T501497-1079,501497,1079,4,5623.48,Wallet
T501497-1056,501497,1056,2,3916.8,Cash
T501498-1038,501498,1038,1,1204.99,Cash
T501498-1073,501498,1073,3,6413.73,Cash
T501499-1059,501499,1059,4,1501.2,UPI
T501500-1037,501500,1037,1,350.91,UPI
T501500-1082,501500,1082,2,2067.56,Wallet
T501501-1021,501501,1021,4,7609.92,Wallet
T501502-1038,501502,1038,2,2409.98,Card
T501503-1006,501503,1006,3,7319.37,UPI
T501504-1014,501504,1014,2,4124.44,Card
T501504-1009,501504,1009,2,692.88,Card
T501505-1021,501505,1021,2,3804.96,UPI
T501505-1038,501505,1038,1,1204.99,UPI
T501505-1073,501505,1073,1,2137.91,Card
T501506-1014,501506,1014,2,4124.44,Card
T501506-1033,501506,1033,1,834.79,UPI
T501506-1055,501506,1055,4,7087.04,Cash
T501507-1045,501507,1045,3,6257.04,UPI
T501508-1065,501508,1065,3,4793.25,Wallet
T501508-1048,501508,1048,4,2968.68,Cash
T501508-1070,501508,1070,2,2217.38,Cash
T501509-1037,501509,1037,1,350.91,Cash
T501509-1065,501509,1065,4,6391.0,Card
T501510-1001,501510,1001,4,7766.68,Cash
T501510-1030,501510,1030,2,3434.26,Wallet
T501511-1017,501511,1017,3,4199.46,Wallet
T501512-1002,501512,1002,3,3342.09,Cash
T501513-1030,501513,1030,4,6868.52,UPI
T501513-1035,501513,1035,2,2379.6,UPI
T501513-1011,501513,1011,3,2837.61,Wallet
T501514-1067,501514,1067,1,1411.24,UPI
T501514-1039,501514,1039,1,590.47,Wallet
T501514-1021,501514,1021,3,5707.44,Wallet
T501515-1073,501515,1073,4,8551.64,Wallet
T501515-1045,501515,1045,2,4171.36,UPI
T501515-1071,501515,1071,3,1680.06,UPI
T501516-1027,501516,1027,2,2365.6,Card
T501516-1089,501516,1089,1,428.34,Card
T501516-1062,501516,1062,4,4774.44,Wallet
T501517-1004,501517,1004,1,1752.5,Cash
T501517-1013,501517,1013,3,4861.05,Wallet
T501518-1075,501518,1075,1,174.01,UPI
T501519-1078,501519,1078,1,1664.93,UPI
T501519-1054,501519,1054,1,1672.18,Card
T501519-1055,501519,1055,1,1771.76,Cash
T501520-1052,501520,1052,3,144.54,UPI
T501521-1049,501521,1049,1,1715.76,Cash
T501522-1001,501522,1001,4,7766.68,Wallet
T501522-1032,501522,1032,2,4839.5,Cash
T501522-1046,501522,1046,1,2017.77,Cash
T501523-1018,501523,1018,4,750.52,Cash
T501523-1060,501523,1060,2,625.78,Wallet
T501523-1084,501523,1084,4,1769.68,UPI
T501524-1057,501524,1057,4,4654.08,UPI
T501525-1073,501525,1073,4,8551.64,Wallet
T501525-1078,501525,1078,4,6659.72,Cash
T501526-1002,501526,1002,3,3342.09,UPI
T501526-1008,501526,1008,4,7886.32,UPI
T501526-1046,501526,1046,1,2017.77,Cash
T501527-1012,501527,1012,3,6957.33,Card
T501527-1045,501527,1045,1,2085.68,Cash
T501527-1005,501527,1005,3,787.86,Card
T501528-1044,501528,1044,3,2404.65,Card
T501528-1054,501528,1054,1,1672.18,Cash
T501529-1076,501529,1076,2,1450.04,Cash
T501529-1033,501529,1033,1,834.79,Cash
T501530-1025,501530,1025,3,5857.83,Card
T501530-1084,501530,1084,1,442.42,Cash
T501530-1040,501530,1040,3,5053.32,UPI
T501531-1080,501531,1080,2,3932.46,Card
T501531-1064,501531,1064,2,3839.1,Card
T501532-1004,501532,1004,4,7010.0,Cash
T501533-1054,501533,1054,2,3344.36,Cash
T501533-1038,501533,1038,3,3614.97,UPI
T501534-1017,501534,1017,2,2799.64,UPI
T501535-1085,501535,1085,2,172.2,Wallet
T501536-1074,501536,1074,2,1215.66,UPI
T501536-1068,501536,1068,2,1561.52,Cash
T501537-1090,501537,1090,2,2535.16,Card
T501537-1063,501537,1063,1,1426.13,Cash
T501538-1081,501538,1081,1,1670.85,UPI
T501539-1081,501539,1081,4,6683.4,Wallet
T501540-1001,501540,1001,1,1941.67,Cash
T501540-1082,501540,1082,1,1033.78,Card
T501540-1042,501540,1042,2,4173.44,UPI
T501541-1050,501541,1050,2,750.38,Wallet
T501541-1068,501541,1068,4,3123.04,Card
T501541-1003,501541,1003,2,4301.48,Wallet
T501542-1037,501542,1037,3,1052.73,Card
T501543-1010,501543,1010,2,2284.9,Card
T501544-1030,501544,1030,1,1717.13,UPI
T501544-1077,501544,1077,4,3020.72,UPI
T501544-1015,501544,1015,1,1125.23,Cash
T501545-1044,501545,1044,2,1603.1,Card
T501546-1021,501546,1021,1,1902.48,Cash
T501546-1024,501546,1024,3,6708.03,UPI
T501547-1001,501547,1001,4,7766.68,Card
T501547-1066,501547,1066,1,1397.34,Cash
T501548-1019,501548,1019,4,8297.0,Cash
T501548-1007,501548,1007,1,1910.02,Wallet
T501549-1079,501549,1079,1,1405.87,UPI
T501549-1043,501549,1043,4,7038.6,Cash
T501550-1020,501550,1020,4,6360.84,UPI
T501550-1053,501550,1053,4,7894.8,Card
T501551-1002,501551,1002,3,3342.09,Card
T501552-1052,501552,1052,3,144.54,UPI
T501552-1058,501552,1058,3,4304.37,UPI
T501553-1027,501553,1027,3,3548.4,UPI
T501553-1015,501553,1015,1,1125.23,Wallet
T501553-1065,501553,1065,3,4793.25,Wallet
T501554-1045,501554,1045,3,6257.04,Wallet
T501555-1027,501555,1027,3,3548.4,Wallet
T501555-1090,501555,1090,4,5070.32,UPI
T501555-1056,501555,1056,4,7833.6,Card
T501556-1085,501556,1085,4,344.4,Card
T501557-1019,501557,1019,3,6222.75,UPI
T501558-1014,501558,1014,4,8248.88,Card
T501559-1038,501559,1038,4,4819.96,Wallet
T501559-1002,501559,1002,2,2228.06,UPI
T501560-1075,501560,1075,3,522.03,Wallet
T501560-1052,501560,1052,2,96.36,Wallet
T501560-1083,501560,1083,1,2040.63,UPI
T501561-1051,501561,1051,4,2095.08,Cash
T501561-1050,501561,1050,1,375.19,UPI
T501562-1056,501562,1056,3,5875.2,Wallet
T501563-1025,501563,1025,2,3905.22,Cash
T501564-1076,501564,1076,1,725.02,Cash
T501565-1018,501565,1018,4,750.52,Card
T501565-1062,501565,1062,1,1193.61,Cash
T501565-1050,501565,1050,4,1500.76,Card
T501566-1078,501566,1078,2,3329.86,Cash
T501566-1072,501566,1072,1,1039.07,UPI
T501566-1058,501566,1058,3,4304.37,Cash
T501567-1007,501567,1007,1,1910.02,Cash
T501568-1005,501568,1005,1,262.62,Cash
T501568-1072,501568,1072,4,4156.28,Card
T501569-1007,501569,1007,2,3820.04,Card
T501569-1012,501569,1012,2,4638.22,Wallet
T501569-1037,501569,1037,1,350.91,Wallet
T501570-1086,501570,1086,1,252.42,UPI
T501571-1027,501571,1027,4,4731.2,Card
T501572-1058,501572,1058,3,4304.37,Cash
T501573-1070,501573,1070,4,4434.76,Wallet
T501573-1045,501573,1045,4,8342.72,UPI
T501573-1014,501573,1014,3,6186.66,Wallet
T501574-1065,501574,1065,1,1597.75,UPI
T501575-1084,501575,1084,4,1769.68,Wallet
T501576-1071,501576,1071,1,560.02,UPI
T501577-1013,501577,1013,3,4861.05,Cash
T501578-1010,501578,1010,2,2284.9,UPI
T501579-1036,501579,1036,4,1991.96,Cash
T501579-1037,501579,1037,2,701.82,UPI
T501579-1001,501579,1001,2,3883.34,Cash
T501580-1005,501580,1005,1,262.62,UPI
T501581-1044,501581,1044,3,2404.65,Card
T501582-1031,501582,1031,1,1869.56,Cash
T501583-1035,501583,1035,4,4759.2,Cash
T501584-1031,501584,1031,3,5608.68,UPI
T501584-1065,501584,1065,2,3195.5,Cash
T501584-1083,501584,1083,2,4081.26,Wallet
T501585-1006,501585,1006,2,4879.58,Wallet
T501585-1060,501585,1060,2,625.78,UPI
T501586-1082,501586,1082,2,2067.56,Card
T501587-1067,501587,1067,3,4233.72,Wallet
T501588-1088,501588,1088,3,3512.52,Card
T501588-1053,501588,1053,4,7894.8,Card
T501588-1030,501588,1030,4,6868.52,Wallet
T501589-1036,501589,1036,2,995.98,Wallet
T501590-1020,501590,1020,1,1590.21,Cash
T501590-1005,501590,1005,1,262.62,UPI
T501590-1075,501590,1075,4,696.04,Card
T501591-1088,501591,1088,1,1170.84,Wallet
T501591-1005,501591,1005,2,525.24,UPI
T501592-1033,501592,1033,3,2504.37,Cash
T501593-1040,501593,1040,4,6737.76,UPI
T501593-1087,501593,1087,2,3628.46,Wallet
T501593-1002,501593,1002,3,3342.09,UPI
T501594-1017,501594,1017,1,1399.82,Cash
T501594-1032,501594,1032,1,2419.75,Wallet
T501594-1018,501594,1018,1,187.63,Card
T501595-1079,501595,1079,1,1405.87,Cash
T501596-1054,501596,1054,4,6688.72,Wallet
T501597-1070,501597,1070,2,2217.38,Cash
T501598-1033,501598,1033,3,2504.37,Wallet
T501598-1079,501598,1079,2,2811.74,Card
T501598-1011,501598,1011,4,3783.48,UPI
T501599-1029,501599,1029,2,822.2,Cash
T501600-1036,501600,1036,4,1991.96,Wallet
T501601-1020,501601,1020,2,3180.42,Wallet
T501601-1052,501601,1052,1,48.18,Wallet
T501601-1061,501601,1061,1,1680.96,Card
T501602-1065,501602,1065,4,6391.0,Cash
T501602-1083,501602,1083,1,2040.63,Wallet
T501603-1039,501603,1039,1,590.47,UPI
T501604-1044,501604,1044,3,2404.65,UPI
T501604-1062,501604,1062,1,1193.61,UPI
T501605-1070,501605,1070,3,3326.07,UPI
T501606-1044,501606,1044,4,3206.2,Wallet
T501606-1011,501606,1011,4,3783.48,Cash
T501607-1015,501607,1015,3,3375.69,UPI
T501607-1047,501607,1047,2,1974.14,UPI
T501607-1016,501607,1016,1,591.28,UPI
T501608-1055,501608,1055,1,1771.76,UPI
T501609-1050,501609,1050,1,375.19,Cash
T501609-1014,501609,1014,2,4124.44,Card
T501609-1079,501609,1079,2,2811.74,Cash
T501610-1009,501610,1009,2,692.88,Wallet
T501610-1003,501610,1003,4,8602.96,Card
T501611-1007,501611,1007,4,7640.08,Card
T501612-1045,501612,1045,2,4171.36,Cash
T501612-1079,501612,1079,2,2811.74,Cash
T501612-1013,501612,1013,4,6481.4,Wallet
T501613-1069,501613,1069,3,318.36,Card
T501613-1080,501613,1080,1,1966.23,Cash
T501613-1037,501613,1037,2,701.82,Cash
T501614-1002,501614,1002,3,3342.09,Wallet
T501615-1077,501615,1077,1,755.18,Cash
T501615-1084,501615,1084,3,1327.26,Wallet
T501616-1082,501616,1082,3,3101.34,UPI
T501616-1076,501616,1076,4,2900.08,Cash
T501617-1009,501617,1009,2,692.88,Cash
T501617-1061,501617,1061,3,5042.88,UPI
T501617-1014,501617,1014,4,8248.88,Card
T501618-1068,501618,1068,1,780.76,UPI
T501618-1055,501618,1055,4,7087.04,UPI
T501619-1078,501619,1078,1,1664.93,Card
T501620-1059,501620,1059,3,1125.9,Wallet
T501620-1054,501620,1054,3,5016.54,Cash
T501621-1075,501621,1075,3,522.03,Wallet
T501621-1018,501621,1018,2,375.26,Cash
T501621-1009,501621,1009,2,692.88,Wallet
T501622-1075,501622,1075,4,696.04,Cash
T501622-1031,501622,1031,3,5608.68,Card
T501622-1063,501622,1063,2,2852.26,UPI
T501623-1053,501623,1053,4,7894.8,Cash
T501623-1033,501623,1033,2,1669.58,Card
T501624-1012,501624,1012,2,4638.22,Card
T501624-1065,501624,1065,1,1597.75,Wallet
T501625-1004,501625,1004,1,1752.5,Card
T501625-1052,501625,1052,4,192.72,Cash
T501626-1038,501626,1038,1,1204.99,Cash
T501626-1069,501626,1069,2,212.24,UPI
T501626-1015,501626,1015,4,4500.92,Cash
T501627-1009,501627,1009,3,1039.32,Card
T501627-1052,501627,1052,4,192.72,Card
T501628-1040,501628,1040,1,1684.44,Card
T501628-1002,501628,1002,4,4456.12,Wallet
T501629-1034,501629,1034,3,2835.12,Cash
T501630-1050,501630,1050,4,1500.76,Wallet
T501631-1077,501631,1077,3,2265.54,Wallet
T501631-1079,501631,1079,1,1405.87,Wallet
T501631-1047,501631,1047,4,3948.28,Wallet
T501632-1001,501632,1001,2,3883.34,Cash
T501632-1014,501632,1014,4,8248.88,UPI
T501632-1027,501632,1027,4,4731.2,Card
T501633-1020,501633,1020,2,3180.42,UPI
T501633-1040,501633,1040,1,1684.44,Wallet
T501633-1052,501633,1052,2,96.36,Card
T501634-1054,501634,1054,2,3344.36,Card
T501634-1044,501634,1044,4,3206.2,Card
T501635-1064,501635,1064,2,3839.1,Cash
T501635-1075,501635,1075,1,174.01,UPI
T501635-1050,501635,1050,1,375.19,Card
T501636-1005,501636,1005,4,1050.48,UPI
T501636-1042,501636,1042,4,8346.88,Card
T501637-1005,501637,1005,1,262.62,Card
T501638-1056,501638,1056,3,5875.2,UPI
T501638-1008,501638,1008,3,5914.74,UPI
T501639-1059,501639,1059,2,750.6,Wallet
T501639-1079,501639,1079,1,1405.87,UPI
T501640-1003,501640,1003,1,2150.74,Cash
T501640-1011,501640,1011,3,2837.61,Card
T501641-1037,501641,1037,2,701.82,Cash
T501641-1009,501641,1009,4,1385.76,Card
T501642-1061,501642,1061,4,6723.84,Card
T501643-1019,501643,1019,2,4148.5,UPI
T501643-1057,501643,1057,4,4654.08,UPI
T501643-1028,501643,1028,1,138.2,Wallet
T501644-1088,501644,1088,3,3512.52,Card
T501644-1013,501644,1013,3,4861.05,Cash
T501645-1037,501645,1037,2,701.82,Cash
T501645-1055,501645,1055,4,7087.04,UPI
T501645-1076,501645,1076,3,2175.06,Wallet
T501646-1078,501646,1078,3,4994.79,UPI
T501646-1039,501646,1039,4,2361.88,Cash
T501647-1064,501647,1064,3,5758.65,Wallet
T501648-1024,501648,1024,1,2236.01,Wallet
T501649-1080,501649,1080,3,5898.69,Wallet
T501649-1033,501649,1033,4,3339.16,Card
T501649-1061,501649,1061,1,1680.96,UPI
T501650-1074,501650,1074,3,1823.49,Cash
T501650-1032,501650,1032,4,9679.0,Wallet
T501650-1013,501650,1013,4,6481.4,Wallet
T501651-1049,501651,1049,1,1715.76,Card
T501651-1060,501651,1060,2,625.78,Cash
T501651-1072,501651,1072,2,2078.14,Wallet
T501652-1025,501652,1025,3,5857.83,Card
T501652-1069,501652,1069,1,106.12,Wallet
T501652-1010,501652,1010,1,1142.45,Card
T501653-1077,501653,1077,3,2265.54,Cash
T501654-1071,501654,1071,1,560.02,Cash
T501655-1024,501655,1024,2,4472.02,UPI
T501655-1062,501655,1062,1,1193.61,Cash
T501655-1028,501655,1028,4,552.8,UPI
T501656-1067,501656,1067,4,5644.96,Cash
T501656-1021,501656,1021,1,1902.48,UPI
T501656-1043,501656,1043,2,3519.3,Card
T501657-1079,501657,1079,2,2811.74,Wallet
T501657-1026,501657,1026,4,2043.04,Wallet
T501658-1051,501658,1051,4,2095.08,Cash
T501658-1053,501658,1053,4,7894.8,Card
T501658-1057,501658,1057,1,1163.52,Wallet
T501659-1020,501659,1020,3,4770.63,UPI
T501659-1084,501659,1084,4,1769.68,Cash
T501660-1067,501660,1067,4,5644.96,Card
T501661-1067,501661,1067,3,4233.72,Card
T501661-1014,501661,1014,2,4124.44,Cash
T501662-1014,501662,1014,2,4124.44,Wallet
T501662-1071,501662,1071,4,2240.08,Card
T501662-1035,501662,1035,3,3569.4,Wallet
T501663-1022,501663,1022,2,1811.36,Card
T501663-1008,501663,1008,3,5914.74,Cash
T501663-1067,501663,1067,1,1411.24,Wallet
T501664-1082,501664,1082,3,3101.34,Wallet
T501664-1069,501664,1069,2,212.24,Card
T501665-1072,501665,1072,1,1039.07,Cash
T501665-1021,501665,1021,2,3804.96,Card
T501665-1003,501665,1003,2,4301.48,Cash
T501666-1005,501666,1005,2,525.24,Card
T501667-1056,501667,1056,4,7833.6,Cash
T501667-1067,501667,1067,1,1411.24,Wallet
T501668-1051,501668,1051,1,523.77,UPI
T501668-1075,501668,1075,3,522.03,Cash
T501668-1080,501668,1080,3,5898.69,UPI
T501669-1036,501669,1036,3,1493.97,Wallet
T501669-1066,501669,1066,1,1397.34,Cash
T501669-1057,501669,1057,3,3490.56,Wallet
T501670-1054,501670,1054,2,3344.36,UPI
T501671-1002,501671,1002,4,4456.12,Cash
T501671-1009,501671,1009,1,346.44,UPI
T501672-1004,501672,1004,1,1752.5,Cash
T501672-1039,501672,1039,3,1771.41,Card
T501673-1077,501673,1077,3,2265.54,Card
T501673-1018,501673,1018,2,375.26,Cash
T501674-1051,501674,1051,3,1571.31,Cash
T501674-1083,501674,1083,4,8162.52,Cash
T501675-1051,501675,1051,3,1571.31,Wallet
T501675-1030,501675,1030,1,1717.13,Wallet
T501675-1058,501675,1058,4,5739.16,Card
T501676-1053,501676,1053,4,7894.8,UPI
T501677-1058,501677,1058,2,2869.58,Cash
T501677-1005,501677,1005,4,1050.48,UPI
T501678-1054,501678,1054,4,6688.72,UPI
T501678-1017,501678,1017,3,4199.46,Card
T501679-1049,501679,1049,1,1715.76,Cash
T501680-1033,501680,1033,4,3339.16,Wallet
T501680-1041,501680,1041,1,1109.77,Card
T501681-1022,501681,1022,4,3622.72,Wallet
T501682-1034,501682,1034,4,3780.16,Card
T501682-1062,501682,1062,2,2387.22,UPI
T501683-1004,501683,1004,4,7010.0,Wallet
T501684-1023,501684,1023,3,7282.86,UPI
T501684-1053,501684,1053,4,7894.8,Card
T501685-1012,501685,1012,2,4638.22,Wallet
T501685-1050,501685,1050,3,1125.57,Cash
T501685-1024,501685,1024,3,6708.03,Wallet
T501686-1077,501686,1077,3,2265.54,Wallet
T501686-1081,501686,1081,3,5012.55,Card
T501687-1019,501687,1019,3,6222.75,UPI
T501688-1057,501688,1057,2,2327.04,Cash
T501689-1074,501689,1074,3,1823.49,Cash
T501689-1058,501689,1058,1,1434.79,Card
T501689-1008,501689,1008,2,3943.16,UPI
T501690-1045,501690,1045,3,6257.04,Card
T501690-1079,501690,1079,3,4217.61,UPI
T501690-1015,501690,1015,4,4500.92,Card
T501691-1008,501691,1008,1,1971.58,Wallet
T501691-1052,501691,1052,2,96.36,UPI
T501692-1083,501692,1083,1,2040.63,UPI
T501693-1020,501693,1020,1,1590.21,Wallet
T501694-1066,501694,1066,4,5589.36,Cash
T501695-1066,501695,1066,2,2794.68,Card
T501696-1071,501696,1071,3,1680.06,UPI
T501697-1071,501697,1071,1,560.02,Wallet
T501697-1085,501697,1085,3,258.3,Cash
T501698-1058,501698,1058,1,1434.79,Card
T501698-1024,501698,1024,2,4472.02,Wallet
T501699-1026,501699,1026,2,1021.52,Wallet
T501699-1058,501699,1058,1,1434.79,UPI
T501700-1073,501700,1073,2,4275.82,UPI
T501700-1067,501700,1067,3,4233.72,UPI
T501701-1018,501701,1018,1,187.63,UPI
T501701-1045,501701,1045,2,4171.36,UPI
T501701-1063,501701,1063,3,4278.39,UPI
T501702-1069,501702,1069,3,318.36,Wallet
T501702-1021,501702,1021,1,1902.48,Cash
T501702-1053,501702,1053,4,7894.8,UPI
T501703-1009,501703,1009,4,1385.76,Wallet
T501704-1023,501704,1023,2,4855.24,Wallet
T501705-1057,501705,1057,2,2327.04,Wallet
T501705-1074,501705,1074,2,1215.66,Wallet
T501705-1078,501705,1078,1,1664.93,Cash
T501706-1068,501706,1068,1,780.76,Card
T501706-1039,501706,1039,4,2361.88,Wallet
T501707-1057,501707,1057,3,3490.56,UPI
T501707-1024,501707,1024,4,8944.04,Wallet
T501708-1038,501708,1038,3,3614.97,Cash
T501709-1004,501709,1004,4,7010.0,Wallet
T501710-1062,501710,1062,1,1193.61,Card
T501710-1059,501710,1059,2,750.6,Card
T501710-1042,501710,1042,2,4173.44,UPI
T501711-1017,501711,1017,3,4199.46,Card
T501711-1042,501711,1042,1,2086.72,Cash
T501712-1003,501712,1003,1,2150.74,Wallet
T501712-1038,501712,1038,2,2409.98,Card
T501713-1084,501713,1084,4,1769.68,Cash
T501713-1006,501713,1006,1,2439.79,Cash
T501713-1058,501713,1058,1,1434.79,Wallet
T501714-1017,501714,1017,3,4199.46,Wallet
T501714-1074,501714,1074,3,1823.49,Wallet
T501714-1073,501714,1073,2,4275.82,UPI
T501715-1040,501715,1040,1,1684.44,Cash
T501716-1023,501716,1023,1,2427.62,Card
T501716-1054,501716,1054,4,6688.72,Card
T501717-1030,501717,1030,3,5151.39,Wallet
T501717-1078,501717,1078,4,6659.72,Wallet
T501717-1025,501717,1025,3,5857.83,Wallet
T501718-1045,501718,1045,2,4171.36,UPI
T501719-1058,501719,1058,3,4304.37,Wallet
T501719-1071,501719,1071,2,1120.04,Card
T501719-1067,501719,1067,1,1411.24,Wallet
T501720-1024,501720,1024,4,8944.04,Wallet
T501720-1053,501720,1053,2,3947.4,Wallet
T501721-1058,501721,1058,1,1434.79,UPI
T501721-1016,501721,1016,2,1182.56,UPI
T501722-1081,501722,1081,4,6683.4,Cash
T501722-1003,501722,1003,2,4301.48,UPI
T501722-1014,501722,1014,2,4124.44,Cash
T501723-1023,501723,1023,1,2427.62,Wallet
T501723-1008,501723,1008,1,1971.58,Wallet
T501723-1024,501723,1024,2,4472.02,UPI
T501724-1076,501724,1076,3,2175.06,Cash
T501724-1065,501724,1065,2,3195.5,Wallet
T501725-1034,501725,1034,4,3780.16,Cash
T501725-1048,501725,1048,1,742.17,Card
T501726-1009,501726,1009,4,1385.76,Wallet
T501727-1042,501727,1042,2,4173.44,UPI
T501728-1010,501728,1010,2,2284.9,UPI
T501728-1067,501728,1067,2,2822.48,Wallet
T501729-1062,501729,1062,1,1193.61,Card
T501730-1035,501730,1035,3,3569.4,Card
T501730-1017,501730,1017,2,2799.64,UPI
T501731-1021,501731,1021,3,5707.44,Cash
T501731-1028,501731,1028,2,276.4,Cash
T501732-1023,501732,1023,4,9710.48,Card
T501733-1085,501733,1085,3,258.3,Wallet
T501733-1071,501733,1071,1,560.02,Wallet
T501734-1029,501734,1029,1,411.1,Cash
T501734-1071,501734,1071,4,2240.08,Cash
T501735-1013,501735,1013,4,6481.4,Card
T501735-1041,501735,1041,2,2219.54,Wallet
T501736-1027,501736,1027,3,3548.4,Card
T501736-1073,501736,1073,2,4275.82,UPI
T501736-1028,501736,1028,1,138.2,Wallet
T501737-1021,501737,1021,3,5707.44,Wallet
T501737-1050,501737,1050,1,375.19,UPI
T501738-1052,501738,1052,1,48.18,Wallet
T501738-1062,501738,1062,1,1193.61,Cash
T501739-1020,501739,1020,4,6360.84,Cash
T501739-1060,501739,1060,1,312.89,Card
T501739-1055,501739,1055,4,7087.04,Card
T501740-1031,501740,1031,4,7478.24,Card
T501740-1037,501740,1037,4,1403.64,UPI
T501740-1077,501740,1077,3,2265.54,UPI
T501741-1060,501741,1060,3,938.67,Wallet
T501741-1087,501741,1087,2,3628.46,UPI
T501741-1040,501741,1040,2,3368.88,Card
T501742-1031,501742,1031,3,5608.68,Cash
T501742-1070,501742,1070,4,4434.76,Cash
T501742-1071,501742,1071,1,560.02,Cash
T501743-1024,501743,1024,1,2236.01,Cash
T501743-1031,501743,1031,1,1869.56,Cash
T501744-1085,501744,1085,4,344.4,Wallet
T501745-1013,501745,1013,1,1620.35,UPI
T501745-1070,501745,1070,2,2217.38,Cash
T501746-1065,501746,1065,3,4793.25,Cash
T501746-1037,501746,1037,1,350.91,UPI
T501746-1004,501746,1004,4,7010.0,Wallet
T501747-1054,501747,1054,3,5016.54,Cash
T501747-1049,501747,1049,1,1715.76,UPI
T501748-1006,501748,1006,3,7319.37,UPI
T501748-1018,501748,1018,1,187.63,UPI
T501748-1066,501748,1066,2,2794.68,UPI
T501749-1002,501749,1002,2,2228.06,Wallet
T501749-1085,501749,1085,3,258.3,UPI
T501750-1006,501750,1006,3,7319.37,Wallet
T501751-1022,501751,1022,1,905.68,UPI
T501751-1001,501751,1001,2,3883.34,Cash
T501752-1090,501752,1090,2,2535.16,UPI
T501753-1087,501753,1087,3,5442.69,Wallet
T501754-1087,501754,1087,2,3628.46,Cash
T501754-1080,501754,1080,4,7864.92,Wallet
T501754-1069,501754,1069,1,106.12,UPI
T501755-1067,501755,1067,2,2822.48,Cash
T501756-1006,501756,1006,4,9759.16,Card
T501757-1020,501757,1020,2,3180.42,Card
T501758-1025,501758,1025,2,3905.22,Cash
T501758-1018,501758,1018,3,562.89,UPI
T501758-1054,501758,1054,1,1672.18,UPI
T501759-1041,501759,1041,2,2219.54,Wallet
T501759-1028,501759,1028,4,552.8,Card
T501759-1052,501759,1052,3,144.54,Card
T501760-1082,501760,1082,3,3101.34,UPI
T501760-1077,501760,1077,4,3020.72,Cash
T501760-1049,501760,1049,1,1715.76,Card
T501761-1038,501761,1038,2,2409.98,Cash
T501761-1089,501761,1089,4,1713.36,UPI
T501761-1064,501761,1064,3,5758.65,Cash
T501762-1085,501762,1085,3,258.3,UPI
T501762-1044,501762,1044,3,2404.65,UPI
T501763-1045,501763,1045,3,6257.04,Card
T501763-1074,501763,1074,3,1823.49,Card
T501763-1014,501763,1014,2,4124.44,Card
T501764-1016,501764,1016,1,591.28,UPI
T501764-1079,501764,1079,4,5623.48,Cash
T501765-1056,501765,1056,2,3916.8,UPI
T501765-1065,501765,1065,2,3195.5,UPI
T501765-1060,501765,1060,1,312.89,UPI
T501766-1064,501766,1064,3,5758.65,Wallet
T501767-1030,501767,1030,2,3434.26,Wallet
T501768-1046,501768,1046,1,2017.77,UPI
T501768-1089,501768,1089,2,856.68,Wallet
T501768-1065,501768,1065,2,3195.5,Wallet
T501769-1063,501769,1063,1,1426.13,Card
T501769-1022,501769,1022,4,3622.72,Cash
T501770-1024,501770,1024,2,4472.02,Card
T501771-1022,501771,1022,1,905.68,UPI
T501772-1004,501772,1004,1,1752.5,Wallet
T501772-1061,501772,1061,3,5042.88,Card
T501773-1039,501773,1039,4,2361.88,UPI
T501774-1038,501774,1038,4,4819.96,Card
T501775-1082,501775,1082,3,3101.34,Cash
T501775-1018,501775,1018,4,750.52,Cash
T501775-1051,501775,1051,3,1571.31,UPI
T501776-1032,501776,1032,2,4839.5,UPI
T501777-1040,501777,1040,3,5053.32,Wallet
T501778-1042,501778,1042,3,6260.16,Card
T501778-1043,501778,1043,2,3519.3,Wallet
T501778-1080,501778,1080,3,5898.69,Card
T501779-1054,501779,1054,4,6688.72,Card
T501779-1004,501779,1004,2,3505.0,Wallet
T501779-1065,501779,1065,4,6391.0,UPI
T501780-1064,501780,1064,2,3839.1,Cash
T501780-1055,501780,1055,1,1771.76,Cash
T501780-1016,501780,1016,1,591.28,Card
T501781-1015,501781,1015,2,2250.46,Cash
T501781-1083,501781,1083,2,4081.26,UPI
T501782-1085,501782,1085,4,344.4,Card
T501782-1007,501782,1007,4,7640.08,UPI
T501782-1037,501782,1037,4,1403.64,Card
T501783-1058,501783,1058,4,5739.16,Wallet
T501784-1064,501784,1064,2,3839.1,Cash
T501785-1036,501785,1036,2,995.98,Cash
T501785-1069,501785,1069,4,424.48,UPI
T501786-1007,501786,1007,4,7640.08,UPI
T501786-1056,501786,1056,4,7833.6,Cash
T501787-1050,501787,1050,4,1500.76,Card
T501787-1057,501787,1057,1,1163.52,Cash
T501788-1022,501788,1022,3,2717.04,Wallet
T501788-1063,501788,1063,1,1426.13,Card
T501788-1074,501788,1074,2,1215.66,UPI
T501789-1055,501789,1055,2,3543.52,UPI
T501790-1012,501790,1012,3,6957.33,Card
T501791-1074,501791,1074,1,607.83,Wallet
T501791-1044,501791,1044,2,1603.1,Card
T501792-1073,501792,1073,2,4275.82,Card
T501792-1041,501792,1041,2,2219.54,UPI
T501792-1067,501792,1067,4,5644.96,Cash
T501793-1032,501793,1032,2,4839.5,Cash
T501793-1059,501793,1059,3,1125.9,Cash
T501793-1029,501793,1029,1,411.1,UPI
T501794-1029,501794,1029,3,1233.3,Cash
T501794-1043,501794,1043,1,1759.65,Cash
T501795-1070,501795,1070,2,2217.38,Card
T501795-1057,501795,1057,4,4654.08,Card
T501795-1086,501795,1086,4,1009.68,Wallet
T501796-1065,501796,1065,3,4793.25,UPI
T501796-1011,501796,1011,1,945.87,Cash
T501797-1045,501797,1045,1,2085.68,Card
T501797-1058,501797,1058,4,5739.16,Wallet
T501798-1003,501798,1003,1,2150.74,UPI
T501798-1089,501798,1089,1,428.34,Wallet
T501799-1016,501799,1016,2,1182.56,Card
T501799-1058,501799,1058,1,1434.79,Cash
T501799-1037,501799,1037,2,701.82,Cash
T501800-1069,501800,1069,4,424.48,Cash
T501800-1090,501800,1090,1,1267.58,Wallet
T501801-1081,501801,1081,3,5012.55,Card
T501801-1038,501801,1038,2,2409.98,Wallet
T501801-1035,501801,1035,1,1189.8,UPI
T501802-1033,501802,1033,3,2504.37,Cash
T501802-1016,501802,1016,2,1182.56,Cash
T501803-1001,501803,1001,2,3883.34,UPI
T501804-1090,501804,1090,4,5070.32,UPI
T501804-1027,501804,1027,2,2365.6,Wallet
T501804-1039,501804,1039,2,1180.94,Cash
T501805-1027,501805,1027,4,4731.2,Card
T501806-1046,501806,1046,4,8071.08,Card
T501806-1008,501806,1008,4,7886.32,Wallet
T501807-1052,501807,1052,2,96.36,Cash
T501807-1044,501807,1044,1,801.55,Wallet
T501807-1066,501807,1066,4,5589.36,UPI
T501808-1077,501808,1077,1,755.18,UPI
T501809-1064,501809,1064,1,1919.55,UPI
T501810-1090,501810,1090,2,2535.16,Cash
T501810-1054,501810,1054,2,3344.36,Cash
T501811-1056,501811,1056,4,7833.6,Cash
T501812-1064,501812,1064,3,5758.65,Cash
T501812-1007,501812,1007,3,5730.06,UPI
T501812-1081,501812,1081,1,1670.85,Card
T501813-1035,501813,1035,3,3569.4,UPI
T501813-1062,501813,1062,1,1193.61,Cash
T501813-1088,501813,1088,4,4683.36,UPI
T501814-1010,501814,1010,2,2284.9,Wallet
T501814-1026,501814,1026,4,2043.04,Wallet
T501815-1084,501815,1084,3,1327.26,UPI
T501816-1006,501816,1006,4,9759.16,Card
T501816-1042,501816,1042,1,2086.72,Cash
T501817-1089,501817,1089,2,856.68,UPI
T501818-1034,501818,1034,3,2835.12,Wallet
T501819-1058,501819,1058,4,5739.16,Card
T501819-1025,501819,1025,2,3905.22,Wallet
T501819-1085,501819,1085,2,172.2,Wallet
T501820-1083,501820,1083,3,6121.89,Card
T501820-1043,501820,1043,1,1759.65,Card
T501820-1026,501820,1026,4,2043.04,Wallet
T501821-1088,501821,1088,1,1170.84,Cash
T501822-1086,501822,1086,4,1009.68,Card
T501823-1058,501823,1058,3,4304.37,Cash
T501823-1020,501823,1020,3,4770.63,Cash
T501823-1075,501823,1075,1,174.01,Wallet
T501824-1036,501824,1036,3,1493.97,Wallet
T501825-1026,501825,1026,3,1532.28,Cash
T501825-1017,501825,1017,3,4199.46,Wallet
T501826-1081,501826,1081,2,3341.7,Cash
T501826-1025,501826,1025,3,5857.83,Wallet
T501826-1080,501826,1080,3,5898.69,Wallet
T501827-1073,501827,1073,4,8551.64,Wallet
T501827-1077,501827,1077,2,1510.36,UPI
T501828-1083,501828,1083,2,4081.26,Cash
T501829-1036,501829,1036,2,995.98,Cash
T501830-1071,501830,1071,2,1120.04,UPI
T501831-1010,501831,1010,2,2284.9,Cash
T501832-1027,501832,1027,3,3548.4,Cash
T501832-1058,501832,1058,4,5739.16,UPI
T501832-1084,501832,1084,3,1327.26,Card
T501833-1003,501833,1003,1,2150.74,Card
T501834-1029,501834,1029,3,1233.3,UPI
T501835-1068,501835,1068,1,780.76,UPI
T501835-1028,501835,1028,1,138.2,Cash
T501835-1059,501835,1059,3,1125.9,Wallet
T501836-1074,501836,1074,2,1215.66,Wallet
T501836-1032,501836,1032,1,2419.75,Cash
T501836-1043,501836,1043,4,7038.6,Cash
T501837-1055,501837,1055,4,7087.04,Card
T501837-1006,501837,1006,2,4879.58,Card
T501838-1084,501838,1084,2,884.84,Wallet
T501838-1031,501838,1031,2,3739.12,Cash
T501838-1019,501838,1019,4,8297.0,UPI
T501839-1042,501839,1042,4,8346.88,Card
T501839-1031,501839,1031,3,5608.68,UPI
T501839-1085,501839,1085,2,172.2,Wallet
T501840-1020,501840,1020,1,1590.21,UPI
T501840-1001,501840,1001,2,3883.34,Wallet
T501841-1004,501841,1004,3,5257.5,UPI
T501841-1083,501841,1083,1,2040.63,Wallet
T501842-1044,501842,1044,1,801.55,Cash
T501842-1054,501842,1054,2,3344.36,Cash
T501842-1074,501842,1074,2,1215.66,Cash
T501843-1056,501843,1056,1,1958.4,Cash
T501843-1088,501843,1088,1,1170.84,UPI
T501843-1085,501843,1085,1,86.1,UPI
T501844-1065,501844,1065,1,1597.75,Card
T501844-1089,501844,1089,2,856.68,UPI
T501845-1032,501845,1032,4,9679.0,Card
T501846-1089,501846,1089,4,1713.36,UPI
T501846-1034,501846,1034,3,2835.12,Card
T501847-1005,501847,1005,3,787.86,Cash
T501848-1065,501848,1065,1,1597.75,Card
T501848-1060,501848,1060,3,938.67,Wallet
T501849-1026,501849,1026,1,510.76,Wallet
T501849-1052,501849,1052,2,96.36,Cash
T501849-1073,501849,1073,1,2137.91,Wallet
T501850-1034,501850,1034,1,945.04,UPI
T501850-1007,501850,1007,3,5730.06,Wallet
T501851-1004,501851,1004,1,1752.5,Wallet
T501851-1062,501851,1062,3,3580.83,Wallet
T501852-1020,501852,1020,2,3180.42,UPI
T501852-1046,501852,1046,4,8071.08,Cash
T501852-1059,501852,1059,4,1501.2,UPI
T501853-1082,501853,1082,4,4135.12,Wallet
T501854-1081,501854,1081,2,3341.7,UPI
T501854-1021,501854,1021,3,5707.44,Card
T501855-1064,501855,1064,4,7678.2,Card
T501856-1002,501856,1002,4,4456.12,Cash
T501856-1063,501856,1063,3,4278.39,Cash
T501856-1031,501856,1031,3,5608.68,Cash
T501857-1067,501857,1067,2,2822.48,Wallet
T501857-1058,501857,1058,4,5739.16,Cash
T501858-1090,501858,1090,1,1267.58,Cash
T501858-1052,501858,1052,2,96.36,UPI
T501859-1059,501859,1059,2,750.6,Wallet
T501859-1019,501859,1019,1,2074.25,Cash
T501859-1011,501859,1011,4,3783.48,Wallet
T501860-1061,501860,1061,1,1680.96,UPI
T501861-1019,501861,1019,1,2074.25,UPI
T501861-1066,501861,1066,4,5589.36,Cash
T501861-1090,501861,1090,3,3802.74,Card
T501862-1057,501862,1057,1,1163.52,Wallet
T501862-1006,501862,1006,1,2439.79,UPI
T501863-1040,501863,1040,3,5053.32,Card
T501863-1047,501863,1047,3,2961.21,Cash
T501864-1002,501864,1002,1,1114.03,UPI
T501865-1036,501865,1036,1,497.99,Cash
T501865-1089,501865,1089,4,1713.36,Wallet
T501865-1041,501865,1041,2,2219.54,Wallet
T501866-1022,501866,1022,2,1811.36,UPI
T501867-1077,501867,1077,4,3020.72,Card
T501868-1032,501868,1032,1,2419.75,UPI
T501869-1089,501869,1089,4,1713.36,Cash
T501869-1061,501869,1061,2,3361.92,Wallet
T501869-1026,501869,1026,2,1021.52,Card
T501870-1054,501870,1054,4,6688.72,Card
T501870-1042,501870,1042,4,8346.88,UPI
T501870-1064,501870,1064,1,1919.55,Card
T501871-1080,501871,1080,2,3932.46,UPI
T501872-1090,501872,1090,4,5070.32,Card
T501872-1086,501872,1086,4,1009.68,Cash
T501873-1080,501873,1080,4,7864.92,Cash
T501873-1074,501873,1074,1,607.83,Card
T501873-1013,501873,1013,4,6481.4,Cash
T501874-1074,501874,1074,3,1823.49,UPI
T501875-1077,501875,1077,2,1510.36,UPI
T501876-1080,501876,1080,1,1966.23,Cash
T501876-1051,501876,1051,3,1571.31,Wallet
T501877-1014,501877,1014,3,6186.66,UPI
T501877-1074,501877,1074,4,2431.32,UPI
T501878-1057,501878,1057,3,3490.56,Cash
T501878-1040,501878,1040,3,5053.32,Card
T501878-1058,501878,1058,2,2869.58,UPI
T501879-1039,501879,1039,2,1180.94,Card
T501879-1020,501879,1020,3,4770.63,UPI
T501879-1090,501879,1090,4,5070.32,Wallet
T501880-1021,501880,1021,3,5707.44,Cash
T501881-1064,501881,1064,2,3839.1,Cash
T501881-1004,501881,1004,4,7010.0,Cash
T501882-1062,501882,1062,1,1193.61,UPI
T501883-1089,501883,1089,2,856.68,Cash
T501884-1015,501884,1015,4,4500.92,Card
T501884-1086,501884,1086,1,252.42,Wallet
T501884-1089,501884,1089,2,856.68,Cash
T501885-1001,501885,1001,1,1941.67,UPI
T501885-1044,501885,1044,2,1603.1,UPI
T501886-1077,501886,1077,4,3020.72,Card
T501887-1003,501887,1003,4,8602.96,Wallet
T501887-1032,501887,1032,2,4839.5,Card
T501887-1011,501887,1011,3,2837.61,Wallet
T501888-1062,501888,1062,1,1193.61,Cash
T501889-1042,501889,1042,4,8346.88,UPI
T501889-1062,501889,1062,4,4774.44,Wallet
T501889-1058,501889,1058,4,5739.16,Card
T501890-1076,501890,1076,2,1450.04,Cash
T501890-1032,501890,1032,1,2419.75,Card
T501891-1034,501891,1034,2,1890.08,UPI
T501892-1037,501892,1037,2,701.82,Card
T501892-1032,501892,1032,2,4839.5,Wallet
T501892-1014,501892,1014,1,2062.22,Cash
T501893-1078,501893,1078,1,1664.93,Cash
T501893-1086,501893,1086,2,504.84,UPI
T501893-1067,501893,1067,3,4233.72,UPI
T501894-1033,501894,1033,3,2504.37,Wallet
T501894-1081,501894,1081,1,1670.85,Card
T501895-1002,501895,1002,3,3342.09,UPI
T501895-1021,501895,1021,4,7609.92,Cash
T501895-1066,501895,1066,4,5589.36,Card
T501896-1024,501896,1024,1,2236.01,Wallet
T501896-1050,501896,1050,4,1500.76,UPI
T501896-1001,501896,1001,4,7766.68,Cash
T501897-1071,501897,1071,3,1680.06,UPI
T501897-1057,501897,1057,4,4654.08,Wallet
T501898-1043,501898,1043,1,1759.65,Card
T501899-1078,501899,1078,3,4994.79,Wallet
T501900-1015,501900,1015,1,1125.23,Wallet
T501900-1064,501900,1064,2,3839.1,Card
T501900-1075,501900,1075,2,348.02,Wallet
T501901-1036,501901,1036,1,497.99,Card
T501901-1033,501901,1033,1,834.79,Wallet
T501902-1045,501902,1045,2,4171.36,UPI
T501902-1031,501902,1031,2,3739.12,UPI
T501903-1043,501903,1043,3,5278.95,Cash
T501903-1051,501903,1051,4,2095.08,Wallet
T501904-1060,501904,1060,1,312.89,Card
T501905-1048,501905,1048,3,2226.51,Wallet
T501905-1072,501905,1072,1,1039.07,Card
T501905-1083,501905,1083,2,4081.26,Cash
T501906-1013,501906,1013,3,4861.05,Wallet
T501906-1072,501906,1072,4,4156.28,Wallet
T501907-1011,501907,1011,2,1891.74,Wallet
T501908-1010,501908,1010,1,1142.45,Card
T501908-1077,501908,1077,1,755.18,Card
T501908-1044,501908,1044,4,3206.2,Cash
T501909-1059,501909,1059,1,375.3,Cash
T501909-1053,501909,1053,3,5921.1,Card
T501909-1002,501909,1002,1,1114.03,UPI
T501910-1048,501910,1048,2,1484.34,Card
T501910-1090,501910,1090,1,1267.58,UPI
T501911-1083,501911,1083,1,2040.63,Wallet
T501912-1056,501912,1056,1,1958.4,Wallet
T501912-1087,501912,1087,1,1814.23,Cash
T501913-1022,501913,1022,4,3622.72,Wallet
T501913-1057,501913,1057,2,2327.04,Cash
T501914-1083,501914,1083,1,2040.63,Card
T501914-1061,501914,1061,4,6723.84,Wallet
T501914-1003,501914,1003,3,6452.22,Cash
T501915-1075,501915,1075,3,522.03,Wallet
T501916-1004,501916,1004,4,7010.0,Card
T501916-1046,501916,1046,1,2017.77,Wallet
T501917-1078,501917,1078,2,3329.86,Wallet
T501917-1075,501917,1075,1,174.01,Card
T501917-1060,501917,1060,1,312.89,Card
T501918-1011,501918,1011,1,945.87,Cash
T501918-1066,501918,1066,1,1397.34,UPI
T501918-1075,501918,1075,4,696.04,Cash
T501919-1041,501919,1041,1,1109.77,Cash
T501919-1090,501919,1090,4,5070.32,Wallet
T501919-1032,501919,1032,3,7259.25,UPI
T501920-1010,501920,1010,1,1142.45,Cash
T501920-1073,501920,1073,3,6413.73,UPI
T501921-1019,501921,1019,1,2074.25,Cash
T501922-1055,501922,1055,3,5315.28,Wallet
T501922-1006,501922,1006,1,2439.79,Card
T501922-1039,501922,1039,2,1180.94,UPI
T501923-1035,501923,1035,3,3569.4,Wallet
T501923-1001,501923,1001,2,3883.34,Card
T501924-1018,501924,1018,1,187.63,Wallet
T501924-1034,501924,1034,1,945.04,UPI
T501925-1025,501925,1025,2,3905.22,Wallet
T501926-1014,501926,1014,2,4124.44,Wallet
T501926-1061,501926,1061,1,1680.96,UPI
T501926-1086,501926,1086,3,757.26,Card
T501927-1067,501927,1067,1,1411.24,UPI
T501927-1050,501927,1050,2,750.38,UPI
T501928-1071,501928,1071,1,560.02,UPI
T501929-1030,501929,1030,1,1717.13,UPI
T501930-1010,501930,1010,1,1142.45,UPI
T501930-1014,501930,1014,1,2062.22,Cash
T501931-1061,501931,1061,3,5042.88,Card
T501931-1006,501931,1006,4,9759.16,Wallet
T501931-1062,501931,1062,4,4774.44,Wallet
T501932-1070,501932,1070,2,2217.38,Cash
T501932-1036,501932,1036,3,1493.97,Card
T501932-1053,501932,1053,2,3947.4,UPI
T501933-1023,501933,1023,4,9710.48,Wallet
T501933-1006,501933,1006,2,4879.58,Wallet
T501933-1007,501933,1007,1,1910.02,UPI
T501934-1084,501934,1084,3,1327.26,Card
T501934-1046,501934,1046,4,8071.08,Wallet
T501935-1064,501935,1064,1,1919.55,UPI
T501935-1057,501935,1057,4,4654.08,UPI
T501936-1055,501936,1055,4,7087.04,UPI
T501936-1082,501936,1082,3,3101.34,Card
T501937-1052,501937,1052,3,144.54,Wallet
T501937-1043,501937,1043,4,7038.6,Card
T501938-1054,501938,1054,1,1672.18,UPI
T501938-1056,501938,1056,4,7833.6,Card
T501938-1079,501938,1079,3,4217.61,Wallet
T501939-1090,501939,1090,4,5070.32,Wallet
T501939-1070,501939,1070,2,2217.38,Wallet
T501940-1011,501940,1011,3,2837.61,Cash
T501941-1072,501941,1072,4,4156.28,UPI
T501941-1036,501941,1036,2,995.98,UPI
T501942-1026,501942,1026,2,1021.52,UPI
T501942-1037,501942,1037,1,350.91,Cash
T501943-1045,501943,1045,3,6257.04,UPI
T501943-1083,501943,1083,3,6121.89,Card
T501943-1014,501943,1014,4,8248.88,Wallet
T501944-1023,501944,1023,3,7282.86,Wallet
T501944-1065,501944,1065,4,6391.0,Cash
T501944-1079,501944,1079,1,1405.87,Wallet
T501945-1023,501945,1023,1,2427.62,UPI
T501946-1078,501946,1078,2,3329.86,Card
T501946-1076,501946,1076,4,2900.08,UPI
T501947-1006,501947,1006,4,9759.16,UPI
T501948-1049,501948,1049,3,5147.28,Wallet
T501948-1088,501948,1088,4,4683.36,UPI
T501948-1017,501948,1017,4,5599.28,Card
T501949-1082,501949,1082,2,2067.56,Card
T501949-1081,501949,1081,3,5012.55,Wallet
T501950-1011,501950,1011,1,945.87,UPI
T501951-1023,501951,1023,3,7282.86,Cash
T501951-1086,501951,1086,2,504.84,UPI
T501952-1020,501952,1020,1,1590.21,Card
T501953-1082,501953,1082,3,3101.34,Wallet
T501953-1061,501953,1061,1,1680.96,Wallet
T501954-1050,501954,1050,4,1500.76,Card
T501955-1056,501955,1056,4,7833.6,UPI
T501955-1053,501955,1053,2,3947.4,Wallet
T501956-1044,501956,1044,2,1603.1,Wallet
T501956-1067,501956,1067,3,4233.72,UPI
T501957-1034,501957,1034,1,945.04,Wallet
T501957-1048,501957,1048,2,1484.34,UPI
T501957-1026,501957,1026,3,1532.28,Cash
T501958-1085,501958,1085,3,258.3,Wallet
T501959-1088,501959,1088,1,1170.84,Cash
T501959-1001,501959,1001,3,5825.01,UPI
T501959-1019,501959,1019,1,2074.25,Cash
T501960-1006,501960,1006,3,7319.37,Card
T501960-1004,501960,1004,1,1752.5,Wallet
T501961-1052,501961,1052,2,96.36,Card
T501961-1022,501961,1022,4,3622.72,UPI
T501961-1064,501961,1064,1,1919.55,UPI
T501962-1041,501962,1041,3,3329.31,UPI
T501962-1012,501962,1012,4,9276.44,Cash
T501963-1075,501963,1075,1,174.01,Wallet
T501964-1027,501964,1027,3,3548.4,Cash
T501964-1005,501964,1005,4,1050.48,Cash
T501965-1071,501965,1071,3,1680.06,UPI
T501966-1072,501966,1072,1,1039.07,Wallet
T501966-1023,501966,1023,1,2427.62,Cash
T501966-1059,501966,1059,3,1125.9,UPI
T501967-1027,501967,1027,1,1182.8,Wallet
T501967-1080,501967,1080,3,5898.69,Card
T501967-1076,501967,1076,1,725.02,Cash
T501968-1009,501968,1009,2,692.88,UPI
T501968-1069,501968,1069,1,106.12,Wallet
T501968-1076,501968,1076,3,2175.06,Wallet
T501969-1040,501969,1040,4,6737.76,UPI
T501969-1002,501969,1002,2,2228.06,Card
T501970-1019,501970,1019,2,4148.5,Card
T501970-1010,501970,1010,2,2284.9,Wallet
T501970-1015,501970,1015,3,3375.69,Card
T501971-1033,501971,1033,1,834.79,Cash
T501971-1007,501971,1007,4,7640.08,Wallet
T501971-1061,501971,1061,1,1680.96,Wallet
T501972-1071,501972,1071,3,1680.06,Wallet
T501973-1070,501973,1070,2,2217.38,Cash
T501974-1054,501974,1054,2,3344.36,UPI
T501974-1064,501974,1064,3,5758.65,Cash
T501975-1025,501975,1025,4,7810.44,Wallet
T501975-1065,501975,1065,4,6391.0,UPI
T501976-1066,501976,1066,4,5589.36,Card
T501976-1004,501976,1004,3,5257.5,Wallet
T501977-1073,501977,1073,1,2137.91,Cash
T501977-1088,501977,1088,2,2341.68,Card
T501977-1067,501977,1067,1,1411.24,Cash
T501978-1063,501978,1063,4,5704.52,Card
T501978-1037,501978,1037,3,1052.73,Wallet
T501978-1030,501978,1030,1,1717.13,Wallet
T501979-1050,501979,1050,3,1125.57,Cash
T501979-1087,501979,1087,4,7256.92,Cash
T501980-1016,501980,1016,2,1182.56,Card
T501980-1030,501980,1030,1,1717.13,Wallet
T501981-1023,501981,1023,3,7282.86,Cash
T501981-1013,501981,1013,3,4861.05,UPI
T501981-1076,501981,1076,3,2175.06,Card
T501982-1007,501982,1007,1,1910.02,Wallet
T501982-1090,501982,1090,3,3802.74,Wallet
T501982-1086,501982,1086,3,757.26,Cash
T501983-1015,501983,1015,2,2250.46,Card
T501983-1045,501983,1045,3,6257.04,UPI
T501983-1014,501983,1014,4,8248.88,UPI
T501984-1055,501984,1055,2,3543.52,Card
T501984-1080,501984,1080,1,1966.23,UPI
T501984-1027,501984,1027,3,3548.4,Wallet
T501985-1086,501985,1086,3,757.26,Wallet
T501985-1069,501985,1069,4,424.48,UPI
T501986-1080,501986,1080,4,7864.92,Card
T501986-1041,501986,1041,4,4439.08,Wallet
T501987-1017,501987,1017,3,4199.46,Card
T501987-1076,501987,1076,1,725.02,Wallet
T501988-1054,501988,1054,2,3344.36,Card
T501989-1036,501989,1036,3,1493.97,Card
T501990-1040,501990,1040,3,5053.32,Card
T501990-1041,501990,1041,4,4439.08,Cash
T501990-1070,501990,1070,2,2217.38,UPI
T501991-1004,501991,1004,2,3505.0,Wallet
T501991-1005,501991,1005,3,787.86,Wallet
T501992-1077,501992,1077,2,1510.36,Cash
T501992-1010,501992,1010,1,1142.45,Card
T501993-1063,501993,1063,4,5704.52,UPI
T501993-1046,501993,1046,1,2017.77,Cash
T501994-1020,501994,1020,2,3180.42,Cash
T501994-1046,501994,1046,2,4035.54,UPI
T501994-1051,501994,1051,3,1571.31,Cash
T501995-1090,501995,1090,1,1267.58,Wallet
T501995-1060,501995,1060,1,312.89,Wallet
T501996-1049,501996,1049,3,5147.28,Wallet
T501996-1002,501996,1002,4,4456.12,UPI
T501997-1053,501997,1053,2,3947.4,Wallet
T501997-1090,501997,1090,1,1267.58,Card
T501997-1017,501997,1017,4,5599.28,UPI
T501998-1043,501998,1043,4,7038.6,Card
T501998-1070,501998,1070,2,2217.38,UPI
T501999-1042,501999,1042,4,8346.88,Card
T501999-1027,501999,1027,2,2365.6,UPI
T501999-1062,501999,1062,3,3580.83,Card
T502000-1013,502000,1013,3,4861.05,UPI
T502001-1083,502001,1083,2,4081.26,UPI
T502001-1063,502001,1063,4,5704.52,Cash
T502002-1063,502002,1063,2,2852.26,Card
T502002-1003,502002,1003,1,2150.74,Cash
T502002-1004,502002,1004,2,3505.0,Wallet
T502003-1039,502003,1039,3,1771.41,Card
T502003-1052,502003,1052,3,144.54,Wallet
T502003-1069,502003,1069,3,318.36,Cash
T502004-1058,502004,1058,2,2869.58,Wallet
T502005-1089,502005,1089,2,856.68,Cash
T502005-1001,502005,1001,4,7766.68,Card
T502005-1082,502005,1082,4,4135.12,Card
T502006-1006,502006,1006,2,4879.58,Wallet
T502006-1075,502006,1075,1,174.01,Card
T502006-1086,502006,1086,1,252.42,Card
T502007-1038,502007,1038,2,2409.98,Card
T502007-1030,502007,1030,1,1717.13,Wallet
T502008-1001,502008,1001,1,1941.67,Cash
T502008-1078,502008,1078,1,1664.93,Cash
T502008-1045,502008,1045,2,4171.36,Cash
T502009-1052,502009,1052,4,192.72,Wallet
T502009-1048,502009,1048,3,2226.51,Cash
T502009-1003,502009,1003,1,2150.74,Wallet
T502010-1031,502010,1031,2,3739.12,Card
T502010-1061,502010,1061,1,1680.96,Wallet
T502011-1026,502011,1026,1,510.76,UPI
T502011-1066,502011,1066,1,1397.34,UPI
T502012-1048,502012,1048,1,742.17,Wallet
T502012-1073,502012,1073,1,2137.91,Cash
T502012-1014,502012,1014,2,4124.44,Cash
T502013-1006,502013,1006,3,7319.37,Wallet
T502013-1026,502013,1026,2,1021.52,Cash
T502013-1070,502013,1070,1,1108.69,UPI
T502014-1018,502014,1018,4,750.52,Cash
T502014-1034,502014,1034,4,3780.16,Cash
T502014-1033,502014,1033,1,834.79,Card
T502015-1032,502015,1032,4,9679.0,Cash
T502015-1069,502015,1069,4,424.48,Card
T502015-1030,502015,1030,3,5151.39,Card
T502016-1041,502016,1041,4,4439.08,UPI
T502017-1083,502017,1083,4,8162.52,Wallet
T502018-1082,502018,1082,2,2067.56,Card
T502018-1088,502018,1088,3,3512.52,Cash
T502018-1087,502018,1087,1,1814.23,UPI
T502019-1078,502019,1078,3,4994.79,Cash
T502019-1089,502019,1089,2,856.68,Cash
T502020-1082,502020,1082,2,2067.56,Cash
T502020-1090,502020,1090,4,5070.32,Card
T502021-1068,502021,1068,4,3123.04,Wallet
T502021-1006,502021,1006,3,7319.37,UPI
T502021-1053,502021,1053,4,7894.8,Card
T502022-1087,502022,1087,1,1814.23,Card
T502023-1056,502023,1056,4,7833.6,Cash
T502024-1078,502024,1078,3,4994.79,Wallet
T502024-1015,502024,1015,2,2250.46,Cash
T502024-1083,502024,1083,1,2040.63,Cash
T502025-1035,502025,1035,3,3569.4,Cash
T502025-1015,502025,1015,2,2250.46,Wallet
T502025-1038,502025,1038,4,4819.96,Wallet
T502026-1049,502026,1049,1,1715.76,Wallet
T502026-1055,502026,1055,2,3543.52,Cash
T502026-1086,502026,1086,4,1009.68,UPI
T502027-1085,502027,1085,2,172.2,Cash
T502028-1046,502028,1046,1,2017.77,Card
T502028-1078,502028,1078,3,4994.79,Cash
T502029-1041,502029,1041,4,4439.08,Wallet
T502029-1008,502029,1008,4,7886.32,Wallet
T502029-1069,502029,1069,1,106.12,UPI
T502030-1079,502030,1079,1,1405.87,UPI
T502030-1024,502030,1024,2,4472.02,UPI
T502031-1049,502031,1049,4,6863.04,Cash
T502032-1038,502032,1038,4,4819.96,Card
T502033-1013,502033,1013,3,4861.05,Wallet
T502033-1088,502033,1088,4,4683.36,Card
T502034-1074,502034,1074,3,1823.49,Card
T502034-1076,502034,1076,2,1450.04,Cash
T502035-1062,502035,1062,3,3580.83,Card
T502036-1042,502036,1042,2,4173.44,Card
T502036-1069,502036,1069,3,318.36,Wallet
T502037-1089,502037,1089,4,1713.36,UPI
T502037-1016,502037,1016,2,1182.56,Wallet
T502038-1015,502038,1015,3,3375.69,UPI
T502039-1063,502039,1063,4,5704.52,Wallet
T502040-1089,502040,1089,1,428.34,Cash
T502040-1047,502040,1047,4,3948.28,Cash
T502040-1055,502040,1055,2,3543.52,Card
T502041-1050,502041,1050,2,750.38,UPI
T502041-1080,502041,1080,3,5898.69,UPI
T502041-1025,502041,1025,2,3905.22,Wallet
T502042-1023,502042,1023,3,7282.86,Wallet
T502043-1011,502043,1011,1,945.87,UPI
T502043-1089,502043,1089,1,428.34,UPI
T502043-1022,502043,1022,4,3622.72,Wallet
T502044-1010,502044,1010,3,3427.35,Wallet
T502044-1007,502044,1007,3,5730.06,Wallet
T502045-1068,502045,1068,3,2342.28,Wallet
T502045-1008,502045,1008,3,5914.74,Card
T502045-1081,502045,1081,3,5012.55,Wallet
T502046-1062,502046,1062,1,1193.61,Cash
T502047-1090,502047,1090,3,3802.74,Card
T502048-1056,502048,1056,3,5875.2,Card
T502048-1012,502048,1012,2,4638.22,Card
T502049-1089,502049,1089,3,1285.02,Card
T502050-1061,502050,1061,1,1680.96,Wallet
T502050-1010,502050,1010,4,4569.8,Wallet
T502051-1008,502051,1008,2,3943.16,Card
T502052-1015,502052,1015,2,2250.46,Card
T502052-1036,502052,1036,1,497.99,UPI
T502052-1063,502052,1063,3,4278.39,Wallet
T502053-1059,502053,1059,3,1125.9,Wallet
T502053-1068,502053,1068,4,3123.04,Cash
T502053-1082,502053,1082,1,1033.78,Wallet
T502054-1004,502054,1004,4,7010.0,UPI
T502055-1061,502055,1061,4,6723.84,Wallet
T502056-1016,502056,1016,4,2365.12,Card
T502057-1053,502057,1053,3,5921.1,Wallet
T502058-1072,502058,1072,2,2078.14,Cash
T502058-1049,502058,1049,4,6863.04,Wallet
T502059-1054,502059,1054,1,1672.18,Cash
T502059-1046,502059,1046,1,2017.77,Cash
T502060-1077,502060,1077,4,3020.72,Wallet
T502060-1044,502060,1044,4,3206.2,Wallet
T502061-1033,502061,1033,2,1669.58,Card
T502061-1071,502061,1071,2,1120.04,UPI
T502062-1015,502062,1015,4,4500.92,Card
T502063-1008,502063,1008,3,5914.74,Wallet
T502063-1052,502063,1052,1,48.18,Cash
T502064-1080,502064,1080,1,1966.23,Card
T502064-1063,502064,1063,3,4278.39,UPI
T502065-1021,502065,1021,2,3804.96,Card
T502065-1007,502065,1007,2,3820.04,Cash
T502066-1060,502066,1060,1,312.89,UPI
T502066-1071,502066,1071,4,2240.08,Card
T502067-1034,502067,1034,2,1890.08,Cash
T502067-1090,502067,1090,3,3802.74,Cash
T502068-1011,502068,1011,2,1891.74,UPI
T502068-1060,502068,1060,3,938.67,UPI
T502068-1046,502068,1046,3,6053.31,UPI
T502069-1071,502069,1071,4,2240.08,UPI
T502069-1029,502069,1029,2,822.2,UPI
T502069-1037,502069,1037,3,1052.73,Card
T502070-1060,502070,1060,4,1251.56,Wallet
T502070-1002,502070,1002,3,3342.09,Card
T502070-1018,502070,1018,2,375.26,UPI
T502071-1062,502071,1062,1,1193.61,Cash
T502071-1045,502071,1045,1,2085.68,Card
T502072-1084,502072,1084,4,1769.68,UPI
T502072-1048,502072,1048,3,2226.51,Card
T502072-1079,502072,1079,4,5623.48,Card
T502073-1003,502073,1003,2,4301.48,Card
T502073-1063,502073,1063,4,5704.52,Card
T502073-1071,502073,1071,2,1120.04,Card
T502074-1061,502074,1061,3,5042.88,UPI
T502074-1024,502074,1024,4,8944.04,UPI
T502074-1033,502074,1033,4,3339.16,Wallet
T502075-1045,502075,1045,1,2085.68,Cash
T502076-1044,502076,1044,4,3206.2,Cash
T502076-1087,502076,1087,2,3628.46,UPI
T502077-1048,502077,1048,3,2226.51,Cash
T502078-1068,502078,1068,2,1561.52,UPI
T502078-1009,502078,1009,1,346.44,Wallet
T502078-1059,502078,1059,3,1125.9,Wallet
T502079-1073,502079,1073,4,8551.64,Cash
T502079-1062,502079,1062,1,1193.61,Card
T502079-1022,502079,1022,4,3622.72,Wallet
T502080-1035,502080,1035,3,3569.4,UPI
T502080-1011,502080,1011,3,2837.61,UPI
T502080-1032,502080,1032,3,7259.25,Card
T502081-1058,502081,1058,4,5739.16,Cash
T502081-1054,502081,1054,3,5016.54,Card
T502082-1057,502082,1057,2,2327.04,Wallet
T502083-1040,502083,1040,4,6737.76,Card
T502083-1003,502083,1003,3,6452.22,UPI
T502084-1071,502084,1071,2,1120.04,Wallet
T502084-1039,502084,1039,3,1771.41,Wallet
T502085-1042,502085,1042,4,8346.88,UPI
T502085-1032,502085,1032,4,9679.0,Wallet
T502086-1052,502086,1052,4,192.72,Cash
T502086-1024,502086,1024,2,4472.02,Wallet
T502086-1077,502086,1077,3,2265.54,Wallet
T502087-1079,502087,1079,4,5623.48,Cash
T502087-1043,502087,1043,1,1759.65,Wallet
T502088-1034,502088,1034,4,3780.16,Wallet
T502088-1010,502088,1010,2,2284.9,Wallet
T502089-1015,502089,1015,3,3375.69,Wallet
T502089-1085,502089,1085,2,172.2,UPI
T502089-1006,502089,1006,4,9759.16,Card
T502090-1031,502090,1031,3,5608.68,Wallet
T502091-1047,502091,1047,1,987.07,Card
T502092-1048,502092,1048,3,2226.51,UPI
T502093-1066,502093,1066,2,2794.68,Cash
T502094-1055,502094,1055,4,7087.04,Card
T502095-1026,502095,1026,2,1021.52,Wallet
T502095-1027,502095,1027,1,1182.8,Card
T502096-1044,502096,1044,3,2404.65,Wallet
T502096-1034,502096,1034,3,2835.12,UPI
T502096-1068,502096,1068,1,780.76,Cash
T502097-1044,502097,1044,4,3206.2,Wallet
T502097-1090,502097,1090,1,1267.58,Cash
T502098-1046,502098,1046,1,2017.77,Cash
T502098-1077,502098,1077,1,755.18,Cash
T502098-1038,502098,1038,4,4819.96,UPI
T502099-1046,502099,1046,4,8071.08,UPI
T502100-1020,502100,1020,1,1590.21,UPI
T502100-1077,502100,1077,1,755.18,Wallet
T502101-1033,502101,1033,2,1669.58,Wallet
T502101-1015,502101,1015,4,4500.92,Wallet
T502101-1060,502101,1060,2,625.78,Card
T502102-1033,502102,1033,4,3339.16,Wallet
T502102-1089,502102,1089,2,856.68,Wallet
T502103-1028,502103,1028,1,138.2,Card
T502103-1066,502103,1066,4,5589.36,Wallet
T502104-1050,502104,1050,4,1500.76,Wallet
T502105-1054,502105,1054,1,1672.18,Wallet
T502105-1030,502105,1030,4,6868.52,Card
T502106-1043,502106,1043,1,1759.65,Card
T502106-1079,502106,1079,2,2811.74,Wallet
T502107-1029,502107,1029,1,411.1,Wallet
T502107-1027,502107,1027,3,3548.4,UPI
T502107-1019,502107,1019,2,4148.5,Cash
T502108-1004,502108,1004,3,5257.5,Cash
T502108-1047,502108,1047,2,1974.14,Cash
T502109-1072,502109,1072,3,3117.21,Cash
T502110-1073,502110,1073,1,2137.91,Wallet
T502110-1087,502110,1087,4,7256.92,Cash
T502110-1079,502110,1079,3,4217.61,UPI
T502111-1054,502111,1054,2,3344.36,UPI
T502111-1015,502111,1015,3,3375.69,Card
T502112-1057,502112,1057,4,4654.08,Wallet
T502112-1049,502112,1049,2,3431.52,UPI
T502113-1070,502113,1070,2,2217.38,Wallet
T502114-1040,502114,1040,3,5053.32,UPI
T502114-1012,502114,1012,4,9276.44,UPI
T502115-1067,502115,1067,2,2822.48,Wallet
T502115-1048,502115,1048,2,1484.34,Cash
T502116-1047,502116,1047,2,1974.14,Wallet
T502116-1006,502116,1006,4,9759.16,Card
T502117-1005,502117,1005,3,787.86,Wallet
T502117-1065,502117,1065,4,6391.0,Card
T502118-1081,502118,1081,4,6683.4,Cash
T502118-1044,502118,1044,4,3206.2,UPI
T502118-1052,502118,1052,4,192.72,UPI
T502119-1017,502119,1017,2,2799.64,UPI
T502119-1058,502119,1058,1,1434.79,Wallet
T502119-1074,502119,1074,2,1215.66,Wallet
T502120-1007,502120,1007,4,7640.08,UPI
T502121-1011,502121,1011,3,2837.61,Cash
T502121-1045,502121,1045,4,8342.72,Card
T502121-1031,502121,1031,4,7478.24,Cash
T502122-1027,502122,1027,2,2365.6,Cash
T502122-1032,502122,1032,1,2419.75,Card
T502123-1048,502123,1048,4,2968.68,Card
T502123-1074,502123,1074,3,1823.49,Wallet
T502123-1024,502123,1024,4,8944.04,Wallet
T502124-1049,502124,1049,4,6863.04,Cash
T502125-1052,502125,1052,1,48.18,UPI
T502126-1086,502126,1086,2,504.84,Card
T502127-1081,502127,1081,4,6683.4,Cash
T502128-1038,502128,1038,4,4819.96,UPI
T502128-1010,502128,1010,4,4569.8,Cash
T502128-1089,502128,1089,4,1713.36,UPI
T502129-1036,502129,1036,3,1493.97,Card
T502129-1041,502129,1041,3,3329.31,UPI
T502129-1086,502129,1086,3,757.26,Cash
T502130-1032,502130,1032,1,2419.75,Cash
T502131-1018,502131,1018,4,750.52,Card
T502131-1050,502131,1050,2,750.38,Card
T502132-1069,502132,1069,1,106.12,Card
T502132-1070,502132,1070,3,3326.07,Cash
T502132-1022,502132,1022,2,1811.36,Card
T502133-1083,502133,1083,4,8162.52,Cash
T502133-1076,502133,1076,3,2175.06,Card
T502133-1003,502133,1003,1,2150.74,UPI
T502134-1031,502134,1031,3,5608.68,Card
T502134-1074,502134,1074,2,1215.66,Cash
T502135-1073,502135,1073,1,2137.91,Wallet
T502135-1067,502135,1067,3,4233.72,UPI
T502135-1048,502135,1048,2,1484.34,Wallet
T502136-1040,502136,1040,4,6737.76,Wallet
T502137-1065,502137,1065,4,6391.0,Wallet
T502137-1082,502137,1082,2,2067.56,UPI
T502138-1008,502138,1008,1,1971.58,UPI
T502138-1070,502138,1070,3,3326.07,Cash
T502138-1033,502138,1033,1,834.79,Wallet
T502139-1078,502139,1078,1,1664.93,UPI
T502140-1055,502140,1055,2,3543.52,Card
T502140-1047,502140,1047,2,1974.14,Wallet
T502141-1023,502141,1023,1,2427.62,UPI
T502141-1089,502141,1089,2,856.68,Card
T502142-1062,502142,1062,1,1193.61,Card
T502142-1040,502142,1040,3,5053.32,UPI
T502142-1009,502142,1009,1,346.44,Wallet
T502143-1020,502143,1020,1,1590.21,Wallet
T502143-1067,502143,1067,4,5644.96,UPI
T502143-1049,502143,1049,3,5147.28,Wallet
T502144-1005,502144,1005,2,525.24,UPI
T502144-1063,502144,1063,2,2852.26,Wallet
T502145-1002,502145,1002,1,1114.03,Cash
T502145-1053,502145,1053,1,1973.7,UPI
T502146-1061,502146,1061,1,1680.96,Cash
T502146-1069,502146,1069,2,212.24,Card
T502147-1068,502147,1068,1,780.76,Card
T502147-1052,502147,1052,3,144.54,Wallet
T502148-1082,502148,1082,2,2067.56,Card
T502148-1076,502148,1076,3,2175.06,Card
T502149-1021,502149,1021,4,7609.92,Card
T502150-1022,502150,1022,4,3622.72,Cash
T502150-1073,502150,1073,4,8551.64,UPI
T502150-1087,502150,1087,1,1814.23,UPI
T502151-1072,502151,1072,4,4156.28,Cash
T502152-1083,502152,1083,1,2040.63,UPI
T502152-1053,502152,1053,3,5921.1,Cash
T502153-1090,502153,1090,4,5070.32,Cash
T502153-1063,502153,1063,1,1426.13,UPI
T502154-1090,502154,1090,2,2535.16,Cash
T502154-1003,502154,1003,1,2150.74,UPI
T502154-1023,502154,1023,2,4855.24,Wallet
T502155-1009,502155,1009,2,692.88,UPI
T502155-1068,502155,1068,2,1561.52,Card
T502156-1015,502156,1015,1,1125.23,Wallet
T502156-1025,502156,1025,3,5857.83,UPI
T502157-1025,502157,1025,3,5857.83,UPI
T502157-1046,502157,1046,4,8071.08,Card
T502158-1080,502158,1080,4,7864.92,Card
T502158-1012,502158,1012,1,2319.11,Card
T502159-1042,502159,1042,4,8346.88,Card
T502159-1089,502159,1089,1,428.34,Card
T502160-1038,502160,1038,1,1204.99,UPI
T502160-1069,502160,1069,2,212.24,Cash
T502161-1018,502161,1018,2,375.26,Card
T502162-1049,502162,1049,4,6863.04,Card
T502162-1069,502162,1069,4,424.48,Card
T502162-1078,502162,1078,1,1664.93,Wallet
T502163-1020,502163,1020,1,1590.21,Card
T502163-1046,502163,1046,2,4035.54,Cash
T502163-1068,502163,1068,1,780.76,UPI
T502164-1038,502164,1038,4,4819.96,Card
T502164-1005,502164,1005,1,262.62,Cash
T502164-1089,502164,1089,2,856.68,Card
T502165-1024,502165,1024,4,8944.04,Card
T502165-1009,502165,1009,3,1039.32,Card
T502166-1029,502166,1029,4,1644.4,Card
T502166-1062,502166,1062,2,2387.22,Card
T502166-1071,502166,1071,4,2240.08,Wallet
T502167-1032,502167,1032,1,2419.75,Wallet
T502167-1074,502167,1074,2,1215.66,UPI
T502167-1029,502167,1029,4,1644.4,Card
T502168-1048,502168,1048,2,1484.34,Wallet
T502169-1045,502169,1045,4,8342.72,UPI
T502169-1018,502169,1018,3,562.89,Wallet
T502169-1050,502169,1050,3,1125.57,UPI
T502170-1066,502170,1066,3,4192.02,Cash
T502171-1024,502171,1024,2,4472.02,Cash
T502172-1018,502172,1018,1,187.63,UPI
T502172-1079,502172,1079,2,2811.74,UPI
T502173-1057,502173,1057,2,2327.04,Card
T502173-1034,502173,1034,4,3780.16,UPI
T502174-1033,502174,1033,3,2504.37,UPI
T502174-1064,502174,1064,2,3839.1,Card
T502175-1049,502175,1049,3,5147.28,Wallet
T502176-1066,502176,1066,2,2794.68,Wallet
T502176-1053,502176,1053,1,1973.7,Card
T502177-1087,502177,1087,2,3628.46,Card
T502178-1081,502178,1081,1,1670.85,UPI
T502178-1001,502178,1001,2,3883.34,Wallet
T502178-1080,502178,1080,2,3932.46,Cash
T502179-1031,502179,1031,4,7478.24,Card
T502180-1057,502180,1057,2,2327.04,Card
T502180-1016,502180,1016,2,1182.56,Cash
T502180-1085,502180,1085,2,172.2,UPI
T502181-1039,502181,1039,4,2361.88,Wallet
T502182-1054,502182,1054,1,1672.18,Card
T502182-1078,502182,1078,4,6659.72,Cash
T502182-1071,502182,1071,1,560.02,UPI
T502183-1088,502183,1088,1,1170.84,Wallet
T502183-1066,502183,1066,1,1397.34,Wallet
T502184-1045,502184,1045,2,4171.36,Card
T502184-1090,502184,1090,4,5070.32,Wallet
T502184-1048,502184,1048,3,2226.51,UPI
T502185-1078,502185,1078,3,4994.79,Card
T502185-1049,502185,1049,4,6863.04,Cash
T502185-1030,502185,1030,2,3434.26,Wallet
T502186-1035,502186,1035,2,2379.6,UPI
T502186-1038,502186,1038,3,3614.97,Cash
T502187-1008,502187,1008,3,5914.74,UPI
T502187-1056,502187,1056,2,3916.8,Wallet
T502187-1054,502187,1054,2,3344.36,Cash
T502188-1018,502188,1018,1,187.63,UPI
T502188-1011,502188,1011,4,3783.48,Wallet
T502189-1065,502189,1065,1,1597.75,Cash
T502189-1019,502189,1019,2,4148.5,Wallet
T502190-1004,502190,1004,3,5257.5,Wallet
T502190-1090,502190,1090,1,1267.58,Cash
T502190-1030,502190,1030,1,1717.13,Cash
T502191-1051,502191,1051,4,2095.08,Card
T502191-1073,502191,1073,2,4275.82,Cash
T502192-1089,502192,1089,1,428.34,UPI
T502193-1040,502193,1040,3,5053.32,Cash
T502193-1080,502193,1080,3,5898.69,Card
T502193-1082,502193,1082,4,4135.12,UPI
T502194-1069,502194,1069,1,106.12,Wallet
T502194-1034,502194,1034,2,1890.08,Cash
T502195-1036,502195,1036,4,1991.96,Wallet
T502195-1074,502195,1074,2,1215.66,UPI
T502195-1016,502195,1016,2,1182.56,UPI
T502196-1047,502196,1047,4,3948.28,UPI
T502196-1035,502196,1035,4,4759.2,Card
T502197-1059,502197,1059,3,1125.9,Cash
T502197-1078,502197,1078,4,6659.72,Cash
T502198-1018,502198,1018,2,375.26,UPI
T502198-1047,502198,1047,4,3948.28,Cash
T502198-1046,502198,1046,3,6053.31,Wallet
T502199-1036,502199,1036,1,497.99,Wallet
T502199-1084,502199,1084,3,1327.26,Wallet
T502199-1043,502199,1043,1,1759.65,Cash
T502200-1081,502200,1081,4,6683.4,Cash
T502201-1060,502201,1060,2,625.78,Wallet
T502202-1037,502202,1037,2,701.82,Wallet
T502203-1089,502203,1089,4,1713.36,Cash
T502204-1020,502204,1020,1,1590.21,Wallet
T502205-1066,502205,1066,1,1397.34,Wallet
T502205-1029,502205,1029,2,822.2,Wallet
T502205-1052,502205,1052,4,192.72,UPI
T502206-1066,502206,1066,1,1397.34,UPI
T502206-1013,502206,1013,3,4861.05,UPI
T502207-1035,502207,1035,1,1189.8,Card
T502207-1025,502207,1025,1,1952.61,UPI
T502208-1024,502208,1024,2,4472.02,Card
T502209-1004,502209,1004,1,1752.5,Cash
T502210-1003,502210,1003,1,2150.74,Wallet
T502210-1004,502210,1004,3,5257.5,UPI
T502210-1071,502210,1071,1,560.02,Cash
T502211-1053,502211,1053,2,3947.4,UPI
T502211-1069,502211,1069,4,424.48,Cash
T502211-1047,502211,1047,4,3948.28,Card
T502212-1082,502212,1082,1,1033.78,Wallet
T502212-1076,502212,1076,1,725.02,Cash
T502212-1055,502212,1055,3,5315.28,UPI
T502213-1046,502213,1046,3,6053.31,Wallet
T502213-1074,502213,1074,2,1215.66,UPI
T502213-1007,502213,1007,1,1910.02,UPI
T502214-1069,502214,1069,1,106.12,UPI
T502214-1038,502214,1038,3,3614.97,Card
T502214-1077,502214,1077,1,755.18,Cash
T502215-1052,502215,1052,4,192.72,Cash
T502215-1082,502215,1082,2,2067.56,UPI
T502216-1076,502216,1076,2,1450.04,Wallet
T502216-1067,502216,1067,3,4233.72,UPI
T502217-1070,502217,1070,4,4434.76,Card
T502217-1061,502217,1061,1,1680.96,Cash
T502217-1041,502217,1041,1,1109.77,Cash
T502218-1065,502218,1065,2,3195.5,UPI
T502218-1015,502218,1015,2,2250.46,Wallet
T502219-1051,502219,1051,3,1571.31,Wallet
T502219-1076,502219,1076,1,725.02,UPI
T502219-1015,502219,1015,4,4500.92,UPI
T502220-1086,502220,1086,4,1009.68,Cash
T502220-1054,502220,1054,3,5016.54,Cash
T502221-1024,502221,1024,3,6708.03,Card
T502222-1063,502222,1063,2,2852.26,Wallet
T502223-1010,502223,1010,3,3427.35,Card
T502223-1033,502223,1033,3,2504.37,Cash
T502224-1069,502224,1069,3,318.36,Wallet
T502225-1048,502225,1048,3,2226.51,Card
T502225-1012,502225,1012,3,6957.33,Cash
T502225-1085,502225,1085,3,258.3,Cash
T502226-1036,502226,1036,1,497.99,Wallet
T502226-1070,502226,1070,1,1108.69,Wallet
T502226-1068,502226,1068,4,3123.04,Wallet
T502227-1041,502227,1041,4,4439.08,Cash
T502227-1073,502227,1073,4,8551.64,Card
T502227-1089,502227,1089,3,1285.02,Wallet
T502228-1069,502228,1069,1,106.12,Cash
T502229-1090,502229,1090,4,5070.32,UPI
T502230-1058,502230,1058,4,5739.16,Card
T502231-1040,502231,1040,1,1684.44,Card
T502231-1031,502231,1031,2,3739.12,UPI
T502231-1041,502231,1041,2,2219.54,UPI
T502232-1066,502232,1066,1,1397.34,Card
T502233-1066,502233,1066,4,5589.36,UPI
T502233-1008,502233,1008,1,1971.58,Wallet
T502233-1002,502233,1002,3,3342.09,Cash
T502234-1036,502234,1036,3,1493.97,Cash
T502235-1011,502235,1011,1,945.87,Wallet
T502235-1090,502235,1090,2,2535.16,UPI
T502236-1006,502236,1006,1,2439.79,UPI
T502236-1057,502236,1057,4,4654.08,Cash
T502236-1014,502236,1014,4,8248.88,Cash
T502237-1020,502237,1020,3,4770.63,UPI
T502237-1088,502237,1088,4,4683.36,Card
T502238-1067,502238,1067,4,5644.96,Cash
T502239-1055,502239,1055,4,7087.04,Cash
T502240-1059,502240,1059,1,375.3,Wallet
T502241-1037,502241,1037,3,1052.73,Card
T502241-1013,502241,1013,4,6481.4,Wallet
T502241-1051,502241,1051,4,2095.08,Card
T502242-1044,502242,1044,2,1603.1,Cash
T502243-1016,502243,1016,4,2365.12,Card
T502243-1056,502243,1056,1,1958.4,Wallet
T502244-1090,502244,1090,2,2535.16,Card
T502245-1008,502245,1008,2,3943.16,Card
T502246-1057,502246,1057,2,2327.04,Wallet
T502246-1044,502246,1044,4,3206.2,Cash
T502247-1071,502247,1071,4,2240.08,UPI
T502247-1038,502247,1038,3,3614.97,Cash
T502248-1015,502248,1015,2,2250.46,Cash
T502248-1043,502248,1043,3,5278.95,Card
T502249-1051,502249,1051,4,2095.08,Card
T502249-1005,502249,1005,4,1050.48,Card
T502250-1078,502250,1078,2,3329.86,Card
T502251-1040,502251,1040,2,3368.88,Cash
T502251-1024,502251,1024,3,6708.03,Wallet
T502252-1083,502252,1083,2,4081.26,UPI
T502252-1042,502252,1042,2,4173.44,UPI
T502253-1049,502253,1049,3,5147.28,UPI
T502254-1004,502254,1004,3,5257.5,UPI
T502254-1041,502254,1041,2,2219.54,Card
T502255-1059,502255,1059,3,1125.9,Card
T502256-1070,502256,1070,1,1108.69,UPI
T502257-1009,502257,1009,4,1385.76,Wallet
T502258-1064,502258,1064,3,5758.65,Card
T502258-1083,502258,1083,4,8162.52,Wallet
T502259-1011,502259,1011,3,2837.61,UPI
T502259-1047,502259,1047,2,1974.14,Wallet
T502259-1089,502259,1089,2,856.68,Cash
T502260-1027,502260,1027,1,1182.8,UPI
T502261-1011,502261,1011,1,945.87,Wallet
T502261-1081,502261,1081,2,3341.7,Cash
T502262-1068,502262,1068,4,3123.04,Card
T502262-1026,502262,1026,2,1021.52,UPI
T502262-1001,502262,1001,3,5825.01,Card
T502263-1052,502263,1052,4,192.72,Card
T502263-1076,502263,1076,2,1450.04,Wallet
T502264-1080,502264,1080,4,7864.92,UPI
T502264-1071,502264,1071,4,2240.08,Wallet
T502265-1014,502265,1014,1,2062.22,Card
T502266-1011,502266,1011,3,2837.61,Wallet
T502266-1042,502266,1042,2,4173.44,Card
T502266-1004,502266,1004,1,1752.5,Wallet
T502267-1054,502267,1054,4,6688.72,Cash
T502268-1064,502268,1064,3,5758.65,Cash
T502268-1016,502268,1016,2,1182.56,Cash
T502269-1034,502269,1034,1,945.04,Card
T502269-1044,502269,1044,1,801.55,UPI
T502269-1019,502269,1019,4,8297.0,UPI
T502270-1029,502270,1029,1,411.1,Wallet
T502271-1010,502271,1010,2,2284.9,Card
T502271-1071,502271,1071,3,1680.06,Card
T502271-1072,502271,1072,2,2078.14,Wallet
T502272-1044,502272,1044,2,1603.1,Wallet
T502273-1010,502273,1010,4,4569.8,Wallet
T502273-1014,502273,1014,1,2062.22,Cash
T502274-1044,502274,1044,3,2404.65,UPI
T502274-1084,502274,1084,3,1327.26,Card
T502275-1074,502275,1074,2,1215.66,Wallet
T502276-1044,502276,1044,2,1603.1,Cash
T502277-1023,502277,1023,1,2427.62,UPI
T502278-1078,502278,1078,2,3329.86,UPI
T502278-1053,502278,1053,1,1973.7,Wallet
T502279-1048,502279,1048,4,2968.68,UPI
T502279-1040,502279,1040,2,3368.88,UPI
T502280-1063,502280,1063,3,4278.39,Wallet
T502281-1016,502281,1016,3,1773.84,Wallet
T502282-1074,502282,1074,3,1823.49,Card
T502282-1081,502282,1081,4,6683.4,Wallet
T502282-1070,502282,1070,3,3326.07,Card
T502283-1089,502283,1089,2,856.68,Cash
T502283-1037,502283,1037,2,701.82,Wallet
T502283-1020,502283,1020,2,3180.42,Card
T502284-1087,502284,1087,1,1814.23,UPI
T502284-1026,502284,1026,2,1021.52,Wallet
T502284-1059,502284,1059,2,750.6,Wallet
T502285-1061,502285,1061,1,1680.96,Wallet
T502285-1088,502285,1088,4,4683.36,Wallet
T502285-1037,502285,1037,2,701.82,UPI
T502286-1078,502286,1078,4,6659.72,UPI
T502286-1076,502286,1076,3,2175.06,UPI
T502287-1053,502287,1053,1,1973.7,Cash
T502287-1086,502287,1086,4,1009.68,UPI
T502287-1005,502287,1005,3,787.86,Wallet
T502288-1044,502288,1044,1,801.55,Wallet
T502289-1047,502289,1047,2,1974.14,Cash
T502289-1090,502289,1090,2,2535.16,Cash
T502290-1084,502290,1084,3,1327.26,UPI
T502290-1085,502290,1085,1,86.1,Cash
T502290-1045,502290,1045,4,8342.72,Wallet
T502291-1081,502291,1081,4,6683.4,Card
T502292-1043,502292,1043,1,1759.65,Card
T502292-1061,502292,1061,1,1680.96,Wallet
T502293-1019,502293,1019,2,4148.5,Wallet
T502293-1023,502293,1023,2,4855.24,Card
T502294-1067,502294,1067,2,2822.48,Wallet
T502294-1032,502294,1032,4,9679.0,Cash
T502295-1042,502295,1042,3,6260.16,Card
T502295-1089,502295,1089,4,1713.36,UPI
T502296-1039,502296,1039,4,2361.88,UPI
T502297-1041,502297,1041,1,1109.77,Card
T502297-1050,502297,1050,3,1125.57,Cash
T502297-1001,502297,1001,1,1941.67,Card
T502298-1047,502298,1047,1,987.07,Wallet
T502298-1066,502298,1066,4,5589.36,Wallet
T502299-1019,502299,1019,1,2074.25,Wallet
T502299-1059,502299,1059,3,1125.9,Cash
T502299-1042,502299,1042,2,4173.44,Card
T502300-1050,502300,1050,3,1125.57,UPI
T502300-1090,502300,1090,2,2535.16,Wallet
T502300-1068,502300,1068,3,2342.28,Cash
T502301-1014,502301,1014,2,4124.44,Card
T502302-1050,502302,1050,4,1500.76,Cash
T502303-1071,502303,1071,2,1120.04,UPI
T502304-1020,502304,1020,3,4770.63,UPI
T502304-1061,502304,1061,2,3361.92,Card
T502305-1031,502305,1031,4,7478.24,UPI
T502305-1059,502305,1059,3,1125.9,Wallet
T502305-1049,502305,1049,1,1715.76,Cash
T502306-1046,502306,1046,1,2017.77,UPI
T502306-1054,502306,1054,2,3344.36,Wallet
T502307-1017,502307,1017,1,1399.82,UPI
T502307-1003,502307,1003,2,4301.48,Cash
T502308-1016,502308,1016,1,591.28,Card
T502309-1051,502309,1051,1,523.77,UPI
T502309-1014,502309,1014,3,6186.66,Cash
T502309-1018,502309,1018,1,187.63,Card
T502310-1005,502310,1005,1,262.62,Wallet
T502311-1027,502311,1027,4,4731.2,Card
T502311-1060,502311,1060,1,312.89,Card
T502312-1051,502312,1051,1,523.77,Cash
T502312-1049,502312,1049,4,6863.04,Wallet
T502313-1089,502313,1089,2,856.68,Cash
T502313-1010,502313,1010,4,4569.8,Cash
T502313-1064,502313,1064,1,1919.55,Wallet
T502314-1012,502314,1012,2,4638.22,Card
T502314-1003,502314,1003,4,8602.96,Wallet
T502314-1057,502314,1057,4,4654.08,Cash
T502315-1052,502315,1052,2,96.36,UPI
T502315-1013,502315,1013,1,1620.35,Wallet
T502316-1083,502316,1083,3,6121.89,UPI
T502317-1038,502317,1038,1,1204.99,Wallet
T502318-1079,502318,1079,4,5623.48,UPI
T502318-1058,502318,1058,3,4304.37,Cash
T502318-1027,502318,1027,4,4731.2,UPI
T502319-1076,502319,1076,2,1450.04,Wallet
T502320-1045,502320,1045,1,2085.68,Wallet
T502320-1030,502320,1030,4,6868.52,Card
T502320-1027,502320,1027,1,1182.8,Wallet
T502321-1018,502321,1018,3,562.89,Cash
T502321-1039,502321,1039,3,1771.41,UPI
T502322-1066,502322,1066,4,5589.36,Card
T502322-1090,502322,1090,1,1267.58,Cash
T502322-1046,502322,1046,4,8071.08,Wallet
T502323-1031,502323,1031,4,7478.24,Cash
T502323-1019,502323,1019,3,6222.75,Card
T502323-1082,502323,1082,4,4135.12,Wallet
T502324-1013,502324,1013,4,6481.4,Wallet
T502325-1045,502325,1045,3,6257.04,UPI
T502326-1087,502326,1087,1,1814.23,UPI
T502326-1020,502326,1020,3,4770.63,Wallet
T502327-1073,502327,1073,4,8551.64,UPI
T502327-1083,502327,1083,3,6121.89,Wallet
T502327-1088,502327,1088,1,1170.84,Wallet
T502328-1020,502328,1020,2,3180.42,Card
T502329-1018,502329,1018,1,187.63,Cash
T502329-1014,502329,1014,4,8248.88,UPI
T502330-1058,502330,1058,1,1434.79,Cash
T502331-1041,502331,1041,1,1109.77,UPI
T502331-1055,502331,1055,3,5315.28,UPI
T502332-1045,502332,1045,1,2085.68,Card
T502332-1036,502332,1036,1,497.99,Wallet
T502333-1023,502333,1023,3,7282.86,Wallet
T502333-1004,502333,1004,1,1752.5,Cash
T502333-1025,502333,1025,4,7810.44,UPI
T502334-1016,502334,1016,4,2365.12,Cash
T502334-1032,502334,1032,1,2419.75,Cash
T502335-1035,502335,1035,4,4759.2,Wallet
T502335-1036,502335,1036,2,995.98,UPI
T502336-1018,502336,1018,1,187.63,Wallet
T502337-1084,502337,1084,3,1327.26,UPI
T502337-1004,502337,1004,3,5257.5,Cash
T502338-1048,502338,1048,3,2226.51,Cash
T502338-1053,502338,1053,4,7894.8,UPI
T502338-1044,502338,1044,3,2404.65,Wallet
T502339-1039,502339,1039,1,590.47,Wallet
T502339-1049,502339,1049,4,6863.04,UPI
T502339-1087,502339,1087,4,7256.92,Card
T502340-1074,502340,1074,4,2431.32,Cash
T502340-1017,502340,1017,1,1399.82,Cash
T502340-1083,502340,1083,3,6121.89,Cash
T502341-1015,502341,1015,4,4500.92,UPI
T502341-1035,502341,1035,3,3569.4,Wallet
T502342-1053,502342,1053,2,3947.4,Cash
T502342-1021,502342,1021,1,1902.48,UPI
T502343-1041,502343,1041,3,3329.31,UPI
T502343-1021,502343,1021,4,7609.92,Card
T502343-1056,502343,1056,1,1958.4,UPI
T502344-1030,502344,1030,1,1717.13,Cash
T502344-1034,502344,1034,2,1890.08,UPI
T502344-1018,502344,1018,4,750.52,UPI
T502345-1029,502345,1029,4,1644.4,Card
T502345-1021,502345,1021,3,5707.44,Wallet
T502345-1003,502345,1003,2,4301.48,Wallet
T502346-1024,502346,1024,4,8944.04,UPI
T502346-1007,502346,1007,4,7640.08,UPI
T502347-1048,502347,1048,1,742.17,UPI
T502348-1011,502348,1011,2,1891.74,UPI
T502348-1054,502348,1054,3,5016.54,Wallet
T502348-1006,502348,1006,3,7319.37,Card
T502349-1030,502349,1030,2,3434.26,Card
T502349-1055,502349,1055,2,3543.52,Card
T502349-1043,502349,1043,1,1759.65,Card
T502350-1029,502350,1029,2,822.2,UPI
T502351-1061,502351,1061,4,6723.84,Cash
T502352-1085,502352,1085,4,344.4,Wallet
T502352-1090,502352,1090,3,3802.74,Card
T502352-1059,502352,1059,1,375.3,Card
T502353-1047,502353,1047,4,3948.28,UPI
T502353-1057,502353,1057,2,2327.04,Cash
T502354-1007,502354,1007,3,5730.06,UPI
T502355-1039,502355,1039,2,1180.94,UPI
T502355-1070,502355,1070,1,1108.69,Wallet
T502355-1042,502355,1042,1,2086.72,Wallet
T502356-1067,502356,1067,4,5644.96,Card
T502356-1017,502356,1017,1,1399.82,Wallet
T502356-1057,502356,1057,3,3490.56,Cash
T502357-1067,502357,1067,1,1411.24,Wallet
T502357-1070,502357,1070,1,1108.69,Card
T502358-1037,502358,1037,2,701.82,Wallet
T502358-1074,502358,1074,2,1215.66,Card
T502358-1045,502358,1045,3,6257.04,Wallet
T502359-1021,502359,1021,2,3804.96,UPI
T502359-1030,502359,1030,3,5151.39,Wallet
T502359-1035,502359,1035,2,2379.6,UPI
T502360-1054,502360,1054,2,3344.36,Cash
T502360-1030,502360,1030,1,1717.13,Wallet
T502361-1074,502361,1074,1,607.83,Card
T502362-1009,502362,1009,4,1385.76,Wallet
T502362-1041,502362,1041,2,2219.54,UPI
T502363-1086,502363,1086,4,1009.68,Wallet
T502364-1070,502364,1070,3,3326.07,Card
T502364-1063,502364,1063,3,4278.39,Card
T502364-1056,502364,1056,2,3916.8,UPI
T502365-1066,502365,1066,4,5589.36,Wallet
T502365-1043,502365,1043,2,3519.3,UPI
T502365-1010,502365,1010,3,3427.35,UPI
T502366-1032,502366,1032,4,9679.0,Cash
T502366-1037,502366,1037,2,701.82,Cash
T502367-1064,502367,1064,3,5758.65,Cash
T502367-1043,502367,1043,3,5278.95,Wallet
T502367-1085,502367,1085,3,258.3,Wallet
T502368-1066,502368,1066,2,2794.68,UPI
T502369-1075,502369,1075,4,696.04,Card
T502370-1038,502370,1038,2,2409.98,Card
T502371-1016,502371,1016,1,591.28,Wallet
T502371-1030,502371,1030,1,1717.13,Cash
T502371-1010,502371,1010,1,1142.45,Wallet
T502372-1073,502372,1073,1,2137.91,Cash
T502372-1060,502372,1060,3,938.67,Card
T502372-1037,502372,1037,2,701.82,Wallet
T502373-1084,502373,1084,3,1327.26,UPI
T502374-1076,502374,1076,3,2175.06,UPI
T502375-1084,502375,1084,1,442.42,Cash
T502376-1015,502376,1015,1,1125.23,UPI
T502376-1004,502376,1004,4,7010.0,Wallet
T502376-1074,502376,1074,4,2431.32,Wallet
T502377-1043,502377,1043,1,1759.65,UPI
T502377-1035,502377,1035,4,4759.2,Card
T502378-1061,502378,1061,2,3361.92,UPI
T502379-1041,502379,1041,4,4439.08,Wallet
T502379-1056,502379,1056,2,3916.8,Cash
T502380-1052,502380,1052,3,144.54,Wallet
T502381-1078,502381,1078,3,4994.79,UPI
T502382-1037,502382,1037,2,701.82,Card
T502382-1018,502382,1018,2,375.26,Cash
T502382-1041,502382,1041,4,4439.08,Wallet
T502383-1051,502383,1051,1,523.77,Card
T502383-1082,502383,1082,1,1033.78,UPI
T502384-1018,502384,1018,2,375.26,UPI
T502384-1010,502384,1010,1,1142.45,Wallet
T502384-1051,502384,1051,1,523.77,Card
T502385-1048,502385,1048,1,742.17,UPI
T502385-1079,502385,1079,2,2811.74,Wallet
T502385-1078,502385,1078,3,4994.79,Card
T502386-1073,502386,1073,4,8551.64,UPI
T502387-1048,502387,1048,4,2968.68,Wallet
T502387-1022,502387,1022,4,3622.72,Wallet
T502388-1027,502388,1027,3,3548.4,Card
T502388-1029,502388,1029,3,1233.3,UPI
T502389-1001,502389,1001,4,7766.68,UPI
T502390-1004,502390,1004,2,3505.0,Cash
T502390-1061,502390,1061,1,1680.96,UPI
T502390-1011,502390,1011,2,1891.74,Cash
T502391-1026,502391,1026,1,510.76,Card
T502392-1058,502392,1058,1,1434.79,Wallet
T502393-1090,502393,1090,3,3802.74,Card
T502394-1086,502394,1086,4,1009.68,Cash
T502395-1082,502395,1082,2,2067.56,UPI
T502396-1003,502396,1003,1,2150.74,UPI
T502396-1007,502396,1007,4,7640.08,UPI
T502396-1034,502396,1034,1,945.04,Cash
T502397-1087,502397,1087,1,1814.23,Cash
T502398-1017,502398,1017,1,1399.82,UPI
T502398-1003,502398,1003,2,4301.48,Card
T502398-1065,502398,1065,1,1597.75,Card
T502399-1020,502399,1020,2,3180.42,UPI
T502399-1060,502399,1060,1,312.89,UPI
T502399-1088,502399,1088,3,3512.52,UPI
T502400-1001,502400,1001,1,1941.67,Wallet
T502401-1056,502401,1056,2,3916.8,UPI
T502402-1009,502402,1009,2,692.88,Wallet
T502403-1073,502403,1073,1,2137.91,UPI
T502403-1063,502403,1063,2,2852.26,Cash
T502404-1072,502404,1072,1,1039.07,Cash
T502404-1011,502404,1011,4,3783.48,UPI
T502404-1010,502404,1010,1,1142.45,Wallet
T502405-1063,502405,1063,1,1426.13,Wallet
T502405-1076,502405,1076,4,2900.08,UPI
T502405-1021,502405,1021,1,1902.48,Cash
T502406-1015,502406,1015,3,3375.69,Card
T502406-1035,502406,1035,3,3569.4,Card
T502406-1069,502406,1069,3,318.36,Cash
T502407-1005,502407,1005,2,525.24,UPI
T502408-1026,502408,1026,2,1021.52,Card
T502409-1016,502409,1016,4,2365.12,Cash
T502410-1003,502410,1003,4,8602.96,Wallet
T502410-1033,502410,1033,1,834.79,Card
T502411-1078,502411,1078,1,1664.93,Cash
T502412-1052,502412,1052,4,192.72,Card
T502413-1060,502413,1060,3,938.67,UPI
T502414-1048,502414,1048,3,2226.51,UPI
T502415-1040,502415,1040,3,5053.32,UPI
T502415-1013,502415,1013,3,4861.05,UPI
T502416-1085,502416,1085,2,172.2,UPI
T502416-1073,502416,1073,4,8551.64,Card
T502417-1083,502417,1083,1,2040.63,Wallet
T502417-1063,502417,1063,1,1426.13,Cash
T502417-1043,502417,1043,4,7038.6,Wallet
T502418-1078,502418,1078,2,3329.86,Card
T502418-1085,502418,1085,4,344.4,UPI
T502418-1058,502418,1058,1,1434.79,UPI
T502419-1047,502419,1047,4,3948.28,Wallet
T502420-1070,502420,1070,1,1108.69,Wallet
T502420-1041,502420,1041,4,4439.08,Cash
T502420-1067,502420,1067,1,1411.24,Card
T502421-1049,502421,1049,2,3431.52,UPI
T502421-1044,502421,1044,3,2404.65,Card
T502421-1037,502421,1037,2,701.82,UPI
T502422-1078,502422,1078,3,4994.79,Wallet
T502422-1020,502422,1020,1,1590.21,UPI
T502422-1083,502422,1083,1,2040.63,Wallet
T502423-1069,502423,1069,4,424.48,Wallet
T502424-1047,502424,1047,4,3948.28,Card
T502424-1067,502424,1067,4,5644.96,Card
T502425-1068,502425,1068,3,2342.28,UPI
T502426-1004,502426,1004,3,5257.5,Wallet
T502427-1010,502427,1010,4,4569.8,Cash
T502428-1061,502428,1061,1,1680.96,Card
T502428-1018,502428,1018,1,187.63,Card
T502429-1065,502429,1065,2,3195.5,Card
T502429-1073,502429,1073,3,6413.73,Wallet
T502429-1079,502429,1079,4,5623.48,UPI
T502430-1030,502430,1030,3,5151.39,Wallet
T502430-1011,502430,1011,4,3783.48,Card
T502431-1007,502431,1007,4,7640.08,Wallet
T502431-1011,502431,1011,2,1891.74,Cash
T502432-1062,502432,1062,2,2387.22,Wallet
T502433-1058,502433,1058,1,1434.79,Card
T502433-1060,502433,1060,2,625.78,UPI
T502434-1008,502434,1008,3,5914.74,Cash
T502434-1074,502434,1074,1,607.83,Wallet
T502434-1062,502434,1062,4,4774.44,Card
T502435-1070,502435,1070,4,4434.76,UPI
T502436-1056,502436,1056,1,1958.4,Wallet
T502436-1012,502436,1012,1,2319.11,Wallet
T502437-1062,502437,1062,2,2387.22,Card
T502438-1061,502438,1061,3,5042.88,Card
T502439-1050,502439,1050,1,375.19,Cash
T502439-1062,502439,1062,2,2387.22,Card
T502440-1022,502440,1022,3,2717.04,UPI
T502440-1032,502440,1032,4,9679.0,Card
T502441-1011,502441,1011,4,3783.48,UPI
T502441-1019,502441,1019,4,8297.0,Wallet
T502442-1022,502442,1022,1,905.68,Wallet
T502443-1064,502443,1064,2,3839.1,Cash
T502443-1023,502443,1023,3,7282.86,UPI
T502443-1083,502443,1083,3,6121.89,Cash
T502444-1031,502444,1031,3,5608.68,Wallet
T502444-1061,502444,1061,4,6723.84,Card
T502445-1031,502445,1031,3,5608.68,Cash
T502445-1084,502445,1084,3,1327.26,Cash
T502445-1060,502445,1060,1,312.89,Wallet
T502446-1023,502446,1023,4,9710.48,Wallet
T502447-1008,502447,1008,1,1971.58,Card
T502447-1062,502447,1062,2,2387.22,UPI
T502448-1080,502448,1080,4,7864.92,UPI
T502448-1053,502448,1053,1,1973.7,Card
T502448-1034,502448,1034,3,2835.12,Card
T502449-1086,502449,1086,1,252.42,Wallet
T502449-1058,502449,1058,3,4304.37,Card
T502449-1025,502449,1025,3,5857.83,Cash
T502450-1032,502450,1032,4,9679.0,Card
T502450-1036,502450,1036,2,995.98,Cash
T502451-1022,502451,1022,2,1811.36,Cash
T502451-1085,502451,1085,4,344.4,Cash
T502452-1075,502452,1075,4,696.04,Wallet
T502452-1008,502452,1008,2,3943.16,Cash
T502452-1048,502452,1048,4,2968.68,UPI
T502453-1067,502453,1067,4,5644.96,UPI
T502454-1065,502454,1065,1,1597.75,Cash
T502454-1087,502454,1087,3,5442.69,Card
T502455-1040,502455,1040,3,5053.32,Cash
T502456-1060,502456,1060,1,312.89,Card
T502456-1086,502456,1086,1,252.42,Wallet
T502457-1022,502457,1022,2,1811.36,Card
T502457-1063,502457,1063,2,2852.26,Card
T502457-1068,502457,1068,1,780.76,Wallet
T502458-1072,502458,1072,3,3117.21,UPI
T502458-1006,502458,1006,4,9759.16,Cash
T502459-1085,502459,1085,1,86.1,UPI
T502459-1015,502459,1015,3,3375.69,Cash
T502459-1077,502459,1077,1,755.18,Card
T502460-1018,502460,1018,1,187.63,Cash
T502461-1071,502461,1071,4,2240.08,Wallet
T502462-1080,502462,1080,2,3932.46,Wallet
T502462-1082,502462,1082,1,1033.78,Card
T502462-1067,502462,1067,2,2822.48,Wallet
T502463-1081,502463,1081,2,3341.7,Cash
T502464-1028,502464,1028,3,414.6,Card
T502464-1039,502464,1039,4,2361.88,UPI
T502465-1005,502465,1005,4,1050.48,Card
T502466-1004,502466,1004,4,7010.0,Wallet
T502467-1059,502467,1059,2,750.6,Wallet
T502468-1083,502468,1083,4,8162.52,Wallet
T502468-1040,502468,1040,3,5053.32,UPI
T502468-1021,502468,1021,4,7609.92,Cash
T502469-1032,502469,1032,1,2419.75,Card
T502469-1020,502469,1020,4,6360.84,UPI
T502469-1022,502469,1022,1,905.68,Wallet
T502470-1009,502470,1009,4,1385.76,Card
T502471-1002,502471,1002,2,2228.06,Wallet
T502472-1057,502472,1057,1,1163.52,Wallet
T502472-1061,502472,1061,4,6723.84,UPI
T502472-1058,502472,1058,1,1434.79,Wallet
T502473-1073,502473,1073,4,8551.64,UPI
T502474-1026,502474,1026,1,510.76,Card
T502474-1012,502474,1012,3,6957.33,Card
T502474-1050,502474,1050,2,750.38,UPI
T502475-1062,502475,1062,3,3580.83,Card
T502475-1088,502475,1088,3,3512.52,Card
T502475-1045,502475,1045,3,6257.04,Card
T502476-1080,502476,1080,1,1966.23,Wallet
T502476-1042,502476,1042,3,6260.16,Cash
T502476-1036,502476,1036,4,1991.96,UPI
T502477-1011,502477,1011,2,1891.74,Wallet
T502477-1054,502477,1054,1,1672.18,Cash
T502477-1071,502477,1071,4,2240.08,UPI
T502478-1055,502478,1055,4,7087.04,Wallet
T502478-1047,502478,1047,1,987.07,Card
T502478-1069,502478,1069,4,424.48,Cash
T502479-1055,502479,1055,4,7087.04,UPI
T502479-1064,502479,1064,2,3839.1,UPI
T502479-1031,502479,1031,3,5608.68,Cash
T502480-1035,502480,1035,3,3569.4,Wallet
T502481-1044,502481,1044,1,801.55,Wallet
T502482-1073,502482,1073,1,2137.91,Wallet
T502482-1066,502482,1066,1,1397.34,Card
T502482-1069,502482,1069,3,318.36,Wallet
T502483-1022,502483,1022,2,1811.36,Card
T502483-1083,502483,1083,2,4081.26,Card
T502483-1044,502483,1044,4,3206.2,Card
T502484-1090,502484,1090,3,3802.74,UPI
T502484-1089,502484,1089,4,1713.36,Wallet
T502484-1015,502484,1015,4,4500.92,Cash
T502485-1069,502485,1069,3,318.36,UPI
T502485-1064,502485,1064,2,3839.1,Wallet
T502485-1053,502485,1053,1,1973.7,Wallet
T502486-1068,502486,1068,4,3123.04,UPI
T502487-1073,502487,1073,2,4275.82,Card
T502488-1063,502488,1063,1,1426.13,Card
T502489-1069,502489,1069,3,318.36,Card
T502489-1045,502489,1045,1,2085.68,Wallet
T502490-1034,502490,1034,3,2835.12,Card
T502490-1054,502490,1054,4,6688.72,Cash
T502491-1026,502491,1026,3,1532.28,Cash
T502491-1003,502491,1003,1,2150.74,Wallet
T502491-1005,502491,1005,3,787.86,Cash
T502492-1047,502492,1047,3,2961.21,Wallet
T502493-1003,502493,1003,4,8602.96,Card
T502494-1056,502494,1056,4,7833.6,Card
T502494-1045,502494,1045,1,2085.68,Wallet
T502495-1042,502495,1042,3,6260.16,UPI
T502495-1044,502495,1044,3,2404.65,Cash
T502495-1067,502495,1067,4,5644.96,UPI
T502496-1039,502496,1039,4,2361.88,UPI
T502497-1009,502497,1009,4,1385.76,Card
T502497-1033,502497,1033,3,2504.37,UPI
T502497-1085,502497,1085,3,258.3,Card
T502498-1056,502498,1056,2,3916.8,Wallet
T502498-1069,502498,1069,2,212.24,UPI
T502498-1020,502498,1020,1,1590.21,Wallet
T502499-1006,502499,1006,2,4879.58,Wallet
T502500-1061,502500,1061,2,3361.92,Cash
T502500-1084,502500,1084,2,884.84,Wallet
T502500-1074,502500,1074,4,2431.32,Cash
T502501-1033,502501,1033,1,834.79,Card
T502502-1008,502502,1008,1,1971.58,Card
T502503-1003,502503,1003,2,4301.48,Cash
T502504-1060,502504,1060,3,938.67,UPI
T502504-1035,502504,1035,1,1189.8,Wallet
T502505-1050,502505,1050,3,1125.57,Wallet
T502505-1036,502505,1036,1,497.99,Cash
T502506-1057,502506,1057,4,4654.08,Cash
T502506-1037,502506,1037,3,1052.73,UPI
T502506-1034,502506,1034,3,2835.12,Wallet
T502507-1022,502507,1022,1,905.68,UPI
T502507-1057,502507,1057,4,4654.08,Card
T502507-1045,502507,1045,4,8342.72,Wallet
T502508-1070,502508,1070,2,2217.38,Cash
T502509-1043,502509,1043,3,5278.95,Card
T502510-1002,502510,1002,2,2228.06,Cash
T502510-1001,502510,1001,2,3883.34,UPI
T502511-1070,502511,1070,4,4434.76,UPI
T502511-1013,502511,1013,2,3240.7,Card
T502511-1002,502511,1002,1,1114.03,Card
T502512-1040,502512,1040,2,3368.88,UPI
T502513-1075,502513,1075,4,696.04,Card
T502513-1074,502513,1074,1,607.83,Cash
T502513-1047,502513,1047,4,3948.28,UPI
T502514-1035,502514,1035,1,1189.8,Card
T502514-1031,502514,1031,2,3739.12,Wallet
T502515-1077,502515,1077,1,755.18,Card
T502516-1041,502516,1041,4,4439.08,Wallet
T502517-1045,502517,1045,1,2085.68,Card
T502517-1046,502517,1046,2,4035.54,UPI
T502517-1090,502517,1090,4,5070.32,UPI
T502518-1028,502518,1028,3,414.6,Cash
T502518-1048,502518,1048,3,2226.51,Wallet
T502518-1071,502518,1071,4,2240.08,Wallet
T502519-1006,502519,1006,2,4879.58,Card
T502520-1047,502520,1047,3,2961.21,Cash
T502520-1084,502520,1084,2,884.84,Cash
T502521-1090,502521,1090,3,3802.74,UPI
T502521-1072,502521,1072,2,2078.14,Wallet
T502522-1020,502522,1020,4,6360.84,Cash
T502522-1047,502522,1047,2,1974.14,Card
T502522-1073,502522,1073,3,6413.73,Card
T502523-1014,502523,1014,4,8248.88,Card
T502523-1043,502523,1043,3,5278.95,Card
T502524-1039,502524,1039,3,1771.41,Cash
T502524-1060,502524,1060,4,1251.56,Cash
T502524-1032,502524,1032,4,9679.0,Card
T502525-1053,502525,1053,4,7894.8,Cash
T502525-1043,502525,1043,3,5278.95,Wallet
T502526-1041,502526,1041,2,2219.54,UPI
T502526-1051,502526,1051,1,523.77,Cash
T502527-1064,502527,1064,4,7678.2,Cash
T502528-1060,502528,1060,2,625.78,UPI
T502529-1067,502529,1067,3,4233.72,Card
T502530-1087,502530,1087,2,3628.46,Wallet
T502530-1005,502530,1005,2,525.24,Card
T502530-1047,502530,1047,1,987.07,Card
T502531-1018,502531,1018,1,187.63,Cash
T502532-1066,502532,1066,4,5589.36,Card
T502532-1083,502532,1083,3,6121.89,UPI
T502532-1005,502532,1005,2,525.24,Card
T502533-1056,502533,1056,1,1958.4,Wallet
T502534-1008,502534,1008,2,3943.16,Card
T502535-1060,502535,1060,4,1251.56,Cash
T502535-1054,502535,1054,1,1672.18,Card
T502536-1077,502536,1077,3,2265.54,Cash
T502536-1044,502536,1044,2,1603.1,UPI
T502536-1024,502536,1024,1,2236.01,Card
T502537-1048,502537,1048,2,1484.34,Wallet
T502537-1085,502537,1085,3,258.3,UPI
T502537-1050,502537,1050,1,375.19,Wallet
T502538-1034,502538,1034,2,1890.08,Card
T502538-1077,502538,1077,2,1510.36,Wallet
T502538-1010,502538,1010,4,4569.8,Cash
T502539-1024,502539,1024,1,2236.01,UPI
T502540-1052,502540,1052,3,144.54,Cash
T502540-1001,502540,1001,4,7766.68,Card
T502541-1083,502541,1083,2,4081.26,Wallet
T502542-1047,502542,1047,4,3948.28,Cash
T502542-1082,502542,1082,1,1033.78,Card
T502542-1057,502542,1057,4,4654.08,UPI
T502543-1075,502543,1075,4,696.04,Card
T502543-1027,502543,1027,4,4731.2,Card
T502544-1021,502544,1021,2,3804.96,Cash
T502545-1033,502545,1033,3,2504.37,Wallet
T502546-1038,502546,1038,1,1204.99,Wallet
T502546-1062,502546,1062,2,2387.22,Wallet
T502546-1047,502546,1047,1,987.07,Card
T502547-1032,502547,1032,4,9679.0,Wallet
T502547-1047,502547,1047,1,987.07,Wallet
T502548-1041,502548,1041,4,4439.08,Card
T502548-1001,502548,1001,4,7766.68,UPI
T502549-1023,502549,1023,4,9710.48,Card
T502549-1043,502549,1043,1,1759.65,Cash
T502549-1002,502549,1002,1,1114.03,Cash
T502550-1016,502550,1016,3,1773.84,Cash
T502551-1017,502551,1017,4,5599.28,UPI
T502552-1088,502552,1088,3,3512.52,UPI
T502553-1058,502553,1058,3,4304.37,Card
T502553-1031,502553,1031,1,1869.56,Cash
T502553-1064,502553,1064,3,5758.65,Cash
T502554-1083,502554,1083,1,2040.63,Card
T502554-1046,502554,1046,3,6053.31,UPI
T502554-1080,502554,1080,1,1966.23,UPI
T502555-1088,502555,1088,1,1170.84,UPI
T502555-1042,502555,1042,3,6260.16,Card
T502556-1021,502556,1021,4,7609.92,Cash
T502557-1090,502557,1090,4,5070.32,Card
T502557-1031,502557,1031,2,3739.12,Wallet
T502557-1083,502557,1083,2,4081.26,Wallet
T502558-1027,502558,1027,2,2365.6,Card
T502559-1080,502559,1080,3,5898.69,Cash
T502560-1057,502560,1057,1,1163.52,Cash
T502560-1058,502560,1058,1,1434.79,UPI
T502560-1060,502560,1060,4,1251.56,Card
T502561-1003,502561,1003,1,2150.74,Cash
T502561-1045,502561,1045,1,2085.68,Card
T502561-1065,502561,1065,2,3195.5,Wallet
T502562-1031,502562,1031,1,1869.56,UPI
T502562-1065,502562,1065,3,4793.25,Card
T502562-1027,502562,1027,4,4731.2,UPI
T502563-1072,502563,1072,4,4156.28,Cash
T502564-1005,502564,1005,4,1050.48,Card
T502565-1023,502565,1023,3,7282.86,Wallet
T502565-1086,502565,1086,2,504.84,UPI
T502566-1001,502566,1001,2,3883.34,Cash
T502567-1022,502567,1022,1,905.68,Cash
T502567-1061,502567,1061,3,5042.88,Cash
T502568-1061,502568,1061,3,5042.88,Cash
T502569-1066,502569,1066,3,4192.02,Cash
T502569-1061,502569,1061,3,5042.88,Card
T502569-1088,502569,1088,3,3512.52,Card
T502570-1040,502570,1040,4,6737.76,Card
T502571-1026,502571,1026,3,1532.28,Wallet
T502571-1037,502571,1037,1,350.91,Wallet
T502571-1035,502571,1035,3,3569.4,Card
T502572-1086,502572,1086,1,252.42,Wallet
T502573-1027,502573,1027,3,3548.4,Card
T502573-1077,502573,1077,3,2265.54,Card
T502574-1065,502574,1065,3,4793.25,Cash
T502575-1070,502575,1070,4,4434.76,Cash
T502575-1030,502575,1030,1,1717.13,Wallet
T502575-1060,502575,1060,3,938.67,Wallet
T502576-1031,502576,1031,2,3739.12,Wallet
T502577-1056,502577,1056,2,3916.8,Wallet
T502577-1011,502577,1011,2,1891.74,Card
T502578-1042,502578,1042,4,8346.88,Wallet
T502579-1006,502579,1006,3,7319.37,Cash
T502579-1022,502579,1022,3,2717.04,UPI
T502579-1032,502579,1032,3,7259.25,UPI
T502580-1072,502580,1072,3,3117.21,UPI
T502580-1030,502580,1030,2,3434.26,Cash
T502580-1023,502580,1023,3,7282.86,Cash
T502581-1046,502581,1046,2,4035.54,Card
T502581-1041,502581,1041,2,2219.54,UPI
T502582-1011,502582,1011,2,1891.74,Card
T502583-1013,502583,1013,3,4861.05,UPI
T502584-1043,502584,1043,2,3519.3,Cash
T502584-1073,502584,1073,4,8551.64,Cash
T502584-1015,502584,1015,2,2250.46,Card
T502585-1062,502585,1062,1,1193.61,Cash
T502585-1027,502585,1027,2,2365.6,Card
T502586-1013,502586,1013,2,3240.7,Wallet
T502587-1066,502587,1066,2,2794.68,UPI
T502588-1021,502588,1021,4,7609.92,UPI
T502588-1080,502588,1080,4,7864.92,Wallet
T502588-1016,502588,1016,1,591.28,UPI
T502589-1071,502589,1071,2,1120.04,Cash
T502590-1022,502590,1022,3,2717.04,UPI
T502590-1047,502590,1047,2,1974.14,Cash
T502591-1036,502591,1036,3,1493.97,UPI
T502591-1076,502591,1076,4,2900.08,Wallet
T502592-1090,502592,1090,3,3802.74,Card
T502592-1061,502592,1061,4,6723.84,Card
T502592-1048,502592,1048,2,1484.34,UPI
T502593-1023,502593,1023,2,4855.24,UPI
T502593-1061,502593,1061,3,5042.88,UPI
T502593-1005,502593,1005,2,525.24,Cash
T502594-1046,502594,1046,2,4035.54,Card
T502594-1061,502594,1061,2,3361.92,Cash
T502595-1053,502595,1053,1,1973.7,Wallet
T502595-1003,502595,1003,2,4301.48,Wallet
T502595-1077,502595,1077,4,3020.72,Wallet
T502596-1050,502596,1050,3,1125.57,Cash
T502597-1018,502597,1018,2,375.26,Wallet
T502597-1064,502597,1064,1,1919.55,Cash
T502597-1004,502597,1004,2,3505.0,UPI
T502598-1041,502598,1041,3,3329.31,Card
T502598-1037,502598,1037,3,1052.73,Cash
T502599-1028,502599,1028,3,414.6,UPI
T502599-1045,502599,1045,3,6257.04,Card
T502600-1003,502600,1003,2,4301.48,Card
T502601-1012,502601,1012,1,2319.11,Cash
T502601-1038,502601,1038,3,3614.97,UPI
T502601-1057,502601,1057,4,4654.08,Card
T502602-1087,502602,1087,2,3628.46,Wallet
T502602-1009,502602,1009,3,1039.32,Cash
T502603-1071,502603,1071,4,2240.08,Cash
T502604-1082,502604,1082,1,1033.78,Wallet
T502605-1006,502605,1006,1,2439.79,UPI
T502606-1035,502606,1035,3,3569.4,Card
T502606-1008,502606,1008,3,5914.74,Wallet
T502606-1031,502606,1031,3,5608.68,UPI
T502607-1013,502607,1013,3,4861.05,UPI
T502607-1071,502607,1071,3,1680.06,Wallet
T502608-1040,502608,1040,4,6737.76,Wallet
T502608-1009,502608,1009,3,1039.32,UPI
T502609-1024,502609,1024,1,2236.01,UPI
T502610-1009,502610,1009,3,1039.32,Wallet
T502610-1004,502610,1004,1,1752.5,Card
T502611-1062,502611,1062,3,3580.83,UPI
T502611-1034,502611,1034,1,945.04,UPI
T502612-1043,502612,1043,4,7038.6,Card
T502612-1073,502612,1073,2,4275.82,UPI
T502612-1066,502612,1066,3,4192.02,Cash
T502613-1059,502613,1059,1,375.3,Card
T502614-1013,502614,1013,2,3240.7,Cash
T502614-1070,502614,1070,4,4434.76,Cash
T502615-1054,502615,1054,4,6688.72,Cash
T502615-1040,502615,1040,4,6737.76,Cash
T502615-1027,502615,1027,2,2365.6,Card
T502616-1088,502616,1088,1,1170.84,Wallet
T502617-1015,502617,1015,1,1125.23,UPI
T502617-1082,502617,1082,3,3101.34,Wallet
T502617-1012,502617,1012,1,2319.11,Cash
T502618-1014,502618,1014,3,6186.66,UPI
T502618-1006,502618,1006,2,4879.58,Card
T502619-1022,502619,1022,1,905.68,Wallet
T502619-1075,502619,1075,2,348.02,UPI
T502619-1062,502619,1062,3,3580.83,Card
T502620-1049,502620,1049,4,6863.04,Card
T502620-1072,502620,1072,4,4156.28,Wallet
T502621-1069,502621,1069,2,212.24,Card
T502621-1064,502621,1064,2,3839.1,Cash
T502622-1028,502622,1028,3,414.6,UPI
T502622-1041,502622,1041,3,3329.31,Wallet
T502623-1036,502623,1036,1,497.99,Cash
T502624-1077,502624,1077,1,755.18,UPI
T502624-1082,502624,1082,2,2067.56,Cash
T502625-1045,502625,1045,1,2085.68,Card
T502626-1004,502626,1004,4,7010.0,Wallet
T502626-1024,502626,1024,2,4472.02,Wallet
T502627-1077,502627,1077,3,2265.54,UPI
T502627-1032,502627,1032,2,4839.5,Wallet
T502628-1077,502628,1077,2,1510.36,Wallet
T502629-1036,502629,1036,4,1991.96,Cash
T502629-1045,502629,1045,3,6257.04,Card
T502630-1022,502630,1022,4,3622.72,Card
T502630-1031,502630,1031,1,1869.56,Wallet
T502630-1008,502630,1008,3,5914.74,Cash
T502631-1012,502631,1012,3,6957.33,Cash
T502631-1068,502631,1068,3,2342.28,Card
T502632-1036,502632,1036,4,1991.96,Wallet
T502632-1006,502632,1006,4,9759.16,Wallet
T502632-1046,502632,1046,3,6053.31,Card
T502633-1056,502633,1056,4,7833.6,Card
T502634-1014,502634,1014,2,4124.44,Wallet
T502634-1059,502634,1059,2,750.6,UPI
T502634-1026,502634,1026,3,1532.28,Cash
T502635-1038,502635,1038,4,4819.96,UPI
T502635-1003,502635,1003,4,8602.96,UPI
T502636-1010,502636,1010,1,1142.45,Cash
T502636-1030,502636,1030,4,6868.52,Card
T502637-1013,502637,1013,3,4861.05,Wallet
T502637-1044,502637,1044,4,3206.2,UPI
T502638-1033,502638,1033,4,3339.16,UPI
T502639-1087,502639,1087,1,1814.23,Card
T502640-1066,502640,1066,3,4192.02,UPI
T502640-1016,502640,1016,3,1773.84,Card
T502640-1009,502640,1009,4,1385.76,Card
T502641-1024,502641,1024,4,8944.04,Wallet
T502641-1026,502641,1026,3,1532.28,Cash
T502641-1075,502641,1075,2,348.02,Cash
T502642-1029,502642,1029,1,411.1,Cash
T502642-1047,502642,1047,1,987.07,UPI
T502643-1013,502643,1013,3,4861.05,UPI
T502644-1066,502644,1066,2,2794.68,Card
T502644-1054,502644,1054,4,6688.72,Card
T502645-1011,502645,1011,1,945.87,Wallet
T502645-1073,502645,1073,3,6413.73,Cash
T502645-1022,502645,1022,3,2717.04,Card
T502646-1020,502646,1020,4,6360.84,Card
T502646-1066,502646,1066,1,1397.34,Wallet
T502647-1070,502647,1070,4,4434.76,UPI
T502647-1028,502647,1028,3,414.6,Card
T502648-1009,502648,1009,3,1039.32,Card
T502648-1024,502648,1024,2,4472.02,Card
T502649-1013,502649,1013,3,4861.05,Card
T502649-1058,502649,1058,1,1434.79,Card
T502649-1037,502649,1037,2,701.82,Cash
T502650-1068,502650,1068,4,3123.04,Cash
T502650-1090,502650,1090,2,2535.16,Wallet
T502650-1001,502650,1001,3,5825.01,Cash
T502651-1059,502651,1059,1,375.3,Wallet
T502652-1003,502652,1003,2,4301.48,Card
T502653-1083,502653,1083,1,2040.63,Cash
T502653-1025,502653,1025,1,1952.61,UPI
T502654-1030,502654,1030,2,3434.26,Wallet
T502655-1044,502655,1044,3,2404.65,Wallet
T502655-1026,502655,1026,3,1532.28,Cash
T502655-1062,502655,1062,2,2387.22,Wallet
T502656-1068,502656,1068,4,3123.04,Card
T502656-1032,502656,1032,4,9679.0,Card
T502656-1036,502656,1036,2,995.98,UPI
T502657-1028,502657,1028,4,552.8,UPI
T502657-1020,502657,1020,3,4770.63,Card
T502657-1009,502657,1009,3,1039.32,Cash
T502658-1014,502658,1014,3,6186.66,Cash
T502659-1053,502659,1053,1,1973.7,Wallet
T502659-1075,502659,1075,1,174.01,Wallet
T502659-1006,502659,1006,4,9759.16,Wallet
T502660-1037,502660,1037,1,350.91,Cash
T502661-1003,502661,1003,2,4301.48,Wallet
T502661-1028,502661,1028,1,138.2,Card
T502661-1047,502661,1047,1,987.07,Wallet
T502662-1090,502662,1090,3,3802.74,Card
T502663-1011,502663,1011,2,1891.74,UPI
T502663-1082,502663,1082,2,2067.56,Wallet
T502664-1001,502664,1001,4,7766.68,Card
T502664-1004,502664,1004,4,7010.0,Card
T502665-1065,502665,1065,3,4793.25,Cash
T502665-1016,502665,1016,4,2365.12,Wallet
T502665-1081,502665,1081,2,3341.7,Card
T502666-1003,502666,1003,2,4301.48,Cash
T502666-1028,502666,1028,4,552.8,Wallet
T502666-1069,502666,1069,2,212.24,Cash
T502667-1085,502667,1085,4,344.4,Card
T502668-1066,502668,1066,1,1397.34,Card
T502668-1038,502668,1038,4,4819.96,Wallet
T502669-1071,502669,1071,1,560.02,Wallet
T502670-1033,502670,1033,3,2504.37,Wallet
T502671-1029,502671,1029,3,1233.3,UPI
T502671-1089,502671,1089,4,1713.36,Cash
T502672-1010,502672,1010,1,1142.45,Card
T502672-1090,502672,1090,2,2535.16,Wallet
T502673-1062,502673,1062,2,2387.22,Wallet
T502673-1078,502673,1078,2,3329.86,Cash
T502674-1039,502674,1039,3,1771.41,Card
T502675-1019,502675,1019,2,4148.5,Cash
T502675-1006,502675,1006,4,9759.16,Card
T502675-1076,502675,1076,3,2175.06,Wallet
T502676-1002,502676,1002,1,1114.03,Wallet
T502676-1065,502676,1065,4,6391.0,Cash
T502676-1077,502676,1077,1,755.18,UPI
T502677-1078,502677,1078,1,1664.93,Cash
T502678-1075,502678,1075,1,174.01,UPI
T502679-1050,502679,1050,4,1500.76,Card
T502680-1057,502680,1057,2,2327.04,UPI
T502680-1041,502680,1041,1,1109.77,UPI
T502681-1004,502681,1004,1,1752.5,UPI
T502682-1053,502682,1053,4,7894.8,Card
T502682-1022,502682,1022,2,1811.36,Cash
T502683-1032,502683,1032,2,4839.5,Wallet
T502683-1070,502683,1070,2,2217.38,Card
T502683-1036,502683,1036,1,497.99,Card
T502684-1043,502684,1043,2,3519.3,Wallet
T502685-1034,502685,1034,1,945.04,Card
T502685-1049,502685,1049,3,5147.28,UPI
T502686-1014,502686,1014,1,2062.22,Cash
T502686-1078,502686,1078,1,1664.93,Cash
T502687-1087,502687,1087,4,7256.92,UPI
T502687-1016,502687,1016,2,1182.56,Cash
T502688-1019,502688,1019,4,8297.0,Cash
T502689-1077,502689,1077,3,2265.54,Card
T502690-1034,502690,1034,1,945.04,Card
T502690-1052,502690,1052,1,48.18,Cash
T502690-1028,502690,1028,4,552.8,Card
T502691-1004,502691,1004,1,1752.5,Cash
T502692-1068,502692,1068,3,2342.28,Wallet
T502692-1036,502692,1036,1,497.99,UPI
T502693-1014,502693,1014,4,8248.88,Wallet
T502694-1012,502694,1012,2,4638.22,Cash
T502694-1077,502694,1077,3,2265.54,Cash
T502695-1090,502695,1090,4,5070.32,Wallet
T502695-1025,502695,1025,1,1952.61,UPI
T502696-1069,502696,1069,3,318.36,Cash
T502696-1051,502696,1051,3,1571.31,UPI
T502697-1067,502697,1067,2,2822.48,Cash
T502698-1002,502698,1002,2,2228.06,UPI
T502698-1061,502698,1061,2,3361.92,Wallet
T502699-1007,502699,1007,4,7640.08,UPI
T502700-1063,502700,1063,2,2852.26,UPI
T502701-1017,502701,1017,1,1399.82,UPI
T502702-1036,502702,1036,4,1991.96,Cash
T502702-1074,502702,1074,4,2431.32,Cash
T502703-1001,502703,1001,2,3883.34,Card
T502703-1046,502703,1046,4,8071.08,Wallet
T502704-1070,502704,1070,3,3326.07,Cash
T502704-1021,502704,1021,3,5707.44,Wallet
T502705-1060,502705,1060,1,312.89,Wallet
T502705-1086,502705,1086,1,252.42,UPI
T502706-1010,502706,1010,1,1142.45,Card
T502707-1041,502707,1041,2,2219.54,Card
T502708-1049,502708,1049,2,3431.52,Cash
T502709-1079,502709,1079,3,4217.61,Card
T502710-1029,502710,1029,2,822.2,Cash
T502710-1090,502710,1090,1,1267.58,Wallet
T502711-1063,502711,1063,2,2852.26,Wallet
T502711-1028,502711,1028,4,552.8,UPI
T502712-1048,502712,1048,3,2226.51,Card
T502712-1061,502712,1061,4,6723.84,Wallet
T502713-1037,502713,1037,4,1403.64,UPI
T502713-1061,502713,1061,2,3361.92,Card
T502713-1013,502713,1013,4,6481.4,Cash
T502714-1039,502714,1039,3,1771.41,Card
T502714-1011,502714,1011,3,2837.61,Card
T502715-1032,502715,1032,2,4839.5,UPI
T502715-1070,502715,1070,3,3326.07,Wallet
T502716-1032,502716,1032,3,7259.25,Card
T502716-1051,502716,1051,1,523.77,Cash
T502716-1033,502716,1033,2,1669.58,Wallet
T502717-1077,502717,1077,4,3020.72,Cash
T502718-1064,502718,1064,1,1919.55,UPI
T502718-1004,502718,1004,4,7010.0,UPI
T502718-1036,502718,1036,4,1991.96,Cash
T502719-1031,502719,1031,3,5608.68,UPI
T502719-1066,502719,1066,4,5589.36,Cash
T502719-1019,502719,1019,3,6222.75,Cash
T502720-1001,502720,1001,3,5825.01,UPI
T502720-1085,502720,1085,1,86.1,UPI
T502721-1040,502721,1040,3,5053.32,UPI
T502722-1069,502722,1069,1,106.12,Cash
T502722-1007,502722,1007,3,5730.06,Cash
T502722-1059,502722,1059,4,1501.2,UPI
T502723-1009,502723,1009,2,692.88,Card
T502724-1067,502724,1067,3,4233.72,Card
T502724-1046,502724,1046,1,2017.77,Wallet
T502724-1052,502724,1052,1,48.18,Card
T502725-1070,502725,1070,2,2217.38,Card
T502725-1013,502725,1013,4,6481.4,Card
T502726-1055,502726,1055,1,1771.76,UPI
T502726-1086,502726,1086,4,1009.68,UPI
T502726-1090,502726,1090,1,1267.58,Wallet
T502727-1018,502727,1018,4,750.52,Card
T502727-1020,502727,1020,4,6360.84,Cash
T502728-1015,502728,1015,4,4500.92,Wallet
T502729-1029,502729,1029,3,1233.3,Wallet
T502730-1066,502730,1066,4,5589.36,Wallet
T502730-1026,502730,1026,4,2043.04,Card
T502730-1080,502730,1080,2,3932.46,Wallet
T502731-1068,502731,1068,3,2342.28,Cash
T502732-1023,502732,1023,3,7282.86,Card
T502733-1008,502733,1008,4,7886.32,UPI
T502733-1084,502733,1084,3,1327.26,UPI
T502733-1088,502733,1088,1,1170.84,UPI
T502734-1026,502734,1026,1,510.76,UPI
T502734-1021,502734,1021,1,1902.48,Wallet
T502735-1073,502735,1073,4,8551.64,Card
T502735-1087,502735,1087,3,5442.69,Cash
T502736-1019,502736,1019,1,2074.25,UPI
T502736-1006,502736,1006,3,7319.37,Wallet
T502736-1066,502736,1066,3,4192.02,Card
T502737-1014,502737,1014,3,6186.66,UPI
T502737-1044,502737,1044,1,801.55,UPI
T502738-1089,502738,1089,1,428.34,Card
T502738-1022,502738,1022,3,2717.04,Cash
T502739-1047,502739,1047,4,3948.28,Card
T502739-1051,502739,1051,3,1571.31,Wallet
T502739-1033,502739,1033,1,834.79,Wallet
T502740-1067,502740,1067,1,1411.24,Card
T502741-1044,502741,1044,1,801.55,Wallet
T502741-1003,502741,1003,1,2150.74,Cash
T502742-1048,502742,1048,3,2226.51,UPI
T502742-1041,502742,1041,3,3329.31,Card
T502742-1007,502742,1007,2,3820.04,UPI
T502743-1040,502743,1040,3,5053.32,Cash
T502744-1054,502744,1054,1,1672.18,Cash
T502745-1021,502745,1021,3,5707.44,Wallet
T502745-1019,502745,1019,2,4148.5,Card
T502746-1028,502746,1028,2,276.4,Cash
T502746-1078,502746,1078,3,4994.79,Card
T502747-1062,502747,1062,2,2387.22,Wallet
T502748-1040,502748,1040,3,5053.32,Wallet
T502748-1021,502748,1021,3,5707.44,Wallet
T502749-1003,502749,1003,3,6452.22,UPI
T502750-1078,502750,1078,1,1664.93,Card
T502750-1066,502750,1066,3,4192.02,Wallet
T502750-1053,502750,1053,1,1973.7,Wallet
T502751-1077,502751,1077,1,755.18,UPI
T502751-1025,502751,1025,3,5857.83,Cash
T502752-1055,502752,1055,4,7087.04,Card
T502753-1019,502753,1019,3,6222.75,UPI
T502753-1047,502753,1047,3,2961.21,Card
T502754-1057,502754,1057,2,2327.04,Wallet
T502755-1057,502755,1057,2,2327.04,Card
T502755-1028,502755,1028,4,552.8,Card
T502755-1060,502755,1060,1,312.89,Wallet
T502756-1034,502756,1034,2,1890.08,UPI
T502756-1009,502756,1009,2,692.88,UPI
T502756-1008,502756,1008,2,3943.16,Card
T502757-1007,502757,1007,3,5730.06,Wallet
T502757-1016,502757,1016,1,591.28,Wallet
T502757-1043,502757,1043,4,7038.6,Cash
T502758-1066,502758,1066,2,2794.68,UPI
T502758-1076,502758,1076,1,725.02,Card
T502758-1005,502758,1005,1,262.62,Cash
T502759-1002,502759,1002,3,3342.09,Card
T502760-1043,502760,1043,1,1759.65,UPI
T502760-1030,502760,1030,2,3434.26,Cash
T502761-1008,502761,1008,1,1971.58,Card
T502761-1018,502761,1018,3,562.89,Cash
T502761-1054,502761,1054,1,1672.18,Cash
T502762-1003,502762,1003,2,4301.48,Wallet
T502762-1084,502762,1084,4,1769.68,UPI
T502763-1041,502763,1041,2,2219.54,Card
T502763-1024,502763,1024,1,2236.01,Wallet
T502763-1047,502763,1047,2,1974.14,Cash
T502764-1051,502764,1051,2,1047.54,Cash
T502764-1050,502764,1050,1,375.19,UPI
T502765-1038,502765,1038,1,1204.99,Card
T502766-1059,502766,1059,4,1501.2,UPI
T502766-1069,502766,1069,1,106.12,Wallet
T502766-1084,502766,1084,4,1769.68,Wallet
T502767-1077,502767,1077,3,2265.54,Card
T502767-1070,502767,1070,3,3326.07,Wallet
T502768-1004,502768,1004,1,1752.5,UPI
T502768-1067,502768,1067,2,2822.48,Card
T502768-1053,502768,1053,2,3947.4,Cash
T502769-1038,502769,1038,2,2409.98,UPI
T502769-1041,502769,1041,4,4439.08,UPI
T502770-1075,502770,1075,2,348.02,Cash
T502770-1016,502770,1016,3,1773.84,Wallet
T502770-1029,502770,1029,3,1233.3,UPI
T502771-1024,502771,1024,4,8944.04,Wallet
T502772-1024,502772,1024,1,2236.01,Wallet
T502772-1042,502772,1042,4,8346.88,UPI
T502772-1064,502772,1064,2,3839.1,Wallet
T502773-1087,502773,1087,3,5442.69,Card
T502773-1003,502773,1003,2,4301.48,Card
T502773-1085,502773,1085,3,258.3,Wallet
T502774-1014,502774,1014,3,6186.66,Cash
T502774-1016,502774,1016,3,1773.84,Wallet
T502774-1024,502774,1024,3,6708.03,Cash
T502775-1035,502775,1035,1,1189.8,Cash
T502775-1058,502775,1058,3,4304.37,Card
T502776-1042,502776,1042,3,6260.16,Cash
T502776-1053,502776,1053,3,5921.1,Cash
T502776-1023,502776,1023,4,9710.48,Card
T502777-1049,502777,1049,1,1715.76,Cash
T502777-1060,502777,1060,3,938.67,Cash
T502777-1004,502777,1004,3,5257.5,Card
T502778-1069,502778,1069,1,106.12,Cash
T502778-1020,502778,1020,1,1590.21,Wallet
T502779-1048,502779,1048,4,2968.68,Cash
T502780-1064,502780,1064,2,3839.1,UPI
T502780-1062,502780,1062,1,1193.61,UPI
T502781-1051,502781,1051,3,1571.31,Cash
T502781-1084,502781,1084,4,1769.68,Card
T502782-1064,502782,1064,3,5758.65,Wallet
T502782-1059,502782,1059,1,375.3,Card
T502783-1083,502783,1083,3,6121.89,Card
T502783-1088,502783,1088,2,2341.68,Cash
T502784-1076,502784,1076,4,2900.08,Cash
T502784-1050,502784,1050,3,1125.57,Cash
T502785-1051,502785,1051,2,1047.54,Cash
T502785-1032,502785,1032,3,7259.25,Card
T502786-1023,502786,1023,4,9710.48,Card
T502786-1059,502786,1059,1,375.3,UPI
T502786-1029,502786,1029,2,822.2,Wallet
T502787-1019,502787,1019,4,8297.0,Cash
T502787-1015,502787,1015,2,2250.46,Wallet
T502787-1075,502787,1075,2,348.02,Card
T502788-1055,502788,1055,4,7087.04,Card
T502788-1019,502788,1019,1,2074.25,UPI
T502789-1016,502789,1016,4,2365.12,Card
T502789-1084,502789,1084,3,1327.26,Card
T502790-1049,502790,1049,1,1715.76,Wallet
T502791-1028,502791,1028,1,138.2,Cash
T502792-1019,502792,1019,4,8297.0,UPI
T502792-1035,502792,1035,4,4759.2,Card
T502792-1085,502792,1085,4,344.4,UPI
T502793-1019,502793,1019,1,2074.25,Card
T502793-1025,502793,1025,4,7810.44,Card
T502793-1030,502793,1030,4,6868.52,Cash
T502794-1009,502794,1009,1,346.44,UPI
T502794-1028,502794,1028,4,552.8,Wallet
T502794-1084,502794,1084,3,1327.26,Wallet
T502795-1080,502795,1080,1,1966.23,Cash
T502795-1043,502795,1043,2,3519.3,Cash
T502796-1011,502796,1011,2,1891.74,Card
T502796-1030,502796,1030,1,1717.13,Cash
T502797-1087,502797,1087,3,5442.69,Card
T502797-1018,502797,1018,4,750.52,Cash
T502797-1011,502797,1011,4,3783.48,Wallet
T502798-1034,502798,1034,1,945.04,Wallet
T502798-1050,502798,1050,2,750.38,Cash
T502798-1006,502798,1006,4,9759.16,Card
T502799-1051,502799,1051,3,1571.31,Wallet
T502799-1052,502799,1052,1,48.18,Card
T502799-1025,502799,1025,3,5857.83,Card
T502800-1037,502800,1037,2,701.82,Wallet
T502801-1025,502801,1025,4,7810.44,UPI
T502801-1016,502801,1016,3,1773.84,UPI
T502801-1017,502801,1017,3,4199.46,UPI
T502802-1014,502802,1014,3,6186.66,Cash
T502803-1024,502803,1024,4,8944.04,Cash
T502803-1018,502803,1018,1,187.63,UPI
T502804-1019,502804,1019,1,2074.25,Cash
T502804-1037,502804,1037,2,701.82,Cash
T502805-1046,502805,1046,2,4035.54,UPI
T502805-1025,502805,1025,1,1952.61,UPI
T502806-1014,502806,1014,3,6186.66,Cash
T502806-1073,502806,1073,3,6413.73,UPI
T502807-1032,502807,1032,3,7259.25,Cash
T502808-1051,502808,1051,3,1571.31,Card
T502808-1049,502808,1049,2,3431.52,Cash
T502808-1036,502808,1036,1,497.99,UPI
T502809-1053,502809,1053,2,3947.4,Card
T502809-1076,502809,1076,2,1450.04,Card
T502810-1064,502810,1064,4,7678.2,Wallet
T502810-1035,502810,1035,1,1189.8,UPI
T502810-1071,502810,1071,1,560.02,Wallet
T502811-1002,502811,1002,2,2228.06,Card
T502812-1022,502812,1022,1,905.68,Cash
T502812-1046,502812,1046,3,6053.31,Card
T502813-1072,502813,1072,3,3117.21,Card
T502813-1071,502813,1071,3,1680.06,Card
T502813-1048,502813,1048,1,742.17,UPI
T502814-1082,502814,1082,1,1033.78,Cash
T502814-1020,502814,1020,1,1590.21,Card
T502815-1084,502815,1084,1,442.42,Card
T502815-1005,502815,1005,4,1050.48,UPI
T502815-1033,502815,1033,2,1669.58,UPI
T502816-1005,502816,1005,2,525.24,Wallet
T502816-1042,502816,1042,1,2086.72,Cash
T502816-1049,502816,1049,4,6863.04,UPI
T502817-1068,502817,1068,4,3123.04,Wallet
T502817-1025,502817,1025,2,3905.22,UPI
T502817-1044,502817,1044,2,1603.1,Cash
T502818-1004,502818,1004,3,5257.5,Card
T502818-1025,502818,1025,4,7810.44,UPI
T502818-1083,502818,1083,4,8162.52,Card
T502819-1036,502819,1036,2,995.98,UPI
T502819-1028,502819,1028,2,276.4,Card
T502820-1042,502820,1042,3,6260.16,Wallet
T502820-1090,502820,1090,2,2535.16,UPI
T502820-1049,502820,1049,3,5147.28,Card
T502821-1078,502821,1078,3,4994.79,Cash
T502822-1088,502822,1088,4,4683.36,Cash
T502822-1062,502822,1062,3,3580.83,UPI
T502823-1025,502823,1025,3,5857.83,Cash
T502823-1081,502823,1081,3,5012.55,Wallet
T502824-1090,502824,1090,4,5070.32,UPI
T502825-1039,502825,1039,2,1180.94,Wallet
T502825-1034,502825,1034,3,2835.12,Wallet
T502826-1090,502826,1090,2,2535.16,UPI
T502826-1055,502826,1055,2,3543.52,UPI
T502826-1017,502826,1017,4,5599.28,Card
T502827-1087,502827,1087,1,1814.23,Cash
T502827-1072,502827,1072,4,4156.28,Card
T502828-1065,502828,1065,3,4793.25,UPI
T502829-1047,502829,1047,1,987.07,UPI
T502830-1043,502830,1043,4,7038.6,Card
T502831-1046,502831,1046,2,4035.54,Wallet
T502831-1035,502831,1035,3,3569.4,Card
T502831-1054,502831,1054,2,3344.36,UPI
T502832-1058,502832,1058,1,1434.79,UPI
T502832-1006,502832,1006,1,2439.79,Wallet
T502833-1082,502833,1082,1,1033.78,Wallet
T502833-1064,502833,1064,4,7678.2,Card
T502833-1021,502833,1021,3,5707.44,Wallet
T502834-1089,502834,1089,2,856.68,Wallet
T502835-1067,502835,1067,3,4233.72,Card
T502836-1021,502836,1021,3,5707.44,Card
T502836-1061,502836,1061,3,5042.88,Card
T502837-1047,502837,1047,3,2961.21,Wallet
T502837-1024,502837,1024,2,4472.02,Cash
T502837-1045,502837,1045,2,4171.36,Card
T502838-1032,502838,1032,1,2419.75,Wallet
T502838-1053,502838,1053,3,5921.1,Wallet
T502838-1018,502838,1018,2,375.26,Card
T502839-1075,502839,1075,2,348.02,Cash
T502839-1007,502839,1007,4,7640.08,Cash
T502840-1036,502840,1036,1,497.99,Card
T502841-1063,502841,1063,3,4278.39,Card
T502842-1032,502842,1032,4,9679.0,Wallet
T502842-1056,502842,1056,4,7833.6,UPI
T502842-1066,502842,1066,4,5589.36,UPI
T502843-1051,502843,1051,2,1047.54,UPI
T502844-1019,502844,1019,2,4148.5,Cash
T502845-1016,502845,1016,2,1182.56,UPI
T502845-1003,502845,1003,2,4301.48,Card
T502845-1055,502845,1055,1,1771.76,Wallet
T502846-1069,502846,1069,2,212.24,Cash
T502846-1049,502846,1049,3,5147.28,Cash
T502846-1029,502846,1029,4,1644.4,Card
T502847-1018,502847,1018,1,187.63,Wallet
T502847-1045,502847,1045,3,6257.04,Cash
T502847-1022,502847,1022,3,2717.04,Cash
T502848-1044,502848,1044,1,801.55,Cash
T502848-1021,502848,1021,2,3804.96,UPI
T502849-1051,502849,1051,2,1047.54,Cash
T502849-1084,502849,1084,1,442.42,Cash
T502850-1077,502850,1077,3,2265.54,UPI
T502851-1087,502851,1087,2,3628.46,UPI
T502851-1079,502851,1079,2,2811.74,Wallet
T502852-1056,502852,1056,2,3916.8,Wallet
T502852-1023,502852,1023,3,7282.86,Wallet
T502852-1029,502852,1029,4,1644.4,Card
T502853-1021,502853,1021,4,7609.92,Wallet
T502853-1020,502853,1020,2,3180.42,Cash
T502853-1072,502853,1072,1,1039.07,Cash
T502854-1074,502854,1074,3,1823.49,Wallet
T502854-1088,502854,1088,2,2341.68,UPI
T502855-1032,502855,1032,3,7259.25,Card
T502855-1058,502855,1058,3,4304.37,Card
T502856-1070,502856,1070,2,2217.38,Cash
T502857-1016,502857,1016,4,2365.12,Card
T502857-1017,502857,1017,3,4199.46,UPI
T502857-1039,502857,1039,2,1180.94,Wallet
T502858-1025,502858,1025,1,1952.61,Card
T502858-1073,502858,1073,4,8551.64,Wallet
T502858-1087,502858,1087,4,7256.92,UPI
T502859-1059,502859,1059,1,375.3,Wallet
T502860-1087,502860,1087,1,1814.23,Card
T502860-1072,502860,1072,4,4156.28,Wallet
T502860-1021,502860,1021,3,5707.44,UPI
T502861-1047,502861,1047,1,987.07,Card
T502861-1046,502861,1046,4,8071.08,Card
T502862-1032,502862,1032,2,4839.5,Cash
T502863-1013,502863,1013,1,1620.35,Cash
T502863-1038,502863,1038,2,2409.98,Card
T502864-1068,502864,1068,3,2342.28,Cash
T502864-1024,502864,1024,2,4472.02,UPI
T502865-1003,502865,1003,1,2150.74,Wallet
T502866-1077,502866,1077,4,3020.72,UPI
T502867-1036,502867,1036,2,995.98,Cash
T502867-1033,502867,1033,2,1669.58,UPI
T502868-1089,502868,1089,3,1285.02,Wallet
T502868-1088,502868,1088,1,1170.84,UPI
T502869-1029,502869,1029,4,1644.4,Card
T502870-1024,502870,1024,2,4472.02,Wallet
T502871-1042,502871,1042,3,6260.16,UPI
T502872-1089,502872,1089,2,856.68,UPI
T502873-1014,502873,1014,3,6186.66,Card
T502873-1007,502873,1007,2,3820.04,Wallet
T502874-1002,502874,1002,1,1114.03,Cash
T502875-1023,502875,1023,2,4855.24,Cash
T502875-1024,502875,1024,3,6708.03,Cash
T502876-1051,502876,1051,4,2095.08,UPI
T502877-1001,502877,1001,3,5825.01,Cash
T502877-1082,502877,1082,3,3101.34,Card
T502878-1073,502878,1073,2,4275.82,Cash
T502878-1019,502878,1019,3,6222.75,Cash
T502878-1069,502878,1069,3,318.36,UPI
T502879-1043,502879,1043,4,7038.6,Wallet
T502879-1047,502879,1047,3,2961.21,Cash
T502879-1087,502879,1087,1,1814.23,UPI
T502880-1039,502880,1039,1,590.47,Wallet
T502880-1057,502880,1057,3,3490.56,UPI
T502880-1031,502880,1031,3,5608.68,UPI
T502881-1021,502881,1021,3,5707.44,Cash
T502881-1025,502881,1025,1,1952.61,Card
T502881-1079,502881,1079,4,5623.48,Wallet
T502882-1079,502882,1079,1,1405.87,Wallet
T502882-1072,502882,1072,2,2078.14,Card
T502882-1036,502882,1036,2,995.98,Card
T502883-1050,502883,1050,4,1500.76,Card
T502884-1069,502884,1069,2,212.24,Cash
T502885-1020,502885,1020,2,3180.42,Card
T502886-1062,502886,1062,4,4774.44,UPI
T502886-1005,502886,1005,4,1050.48,Wallet
T502886-1060,502886,1060,2,625.78,UPI
T502887-1007,502887,1007,4,7640.08,Wallet
T502888-1085,502888,1085,1,86.1,Wallet
T502888-1008,502888,1008,1,1971.58,UPI
T502888-1062,502888,1062,1,1193.61,UPI
T502889-1021,502889,1021,1,1902.48,Wallet
T502889-1087,502889,1087,1,1814.23,Card
T502890-1008,502890,1008,3,5914.74,UPI
T502890-1019,502890,1019,1,2074.25,UPI
T502891-1002,502891,1002,3,3342.09,UPI
T502891-1072,502891,1072,1,1039.07,Wallet
T502891-1079,502891,1079,4,5623.48,Card
T502892-1007,502892,1007,1,1910.02,Wallet
T502893-1023,502893,1023,3,7282.86,Wallet
T502893-1087,502893,1087,3,5442.69,Wallet
T502893-1080,502893,1080,2,3932.46,UPI
T502894-1037,502894,1037,3,1052.73,Card
T502894-1032,502894,1032,1,2419.75,Cash
T502895-1022,502895,1022,1,905.68,Cash
T502896-1011,502896,1011,3,2837.61,Wallet
T502896-1031,502896,1031,2,3739.12,Wallet
T502897-1052,502897,1052,2,96.36,Cash
T502897-1028,502897,1028,4,552.8,UPI
T502898-1021,502898,1021,1,1902.48,Card
T502898-1054,502898,1054,4,6688.72,UPI
T502898-1071,502898,1071,2,1120.04,Card
T502899-1054,502899,1054,4,6688.72,UPI
T502900-1066,502900,1066,4,5589.36,Cash
T502900-1084,502900,1084,2,884.84,Card
T502900-1078,502900,1078,1,1664.93,Card
T502901-1010,502901,1010,2,2284.9,UPI
T502901-1050,502901,1050,4,1500.76,UPI
T502901-1036,502901,1036,1,497.99,Cash
T502902-1089,502902,1089,4,1713.36,Wallet
T502902-1037,502902,1037,4,1403.64,Cash
T502903-1079,502903,1079,3,4217.61,UPI
T502903-1025,502903,1025,1,1952.61,Wallet
T502903-1078,502903,1078,3,4994.79,Cash
T502904-1012,502904,1012,1,2319.11,UPI
T502904-1086,502904,1086,3,757.26,Card
T502904-1082,502904,1082,1,1033.78,Wallet
T502905-1037,502905,1037,2,701.82,Wallet
T502905-1060,502905,1060,2,625.78,Wallet
T502906-1001,502906,1001,1,1941.67,Cash
T502906-1015,502906,1015,4,4500.92,Card
T502906-1068,502906,1068,1,780.76,UPI
T502907-1003,502907,1003,3,6452.22,Card
T502907-1002,502907,1002,1,1114.03,Wallet
T502908-1068,502908,1068,3,2342.28,Cash
T502908-1020,502908,1020,2,3180.42,Wallet
T502909-1026,502909,1026,2,1021.52,UPI
T502909-1030,502909,1030,3,5151.39,Card
T502909-1014,502909,1014,2,4124.44,Cash
T502910-1058,502910,1058,3,4304.37,Cash
T502910-1001,502910,1001,3,5825.01,Wallet
T502910-1086,502910,1086,4,1009.68,Wallet
T502911-1061,502911,1061,1,1680.96,Cash
T502912-1028,502912,1028,3,414.6,Card
T502913-1064,502913,1064,1,1919.55,Card
T502913-1008,502913,1008,3,5914.74,Cash
T502913-1087,502913,1087,2,3628.46,Cash
T502914-1030,502914,1030,3,5151.39,Cash
T502914-1031,502914,1031,1,1869.56,Wallet
T502915-1061,502915,1061,1,1680.96,Card
T502916-1051,502916,1051,4,2095.08,Card
T502916-1076,502916,1076,2,1450.04,UPI
T502917-1058,502917,1058,3,4304.37,Wallet
T502917-1020,502917,1020,3,4770.63,Cash
T502917-1040,502917,1040,1,1684.44,UPI
T502918-1048,502918,1048,4,2968.68,Cash
T502918-1049,502918,1049,1,1715.76,Card
T502919-1048,502919,1048,3,2226.51,Cash
T502920-1028,502920,1028,2,276.4,UPI
T502920-1016,502920,1016,4,2365.12,UPI
T502921-1066,502921,1066,2,2794.68,Cash
T502921-1037,502921,1037,2,701.82,Card
T502922-1069,502922,1069,2,212.24,Card
T502922-1087,502922,1087,3,5442.69,Cash
T502923-1039,502923,1039,4,2361.88,Wallet
T502923-1036,502923,1036,1,497.99,UPI
T502924-1039,502924,1039,3,1771.41,Cash
T502924-1055,502924,1055,4,7087.04,Wallet
T502924-1014,502924,1014,2,4124.44,Cash
T502925-1023,502925,1023,1,2427.62,Card
T502925-1087,502925,1087,2,3628.46,Wallet
T502925-1058,502925,1058,2,2869.58,UPI
T502926-1018,502926,1018,2,375.26,Card
T502927-1029,502927,1029,1,411.1,Wallet
T502927-1041,502927,1041,2,2219.54,UPI
T502928-1050,502928,1050,3,1125.57,UPI
T502929-1083,502929,1083,4,8162.52,Cash
T502929-1020,502929,1020,4,6360.84,Cash
T502930-1058,502930,1058,2,2869.58,Wallet
T502931-1017,502931,1017,1,1399.82,Cash
T502931-1011,502931,1011,1,945.87,UPI
T502932-1051,502932,1051,2,1047.54,Card
T502932-1003,502932,1003,2,4301.48,UPI
T502932-1031,502932,1031,2,3739.12,Wallet
T502933-1081,502933,1081,2,3341.7,Cash
T502934-1085,502934,1085,3,258.3,Cash
T502934-1090,502934,1090,4,5070.32,Cash
T502934-1065,502934,1065,2,3195.5,Wallet
T502935-1071,502935,1071,1,560.02,Card
T502935-1056,502935,1056,2,3916.8,Card
T502935-1006,502935,1006,3,7319.37,Cash
T502936-1063,502936,1063,2,2852.26,UPI
T502937-1021,502937,1021,1,1902.48,Wallet
T502937-1028,502937,1028,3,414.6,Card
T502937-1065,502937,1065,2,3195.5,Cash
T502938-1086,502938,1086,2,504.84,UPI
T502938-1024,502938,1024,3,6708.03,Cash
T502938-1008,502938,1008,2,3943.16,Wallet
T502939-1011,502939,1011,3,2837.61,Cash
T502940-1075,502940,1075,4,696.04,UPI
T502940-1046,502940,1046,3,6053.31,Wallet
T502940-1083,502940,1083,1,2040.63,Wallet
T502941-1014,502941,1014,3,6186.66,Wallet
T502941-1039,502941,1039,2,1180.94,UPI
T502941-1058,502941,1058,4,5739.16,Card
T502942-1037,502942,1037,4,1403.64,Cash
T502942-1006,502942,1006,2,4879.58,Wallet
T502942-1071,502942,1071,1,560.02,UPI
T502943-1085,502943,1085,4,344.4,Wallet
T502943-1081,502943,1081,3,5012.55,UPI
T502944-1057,502944,1057,2,2327.04,UPI
T502944-1076,502944,1076,2,1450.04,Card
T502944-1013,502944,1013,4,6481.4,UPI
T502945-1014,502945,1014,2,4124.44,Cash
T502945-1064,502945,1064,1,1919.55,UPI
T502945-1084,502945,1084,2,884.84,UPI
T502946-1035,502946,1035,3,3569.4,UPI
T502947-1089,502947,1089,1,428.34,Cash
T502947-1075,502947,1075,4,696.04,UPI
T502947-1018,502947,1018,2,375.26,Card
T502948-1046,502948,1046,3,6053.31,Card
T502948-1054,502948,1054,1,1672.18,Cash
T502948-1008,502948,1008,2,3943.16,UPI
T502949-1032,502949,1032,2,4839.5,UPI
T502949-1081,502949,1081,2,3341.7,UPI
T502950-1026,502950,1026,3,1532.28,UPI
T502951-1004,502951,1004,4,7010.0,Wallet
T502952-1042,502952,1042,2,4173.44,Cash
T502953-1059,502953,1059,3,1125.9,Wallet
T502953-1023,502953,1023,1,2427.62,Cash
T502954-1072,502954,1072,3,3117.21,Cash
T502954-1002,502954,1002,3,3342.09,Card
T502954-1086,502954,1086,1,252.42,UPI
T502955-1028,502955,1028,2,276.4,Wallet
T502955-1027,502955,1027,1,1182.8,Wallet
T502956-1058,502956,1058,1,1434.79,Card
T502957-1068,502957,1068,3,2342.28,Cash
T502957-1057,502957,1057,1,1163.52,Wallet
T502957-1046,502957,1046,3,6053.31,Card
T502958-1055,502958,1055,4,7087.04,Wallet
T502959-1056,502959,1056,2,3916.8,Cash
T502959-1086,502959,1086,2,504.84,Card
T502959-1079,502959,1079,4,5623.48,Cash
T502960-1046,502960,1046,3,6053.31,Wallet
T502960-1017,502960,1017,2,2799.64,Wallet
T502961-1086,502961,1086,3,757.26,Card
T502961-1045,502961,1045,3,6257.04,UPI
T502962-1082,502962,1082,2,2067.56,UPI
T502962-1007,502962,1007,1,1910.02,Cash
T502962-1032,502962,1032,2,4839.5,UPI
T502963-1087,502963,1087,2,3628.46,UPI
T502963-1036,502963,1036,1,497.99,Cash
T502964-1065,502964,1065,4,6391.0,Card
T502965-1074,502965,1074,4,2431.32,Wallet
T502966-1072,502966,1072,1,1039.07,Wallet
T502966-1087,502966,1087,2,3628.46,Card
T502966-1066,502966,1066,3,4192.02,UPI
T502967-1077,502967,1077,4,3020.72,Cash
T502967-1002,502967,1002,3,3342.09,Wallet
T502967-1064,502967,1064,4,7678.2,Cash
T502968-1060,502968,1060,1,312.89,UPI
T502969-1042,502969,1042,4,8346.88,UPI
T502970-1009,502970,1009,1,346.44,Cash
T502971-1072,502971,1072,4,4156.28,Cash
T502971-1083,502971,1083,1,2040.63,UPI
T502971-1005,502971,1005,2,525.24,Wallet
T502972-1043,502972,1043,2,3519.3,Cash
T502972-1051,502972,1051,3,1571.31,Cash
T502972-1048,502972,1048,4,2968.68,Cash
T502973-1071,502973,1071,4,2240.08,Card
T502973-1028,502973,1028,2,276.4,Card
T502973-1047,502973,1047,1,987.07,Card
T502974-1033,502974,1033,1,834.79,Card
T502975-1075,502975,1075,3,522.03,UPI
T502975-1051,502975,1051,4,2095.08,Cash
T502975-1079,502975,1079,3,4217.61,UPI
T502976-1074,502976,1074,2,1215.66,Cash
T502976-1041,502976,1041,1,1109.77,Cash
T502977-1022,502977,1022,2,1811.36,UPI
T502978-1038,502978,1038,3,3614.97,UPI
T502979-1061,502979,1061,4,6723.84,Cash
T502980-1074,502980,1074,2,1215.66,Card
T502980-1006,502980,1006,3,7319.37,Wallet
T502981-1014,502981,1014,1,2062.22,Card
T502981-1044,502981,1044,2,1603.1,Cash
T502981-1069,502981,1069,2,212.24,Cash
T502982-1079,502982,1079,3,4217.61,Wallet
T502982-1017,502982,1017,2,2799.64,Card
T502983-1087,502983,1087,1,1814.23,Wallet
T502983-1018,502983,1018,2,375.26,Wallet
T502984-1012,502984,1012,4,9276.44,Card
T502985-1076,502985,1076,2,1450.04,Wallet
T502986-1053,502986,1053,2,3947.4,Card
T502986-1068,502986,1068,3,2342.28,Cash
T502987-1036,502987,1036,2,995.98,Wallet
T502988-1008,502988,1008,2,3943.16,Card
T502988-1051,502988,1051,4,2095.08,Wallet
T502989-1056,502989,1056,4,7833.6,UPI
T502990-1001,502990,1001,1,1941.67,Card
T502990-1045,502990,1045,1,2085.68,Cash
T502991-1004,502991,1004,3,5257.5,Card
T502991-1045,502991,1045,3,6257.04,Cash
T502991-1024,502991,1024,1,2236.01,Cash
T502992-1013,502992,1013,3,4861.05,Wallet
T502992-1026,502992,1026,3,1532.28,UPI
T502992-1039,502992,1039,3,1771.41,UPI
T502993-1090,502993,1090,4,5070.32,Wallet
T502993-1084,502993,1084,4,1769.68,Wallet
T502994-1011,502994,1011,3,2837.61,UPI
T502995-1088,502995,1088,4,4683.36,Card
T502996-1024,502996,1024,2,4472.02,Cash
T502996-1048,502996,1048,4,2968.68,Wallet
T502997-1060,502997,1060,3,938.67,UPI
T502998-1060,502998,1060,2,625.78,Wallet
T502998-1053,502998,1053,3,5921.1,Cash
T502998-1064,502998,1064,1,1919.55,UPI
T502999-1032,502999,1032,3,7259.25,UPI
T502999-1084,502999,1084,2,884.84,Card
T502999-1041,502999,1041,3,3329.31,Card
T503000-1027,503000,1027,3,3548.4,Cash
T503000-1013,503000,1013,3,4861.05,UPI
T503001-1064,503001,1064,2,3839.1,Cash
T503001-1045,503001,1045,2,4171.36,Wallet
T503002-1026,503002,1026,3,1532.28,UPI
T503003-1048,503003,1048,1,742.17,Card
T503003-1003,503003,1003,2,4301.48,UPI
T503004-1051,503004,1051,3,1571.31,Wallet
T503004-1060,503004,1060,3,938.67,Cash
T503005-1045,503005,1045,1,2085.68,Card
T503005-1059,503005,1059,1,375.3,Card
T503005-1066,503005,1066,4,5589.36,UPI
T503006-1029,503006,1029,3,1233.3,Card
T503006-1050,503006,1050,3,1125.57,Wallet
T503006-1043,503006,1043,4,7038.6,Card
T503007-1046,503007,1046,4,8071.08,UPI
T503007-1038,503007,1038,1,1204.99,Wallet
T503008-1062,503008,1062,4,4774.44,Wallet
T503008-1006,503008,1006,3,7319.37,Card
T503009-1054,503009,1054,1,1672.18,UPI
T503009-1082,503009,1082,3,3101.34,Card
T503010-1054,503010,1054,1,1672.18,UPI
T503010-1036,503010,1036,3,1493.97,Cash
T503011-1010,503011,1010,1,1142.45,Card
T503011-1012,503011,1012,1,2319.11,Cash
T503011-1013,503011,1013,3,4861.05,UPI
T503012-1064,503012,1064,4,7678.2,Wallet
T503013-1047,503013,1047,4,3948.28,Card
T503013-1073,503013,1073,2,4275.82,UPI
T503014-1034,503014,1034,4,3780.16,Card
T503015-1043,503015,1043,3,5278.95,Card
T503015-1078,503015,1078,2,3329.86,Wallet
T503016-1023,503016,1023,4,9710.48,Card
T503016-1076,503016,1076,4,2900.08,Wallet
T503017-1018,503017,1018,3,562.89,Cash
T503018-1050,503018,1050,1,375.19,Wallet
T503019-1072,503019,1072,2,2078.14,Card
T503019-1088,503019,1088,3,3512.52,Wallet
T503019-1020,503019,1020,2,3180.42,Cash
T503020-1080,503020,1080,2,3932.46,Wallet
T503021-1029,503021,1029,4,1644.4,UPI
T503022-1029,503022,1029,4,1644.4,Card
T503022-1036,503022,1036,3,1493.97,UPI
T503023-1067,503023,1067,3,4233.72,UPI
T503024-1037,503024,1037,1,350.91,UPI
T503024-1042,503024,1042,4,8346.88,Cash
T503024-1028,503024,1028,2,276.4,Wallet
T503025-1065,503025,1065,3,4793.25,UPI
T503025-1062,503025,1062,3,3580.83,UPI
T503025-1086,503025,1086,1,252.42,Cash
T503026-1015,503026,1015,1,1125.23,Cash
T503026-1089,503026,1089,2,856.68,Wallet
T503027-1083,503027,1083,4,8162.52,Cash
T503027-1067,503027,1067,1,1411.24,Wallet
T503027-1039,503027,1039,2,1180.94,UPI
T503028-1065,503028,1065,4,6391.0,UPI
T503028-1053,503028,1053,4,7894.8,UPI
T503028-1078,503028,1078,2,3329.86,UPI
T503029-1079,503029,1079,4,5623.48,Wallet
T503029-1058,503029,1058,1,1434.79,Wallet
T503030-1066,503030,1066,2,2794.68,Card
T503030-1003,503030,1003,4,8602.96,UPI
T503030-1006,503030,1006,1,2439.79,Wallet
T503031-1087,503031,1087,2,3628.46,Card
T503031-1079,503031,1079,4,5623.48,Cash
T503031-1004,503031,1004,1,1752.5,UPI
T503032-1074,503032,1074,1,607.83,Card
T503032-1064,503032,1064,3,5758.65,Wallet
T503033-1061,503033,1061,1,1680.96,Cash
T503034-1073,503034,1073,2,4275.82,Card
T503034-1041,503034,1041,3,3329.31,Cash
T503034-1043,503034,1043,3,5278.95,UPI
T503035-1022,503035,1022,1,905.68,Card
T503036-1085,503036,1085,4,344.4,UPI
T503036-1035,503036,1035,3,3569.4,Wallet
T503037-1052,503037,1052,2,96.36,Wallet
T503037-1034,503037,1034,4,3780.16,UPI
T503037-1019,503037,1019,4,8297.0,Cash
T503038-1028,503038,1028,1,138.2,Cash
T503038-1031,503038,1031,3,5608.68,UPI
T503039-1047,503039,1047,3,2961.21,Card
T503040-1047,503040,1047,1,987.07,Cash
T503040-1010,503040,1010,1,1142.45,UPI
T503040-1048,503040,1048,1,742.17,Wallet
T503041-1004,503041,1004,4,7010.0,UPI
T503041-1063,503041,1063,1,1426.13,UPI
T503041-1054,503041,1054,4,6688.72,UPI
T503042-1066,503042,1066,2,2794.68,Cash
T503043-1054,503043,1054,2,3344.36,Wallet
T503043-1008,503043,1008,1,1971.58,UPI
T503044-1034,503044,1034,4,3780.16,Wallet
T503044-1062,503044,1062,4,4774.44,UPI
T503044-1027,503044,1027,3,3548.4,Wallet
T503045-1044,503045,1044,1,801.55,Wallet
T503045-1014,503045,1014,1,2062.22,Cash
T503045-1032,503045,1032,3,7259.25,UPI
T503046-1010,503046,1010,1,1142.45,UPI
T503046-1084,503046,1084,4,1769.68,UPI
T503047-1075,503047,1075,4,696.04,UPI
T503048-1016,503048,1016,2,1182.56,Cash
T503048-1018,503048,1018,1,187.63,Card
T503049-1082,503049,1082,3,3101.34,Card
T503049-1053,503049,1053,4,7894.8,Card
T503050-1056,503050,1056,1,1958.4,Card
T503050-1040,503050,1040,1,1684.44,UPI
T503051-1033,503051,1033,1,834.79,Wallet
T503052-1071,503052,1071,2,1120.04,Wallet
T503052-1080,503052,1080,2,3932.46,Wallet
T503053-1088,503053,1088,2,2341.68,Cash
T503054-1021,503054,1021,1,1902.48,UPI
T503054-1030,503054,1030,4,6868.52,UPI
T503055-1027,503055,1027,4,4731.2,Card
T503055-1033,503055,1033,1,834.79,UPI
T503055-1029,503055,1029,3,1233.3,Wallet
T503056-1054,503056,1054,1,1672.18,UPI
T503057-1023,503057,1023,4,9710.48,UPI
T503057-1028,503057,1028,1,138.2,Wallet
T503057-1012,503057,1012,3,6957.33,Card
T503058-1072,503058,1072,4,4156.28,UPI
T503059-1042,503059,1042,2,4173.44,Card
T503059-1044,503059,1044,4,3206.2,Wallet
T503060-1065,503060,1065,3,4793.25,Card
T503061-1068,503061,1068,2,1561.52,UPI
T503062-1039,503062,1039,1,590.47,Card
T503062-1082,503062,1082,2,2067.56,UPI
T503062-1038,503062,1038,1,1204.99,Wallet
T503063-1027,503063,1027,1,1182.8,UPI
T503063-1055,503063,1055,2,3543.52,UPI
T503063-1013,503063,1013,2,3240.7,Cash
T503064-1001,503064,1001,3,5825.01,UPI
T503064-1032,503064,1032,4,9679.0,Card
T503064-1075,503064,1075,3,522.03,Card
T503065-1048,503065,1048,3,2226.51,Cash
T503066-1042,503066,1042,1,2086.72,UPI
T503066-1027,503066,1027,3,3548.4,Wallet
T503066-1068,503066,1068,2,1561.52,UPI
T503067-1076,503067,1076,3,2175.06,Card
T503068-1033,503068,1033,4,3339.16,Wallet
T503068-1055,503068,1055,1,1771.76,Cash
T503068-1010,503068,1010,2,2284.9,Card
T503069-1053,503069,1053,4,7894.8,UPI
T503070-1057,503070,1057,1,1163.52,Wallet
T503070-1058,503070,1058,3,4304.37,Cash
T503071-1035,503071,1035,4,4759.2,Card
T503071-1023,503071,1023,1,2427.62,UPI
T503072-1074,503072,1074,2,1215.66,UPI
T503072-1021,503072,1021,2,3804.96,Cash
T503073-1042,503073,1042,3,6260.16,Wallet
T503073-1046,503073,1046,3,6053.31,UPI
T503073-1066,503073,1066,2,2794.68,Card
T503074-1082,503074,1082,2,2067.56,UPI
T503075-1034,503075,1034,4,3780.16,Wallet
T503075-1012,503075,1012,2,4638.22,Wallet
T503076-1080,503076,1080,4,7864.92,UPI
T503077-1063,503077,1063,1,1426.13,Wallet
T503078-1004,503078,1004,1,1752.5,Cash
T503078-1020,503078,1020,1,1590.21,Cash
T503078-1070,503078,1070,1,1108.69,Wallet
T503079-1056,503079,1056,4,7833.6,Wallet
T503079-1028,503079,1028,2,276.4,Cash
T503079-1044,503079,1044,1,801.55,Cash
T503080-1028,503080,1028,4,552.8,UPI
T503080-1026,503080,1026,3,1532.28,Wallet
T503081-1014,503081,1014,4,8248.88,Wallet
T503082-1024,503082,1024,3,6708.03,Cash
T503083-1049,503083,1049,4,6863.04,Cash
T503083-1024,503083,1024,2,4472.02,Card
T503084-1039,503084,1039,1,590.47,Card
T503084-1018,503084,1018,4,750.52,Cash
T503085-1009,503085,1009,1,346.44,UPI
T503085-1058,503085,1058,1,1434.79,UPI
T503085-1070,503085,1070,2,2217.38,UPI
T503086-1008,503086,1008,2,3943.16,Wallet
T503086-1086,503086,1086,1,252.42,UPI
T503086-1053,503086,1053,2,3947.4,Cash
T503087-1001,503087,1001,1,1941.67,UPI
T503088-1042,503088,1042,3,6260.16,Wallet
T503088-1087,503088,1087,3,5442.69,Wallet
T503088-1002,503088,1002,3,3342.09,Cash
T503089-1071,503089,1071,3,1680.06,Card
T503089-1069,503089,1069,3,318.36,Wallet
T503089-1063,503089,1063,1,1426.13,Cash
T503090-1024,503090,1024,4,8944.04,UPI
T503090-1001,503090,1001,3,5825.01,UPI
T503090-1023,503090,1023,4,9710.48,Card
T503091-1068,503091,1068,2,1561.52,Card
T503091-1084,503091,1084,3,1327.26,Wallet
T503092-1036,503092,1036,1,497.99,Cash
T503092-1068,503092,1068,3,2342.28,Cash
T503093-1015,503093,1015,2,2250.46,Card
T503094-1075,503094,1075,3,522.03,Card
T503094-1055,503094,1055,4,7087.04,Cash
T503094-1003,503094,1003,2,4301.48,Cash
T503095-1052,503095,1052,2,96.36,Wallet
T503095-1064,503095,1064,2,3839.1,Wallet
T503095-1066,503095,1066,3,4192.02,Card
T503096-1012,503096,1012,3,6957.33,Wallet
T503096-1044,503096,1044,4,3206.2,Card
T503097-1035,503097,1035,4,4759.2,UPI
T503097-1083,503097,1083,1,2040.63,Cash
T503097-1072,503097,1072,1,1039.07,Wallet
T503098-1031,503098,1031,4,7478.24,Cash
T503099-1056,503099,1056,1,1958.4,Cash
T503099-1046,503099,1046,4,8071.08,Cash
T503099-1090,503099,1090,2,2535.16,Wallet
T503100-1025,503100,1025,3,5857.83,Wallet
T503100-1013,503100,1013,2,3240.7,Cash
T503101-1079,503101,1079,4,5623.48,UPI
T503101-1035,503101,1035,4,4759.2,Card
T503101-1002,503101,1002,1,1114.03,Cash
T503102-1058,503102,1058,3,4304.37,Wallet
T503102-1028,503102,1028,2,276.4,Wallet
T503102-1015,503102,1015,2,2250.46,Card
T503103-1049,503103,1049,4,6863.04,UPI
T503103-1021,503103,1021,4,7609.92,Wallet
T503104-1061,503104,1061,2,3361.92,Cash
T503105-1020,503105,1020,2,3180.42,UPI
T503106-1071,503106,1071,3,1680.06,UPI
T503106-1078,503106,1078,1,1664.93,Cash
T503107-1064,503107,1064,1,1919.55,UPI
T503108-1019,503108,1019,3,6222.75,Card
T503108-1006,503108,1006,3,7319.37,Wallet
T503108-1071,503108,1071,3,1680.06,Card
T503109-1062,503109,1062,3,3580.83,Wallet
T503109-1051,503109,1051,4,2095.08,Card
T503109-1079,503109,1079,1,1405.87,UPI
T503110-1088,503110,1088,1,1170.84,Cash
T503110-1072,503110,1072,2,2078.14,Card
T503111-1007,503111,1007,3,5730.06,Cash
T503112-1078,503112,1078,4,6659.72,UPI
T503112-1043,503112,1043,2,3519.3,UPI
T503112-1058,503112,1058,3,4304.37,Card
T503113-1027,503113,1027,2,2365.6,UPI
T503113-1059,503113,1059,4,1501.2,Wallet
T503114-1032,503114,1032,2,4839.5,Cash
T503114-1043,503114,1043,3,5278.95,Card
T503114-1010,503114,1010,2,2284.9,Wallet
T503115-1048,503115,1048,4,2968.68,Wallet
T503115-1001,503115,1001,1,1941.67,Card
T503115-1045,503115,1045,2,4171.36,Wallet
T503116-1053,503116,1053,3,5921.1,Wallet
T503116-1004,503116,1004,1,1752.5,Wallet
T503117-1020,503117,1020,4,6360.84,Cash
T503117-1005,503117,1005,2,525.24,Cash
T503118-1058,503118,1058,4,5739.16,Wallet
T503118-1037,503118,1037,4,1403.64,UPI
T503119-1058,503119,1058,2,2869.58,UPI
T503119-1024,503119,1024,3,6708.03,Cash
T503120-1031,503120,1031,1,1869.56,Card
T503120-1069,503120,1069,3,318.36,UPI
T503121-1078,503121,1078,3,4994.79,Card
T503121-1040,503121,1040,4,6737.76,UPI
T503122-1054,503122,1054,1,1672.18,Cash
T503122-1022,503122,1022,3,2717.04,Wallet
T503123-1014,503123,1014,3,6186.66,Wallet
T503124-1019,503124,1019,2,4148.5,UPI
T503124-1037,503124,1037,3,1052.73,Card
T503124-1025,503124,1025,1,1952.61,UPI
T503125-1066,503125,1066,1,1397.34,Card
T503125-1044,503125,1044,4,3206.2,Card
T503125-1069,503125,1069,3,318.36,Wallet
T503126-1017,503126,1017,1,1399.82,UPI
T503126-1046,503126,1046,3,6053.31,UPI
T503127-1033,503127,1033,2,1669.58,Wallet
T503127-1043,503127,1043,2,3519.3,Wallet
T503128-1038,503128,1038,2,2409.98,Card
T503128-1069,503128,1069,4,424.48,Cash
T503128-1041,503128,1041,3,3329.31,Cash
T503129-1022,503129,1022,4,3622.72,Card
T503130-1076,503130,1076,4,2900.08,UPI
T503130-1052,503130,1052,1,48.18,UPI
T503130-1032,503130,1032,3,7259.25,Wallet
T503131-1078,503131,1078,3,4994.79,UPI
T503131-1082,503131,1082,1,1033.78,UPI
T503131-1079,503131,1079,2,2811.74,Card
T503132-1047,503132,1047,4,3948.28,UPI
T503132-1033,503132,1033,2,1669.58,Wallet
T503133-1028,503133,1028,1,138.2,Cash
T503133-1053,503133,1053,1,1973.7,Wallet
T503133-1046,503133,1046,3,6053.31,Cash
T503134-1073,503134,1073,2,4275.82,Card
T503134-1070,503134,1070,3,3326.07,Wallet
T503134-1077,503134,1077,2,1510.36,Cash
T503135-1074,503135,1074,2,1215.66,UPI
T503135-1055,503135,1055,2,3543.52,Card
T503136-1088,503136,1088,4,4683.36,Card
T503137-1012,503137,1012,2,4638.22,Card
T503137-1024,503137,1024,4,8944.04,Cash
T503137-1038,503137,1038,1,1204.99,UPI
T503138-1023,503138,1023,3,7282.86,UPI
T503139-1004,503139,1004,3,5257.5,Wallet
T503140-1081,503140,1081,2,3341.7,Wallet
T503140-1062,503140,1062,3,3580.83,UPI
T503141-1081,503141,1081,2,3341.7,Card
T503142-1003,503142,1003,3,6452.22,Card
T503142-1068,503142,1068,3,2342.28,UPI
T503142-1056,503142,1056,3,5875.2,Card
T503143-1044,503143,1044,2,1603.1,UPI
T503143-1089,503143,1089,2,856.68,Cash
T503144-1053,503144,1053,2,3947.4,Card
T503144-1047,503144,1047,1,987.07,Card
T503144-1003,503144,1003,2,4301.48,UPI
T503145-1004,503145,1004,4,7010.0,Card
T503146-1041,503146,1041,4,4439.08,Cash
T503146-1073,503146,1073,3,6413.73,Wallet
T503146-1074,503146,1074,1,607.83,UPI
T503147-1040,503147,1040,2,3368.88,Wallet
T503147-1002,503147,1002,2,2228.06,Wallet
T503147-1012,503147,1012,4,9276.44,Cash
T503148-1030,503148,1030,4,6868.52,UPI
T503148-1061,503148,1061,3,5042.88,UPI
T503149-1008,503149,1008,4,7886.32,Cash
T503149-1050,503149,1050,3,1125.57,Cash
T503150-1066,503150,1066,3,4192.02,UPI
T503151-1035,503151,1035,2,2379.6,Wallet
T503151-1046,503151,1046,2,4035.54,Cash
T503152-1011,503152,1011,2,1891.74,Wallet
T503153-1036,503153,1036,4,1991.96,Card
T503154-1002,503154,1002,1,1114.03,Cash
T503154-1012,503154,1012,3,6957.33,UPI
T503154-1011,503154,1011,1,945.87,UPI
T503155-1048,503155,1048,4,2968.68,Card
T503156-1009,503156,1009,2,692.88,Wallet
T503156-1028,503156,1028,1,138.2,Wallet
T503157-1032,503157,1032,3,7259.25,Wallet
T503157-1057,503157,1057,3,3490.56,UPI
T503158-1019,503158,1019,3,6222.75,Cash
T503158-1081,503158,1081,4,6683.4,Cash
T503159-1022,503159,1022,3,2717.04,Wallet
T503160-1022,503160,1022,4,3622.72,Cash
T503160-1066,503160,1066,3,4192.02,Wallet
T503161-1079,503161,1079,2,2811.74,Cash
T503162-1080,503162,1080,1,1966.23,UPI
T503162-1018,503162,1018,4,750.52,Wallet
T503163-1070,503163,1070,1,1108.69,UPI
T503163-1059,503163,1059,3,1125.9,Wallet
T503164-1087,503164,1087,3,5442.69,Wallet
T503164-1037,503164,1037,3,1052.73,Card
T503165-1029,503165,1029,1,411.1,UPI
T503166-1043,503166,1043,1,1759.65,Cash
T503166-1003,503166,1003,1,2150.74,Card
T503167-1005,503167,1005,1,262.62,UPI
T503168-1060,503168,1060,1,312.89,Wallet
T503169-1037,503169,1037,2,701.82,Wallet
T503169-1079,503169,1079,3,4217.61,Cash
T503170-1064,503170,1064,3,5758.65,Card
T503170-1056,503170,1056,1,1958.4,Wallet
T503170-1053,503170,1053,2,3947.4,Card
T503171-1014,503171,1014,4,8248.88,Wallet
T503171-1004,503171,1004,3,5257.5,Wallet
T503171-1067,503171,1067,2,2822.48,Cash
T503172-1048,503172,1048,2,1484.34,Wallet
T503173-1052,503173,1052,1,48.18,Card
T503173-1019,503173,1019,3,6222.75,Cash
T503174-1062,503174,1062,1,1193.61,Wallet
T503175-1003,503175,1003,3,6452.22,Wallet
T503176-1016,503176,1016,4,2365.12,Cash
T503176-1086,503176,1086,4,1009.68,Wallet
T503176-1053,503176,1053,4,7894.8,Cash
T503177-1016,503177,1016,4,2365.12,Card
T503177-1005,503177,1005,2,525.24,Cash
T503177-1014,503177,1014,2,4124.44,Cash
T503178-1065,503178,1065,4,6391.0,UPI
T503179-1013,503179,1013,3,4861.05,Wallet
T503180-1064,503180,1064,1,1919.55,Wallet
T503180-1052,503180,1052,1,48.18,Wallet
T503180-1069,503180,1069,2,212.24,Cash
T503181-1029,503181,1029,4,1644.4,UPI
T503182-1057,503182,1057,4,4654.08,Card
T503183-1014,503183,1014,4,8248.88,UPI
T503184-1034,503184,1034,4,3780.16,Wallet
T503184-1084,503184,1084,3,1327.26,Wallet
T503185-1061,503185,1061,3,5042.88,Cash
T503185-1030,503185,1030,3,5151.39,Card
T503185-1006,503185,1006,1,2439.79,Cash
T503186-1013,503186,1013,2,3240.7,Cash
T503186-1064,503186,1064,1,1919.55,Wallet
T503186-1007,503186,1007,2,3820.04,Card
T503187-1077,503187,1077,1,755.18,UPI
T503187-1072,503187,1072,4,4156.28,Wallet
T503188-1029,503188,1029,1,411.1,Wallet
T503188-1082,503188,1082,3,3101.34,UPI
T503189-1069,503189,1069,1,106.12,UPI
T503189-1003,503189,1003,3,6452.22,UPI
T503189-1019,503189,1019,2,4148.5,Wallet
T503190-1075,503190,1075,4,696.04,UPI
T503190-1044,503190,1044,3,2404.65,Wallet
T503190-1066,503190,1066,3,4192.02,Card
T503191-1041,503191,1041,4,4439.08,Card
T503191-1067,503191,1067,1,1411.24,Card
T503192-1009,503192,1009,3,1039.32,Card
T503192-1029,503192,1029,2,822.2,UPI
T503192-1056,503192,1056,4,7833.6,Card
T503193-1041,503193,1041,2,2219.54,Wallet
T503193-1058,503193,1058,4,5739.16,Card
T503193-1051,503193,1051,1,523.77,Wallet
T503194-1085,503194,1085,1,86.1,UPI
T503194-1070,503194,1070,1,1108.69,UPI
T503194-1003,503194,1003,1,2150.74,Card
T503195-1031,503195,1031,2,3739.12,Card
T503195-1016,503195,1016,1,591.28,UPI
T503196-1088,503196,1088,1,1170.84,Cash
T503197-1032,503197,1032,1,2419.75,Cash
T503197-1007,503197,1007,3,5730.06,Card
T503198-1057,503198,1057,4,4654.08,Wallet
T503199-1062,503199,1062,1,1193.61,Wallet
T503200-1067,503200,1067,4,5644.96,UPI
T503200-1049,503200,1049,4,6863.04,Card
T503201-1039,503201,1039,1,590.47,Cash
T503202-1035,503202,1035,4,4759.2,Card
T503202-1040,503202,1040,1,1684.44,Cash
T503203-1082,503203,1082,2,2067.56,Cash
T503203-1035,503203,1035,1,1189.8,Cash
T503203-1011,503203,1011,2,1891.74,Card
T503204-1073,503204,1073,2,4275.82,Wallet
T503205-1086,503205,1086,2,504.84,Wallet
T503205-1067,503205,1067,2,2822.48,Wallet
T503205-1041,503205,1041,1,1109.77,Wallet
T503206-1076,503206,1076,4,2900.08,Cash
T503207-1075,503207,1075,1,174.01,Cash
T503207-1050,503207,1050,1,375.19,Card
T503207-1046,503207,1046,4,8071.08,Cash
T503208-1053,503208,1053,3,5921.1,UPI
T503208-1045,503208,1045,2,4171.36,Card
T503209-1072,503209,1072,4,4156.28,Card
T503209-1034,503209,1034,4,3780.16,Card
T503209-1057,503209,1057,2,2327.04,UPI
T503210-1026,503210,1026,1,510.76,Wallet
T503210-1064,503210,1064,1,1919.55,UPI
T503210-1027,503210,1027,1,1182.8,Card
T503211-1007,503211,1007,4,7640.08,UPI
T503211-1057,503211,1057,1,1163.52,UPI
T503212-1019,503212,1019,3,6222.75,Cash
T503212-1053,503212,1053,3,5921.1,Cash
T503213-1086,503213,1086,2,504.84,Cash
T503213-1036,503213,1036,3,1493.97,UPI
T503213-1074,503213,1074,4,2431.32,UPI
T503214-1032,503214,1032,3,7259.25,UPI
T503214-1041,503214,1041,3,3329.31,Cash
T503215-1072,503215,1072,1,1039.07,Wallet
T503215-1079,503215,1079,4,5623.48,Card
T503215-1014,503215,1014,4,8248.88,Cash
T503216-1015,503216,1015,1,1125.23,UPI
T503216-1066,503216,1066,1,1397.34,Card
T503217-1087,503217,1087,1,1814.23,UPI
T503217-1090,503217,1090,1,1267.58,Wallet
T503218-1081,503218,1081,3,5012.55,Card
T503219-1024,503219,1024,3,6708.03,UPI
T503219-1042,503219,1042,1,2086.72,Card
T503219-1014,503219,1014,4,8248.88,UPI
T503220-1030,503220,1030,2,3434.26,UPI
T503220-1047,503220,1047,1,987.07,UPI
T503220-1010,503220,1010,3,3427.35,UPI
T503221-1020,503221,1020,2,3180.42,Cash
T503221-1003,503221,1003,2,4301.48,UPI
T503222-1028,503222,1028,2,276.4,Cash
T503223-1067,503223,1067,1,1411.24,Wallet
T503223-1023,503223,1023,4,9710.48,Card
T503224-1001,503224,1001,4,7766.68,UPI
T503225-1009,503225,1009,2,692.88,Wallet
T503226-1052,503226,1052,3,144.54,Wallet
T503227-1059,503227,1059,3,1125.9,Wallet
T503227-1076,503227,1076,1,725.02,Card
T503227-1087,503227,1087,4,7256.92,UPI
T503228-1049,503228,1049,2,3431.52,Wallet
T503228-1008,503228,1008,2,3943.16,Card
T503229-1076,503229,1076,4,2900.08,Card
T503229-1046,503229,1046,1,2017.77,UPI
T503229-1042,503229,1042,3,6260.16,Card
T503230-1090,503230,1090,1,1267.58,UPI
T503230-1078,503230,1078,2,3329.86,UPI
T503230-1017,503230,1017,1,1399.82,Wallet
T503231-1047,503231,1047,2,1974.14,UPI
T503231-1030,503231,1030,3,5151.39,UPI
T503232-1060,503232,1060,4,1251.56,UPI
T503232-1081,503232,1081,1,1670.85,UPI
T503232-1052,503232,1052,3,144.54,UPI
T503233-1005,503233,1005,1,262.62,Cash
T503234-1024,503234,1024,1,2236.01,Card
T503235-1018,503235,1018,2,375.26,Wallet
T503235-1048,503235,1048,4,2968.68,UPI
T503235-1029,503235,1029,3,1233.3,Wallet
T503236-1017,503236,1017,3,4199.46,Cash
T503236-1024,503236,1024,2,4472.02,Card
T503236-1065,503236,1065,1,1597.75,Wallet
T503237-1055,503237,1055,1,1771.76,UPI
T503237-1012,503237,1012,4,9276.44,Cash
T503237-1025,503237,1025,2,3905.22,UPI
T503238-1051,503238,1051,2,1047.54,Cash
T503238-1036,503238,1036,3,1493.97,UPI
T503238-1034,503238,1034,3,2835.12,UPI
T503239-1022,503239,1022,2,1811.36,Card
T503239-1034,503239,1034,1,945.04,Card
T503239-1060,503239,1060,1,312.89,Cash
T503240-1001,503240,1001,2,3883.34,Card
T503241-1024,503241,1024,1,2236.01,Card
T503241-1036,503241,1036,1,497.99,UPI
T503241-1022,503241,1022,1,905.68,Wallet
T503242-1018,503242,1018,3,562.89,Wallet
T503242-1035,503242,1035,3,3569.4,Cash
T503243-1086,503243,1086,4,1009.68,Wallet
T503244-1007,503244,1007,3,5730.06,UPI
T503244-1015,503244,1015,4,4500.92,Cash
T503244-1062,503244,1062,3,3580.83,Wallet
T503245-1001,503245,1001,1,1941.67,Cash
T503245-1070,503245,1070,2,2217.38,UPI
T503246-1078,503246,1078,2,3329.86,Cash
T503247-1080,503247,1080,4,7864.92,UPI
T503247-1040,503247,1040,4,6737.76,Cash
T503247-1045,503247,1045,3,6257.04,Wallet
T503248-1062,503248,1062,1,1193.61,Wallet
T503248-1068,503248,1068,3,2342.28,UPI
T503249-1070,503249,1070,2,2217.38,Card
T503249-1068,503249,1068,1,780.76,Cash
T503249-1080,503249,1080,4,7864.92,Wallet
T503250-1019,503250,1019,4,8297.0,Wallet
T503250-1088,503250,1088,4,4683.36,Card
T503251-1078,503251,1078,2,3329.86,Cash
T503252-1085,503252,1085,2,172.2,Wallet
T503253-1030,503253,1030,3,5151.39,UPI
T503253-1089,503253,1089,1,428.34,UPI
T503253-1033,503253,1033,2,1669.58,Cash
T503254-1021,503254,1021,2,3804.96,UPI
T503255-1025,503255,1025,1,1952.61,Card
T503255-1050,503255,1050,1,375.19,Wallet
T503256-1003,503256,1003,3,6452.22,Cash
T503257-1078,503257,1078,2,3329.86,Wallet
T503257-1014,503257,1014,1,2062.22,Cash
T503257-1061,503257,1061,2,3361.92,Wallet
T503258-1047,503258,1047,2,1974.14,Card
T503259-1004,503259,1004,3,5257.5,Cash
T503259-1078,503259,1078,3,4994.79,Cash
T503260-1012,503260,1012,1,2319.11,Card
T503260-1003,503260,1003,3,6452.22,Cash
T503261-1060,503261,1060,4,1251.56,Card
T503262-1046,503262,1046,3,6053.31,Card
T503263-1069,503263,1069,1,106.12,Card
T503263-1053,503263,1053,3,5921.1,Card
T503264-1037,503264,1037,3,1052.73,Card
T503264-1060,503264,1060,4,1251.56,Card
T503264-1070,503264,1070,2,2217.38,Wallet
T503265-1071,503265,1071,4,2240.08,Wallet
T503265-1055,503265,1055,1,1771.76,Wallet
T503265-1013,503265,1013,2,3240.7,Card
T503266-1063,503266,1063,1,1426.13,Cash
T503267-1077,503267,1077,2,1510.36,Cash
T503268-1010,503268,1010,1,1142.45,Wallet
T503269-1006,503269,1006,3,7319.37,Wallet
T503270-1023,503270,1023,3,7282.86,Card
T503271-1086,503271,1086,2,504.84,Cash
T503272-1082,503272,1082,4,4135.12,Card
T503272-1053,503272,1053,2,3947.4,UPI
T503273-1058,503273,1058,2,2869.58,UPI
T503273-1053,503273,1053,4,7894.8,Card
T503274-1085,503274,1085,3,258.3,Wallet
T503275-1039,503275,1039,4,2361.88,Card
T503275-1066,503275,1066,3,4192.02,Card
T503276-1035,503276,1035,1,1189.8,Card
T503276-1009,503276,1009,2,692.88,UPI
T503277-1086,503277,1086,3,757.26,Wallet
T503277-1030,503277,1030,3,5151.39,Cash
T503278-1061,503278,1061,2,3361.92,UPI
T503278-1009,503278,1009,3,1039.32,UPI
T503278-1050,503278,1050,3,1125.57,Wallet
T503279-1025,503279,1025,2,3905.22,Card
T503279-1003,503279,1003,4,8602.96,Wallet
T503280-1041,503280,1041,4,4439.08,Card
T503280-1088,503280,1088,4,4683.36,Cash
T503281-1053,503281,1053,2,3947.4,Cash
T503281-1022,503281,1022,4,3622.72,UPI
T503281-1057,503281,1057,3,3490.56,Wallet
T503282-1025,503282,1025,4,7810.44,Cash
T503282-1039,503282,1039,2,1180.94,Cash
T503283-1007,503283,1007,3,5730.06,Cash
T503283-1068,503283,1068,4,3123.04,Wallet
T503283-1013,503283,1013,1,1620.35,Wallet
T503284-1006,503284,1006,2,4879.58,UPI
T503284-1072,503284,1072,2,2078.14,UPI
T503284-1034,503284,1034,1,945.04,Wallet
T503285-1049,503285,1049,4,6863.04,Card
T503286-1067,503286,1067,3,4233.72,UPI
T503287-1066,503287,1066,3,4192.02,Card
T503287-1009,503287,1009,3,1039.32,Card
T503287-1011,503287,1011,1,945.87,Wallet
T503288-1084,503288,1084,1,442.42,Cash
T503288-1074,503288,1074,3,1823.49,UPI
T503288-1006,503288,1006,2,4879.58,UPI
T503289-1055,503289,1055,2,3543.52,Wallet
T503289-1034,503289,1034,3,2835.12,UPI
T503289-1039,503289,1039,3,1771.41,Wallet
T503290-1089,503290,1089,4,1713.36,UPI
T503290-1079,503290,1079,4,5623.48,Card
T503290-1004,503290,1004,2,3505.0,Card
T503291-1074,503291,1074,4,2431.32,Wallet
T503291-1072,503291,1072,1,1039.07,Card
T503292-1090,503292,1090,2,2535.16,Card
T503293-1084,503293,1084,1,442.42,UPI
T503293-1061,503293,1061,2,3361.92,Cash
T503293-1073,503293,1073,3,6413.73,Cash
T503294-1072,503294,1072,4,4156.28,Wallet
T503294-1025,503294,1025,3,5857.83,Wallet
T503294-1047,503294,1047,2,1974.14,UPI
T503295-1090,503295,1090,4,5070.32,Cash
T503295-1057,503295,1057,3,3490.56,Wallet
T503295-1008,503295,1008,4,7886.32,UPI
T503296-1067,503296,1067,4,5644.96,Wallet
T503296-1021,503296,1021,1,1902.48,Card
T503296-1059,503296,1059,1,375.3,UPI
T503297-1082,503297,1082,3,3101.34,Wallet
T503298-1032,503298,1032,2,4839.5,Card
T503298-1044,503298,1044,4,3206.2,Card
T503299-1061,503299,1061,1,1680.96,Wallet
T503299-1006,503299,1006,4,9759.16,Cash
T503299-1086,503299,1086,1,252.42,Card
T503300-1076,503300,1076,1,725.02,Cash
T503300-1081,503300,1081,4,6683.4,Cash
T503301-1001,503301,1001,2,3883.34,Wallet
T503301-1005,503301,1005,4,1050.48,Card
T503301-1045,503301,1045,2,4171.36,UPI
T503302-1037,503302,1037,2,701.82,Wallet
T503303-1010,503303,1010,2,2284.9,Card
T503303-1051,503303,1051,2,1047.54,Cash
T503303-1014,503303,1014,1,2062.22,Wallet
T503304-1058,503304,1058,3,4304.37,UPI
T503304-1019,503304,1019,2,4148.5,Cash
T503305-1081,503305,1081,1,1670.85,Wallet
T503305-1033,503305,1033,3,2504.37,Cash
T503306-1026,503306,1026,2,1021.52,Card
T503307-1061,503307,1061,3,5042.88,Cash
T503308-1047,503308,1047,3,2961.21,Card
T503308-1089,503308,1089,1,428.34,Card
T503309-1068,503309,1068,3,2342.28,Card
T503309-1062,503309,1062,3,3580.83,Wallet
T503309-1056,503309,1056,1,1958.4,Card
T503310-1028,503310,1028,1,138.2,Wallet
T503311-1032,503311,1032,2,4839.5,Card
T503311-1084,503311,1084,4,1769.68,Wallet
T503311-1086,503311,1086,4,1009.68,Wallet
T503312-1045,503312,1045,4,8342.72,UPI
T503312-1006,503312,1006,3,7319.37,Card
T503312-1002,503312,1002,2,2228.06,Cash
T503313-1012,503313,1012,2,4638.22,Cash
T503313-1090,503313,1090,1,1267.58,Card
T503314-1034,503314,1034,1,945.04,Cash
T503314-1044,503314,1044,4,3206.2,Wallet
T503315-1037,503315,1037,2,701.82,UPI
T503315-1051,503315,1051,2,1047.54,Card
T503315-1054,503315,1054,2,3344.36,Wallet
T503316-1038,503316,1038,2,2409.98,Card
T503317-1090,503317,1090,3,3802.74,UPI
T503318-1055,503318,1055,4,7087.04,Wallet
T503318-1033,503318,1033,3,2504.37,Card
T503319-1004,503319,1004,4,7010.0,Wallet
T503320-1073,503320,1073,1,2137.91,UPI
T503321-1031,503321,1031,2,3739.12,Cash
T503322-1011,503322,1011,3,2837.61,Wallet
T503322-1014,503322,1014,1,2062.22,Card
T503323-1084,503323,1084,1,442.42,Wallet
T503324-1066,503324,1066,2,2794.68,Wallet
T503325-1030,503325,1030,3,5151.39,Wallet
T503326-1057,503326,1057,4,4654.08,Cash
T503326-1009,503326,1009,4,1385.76,UPI
T503327-1037,503327,1037,3,1052.73,Card
T503327-1066,503327,1066,2,2794.68,Cash
T503328-1078,503328,1078,1,1664.93,Wallet
T503328-1019,503328,1019,2,4148.5,Wallet
T503328-1012,503328,1012,1,2319.11,Cash
T503329-1059,503329,1059,3,1125.9,Card
T503329-1089,503329,1089,1,428.34,UPI
T503330-1050,503330,1050,1,375.19,Card
T503331-1090,503331,1090,1,1267.58,Cash
T503331-1078,503331,1078,4,6659.72,Card
T503332-1080,503332,1080,1,1966.23,UPI
T503332-1086,503332,1086,2,504.84,Cash
T503332-1066,503332,1066,4,5589.36,UPI
T503333-1010,503333,1010,4,4569.8,Cash
T503334-1034,503334,1034,1,945.04,Card
T503334-1010,503334,1010,3,3427.35,Card
T503335-1025,503335,1025,2,3905.22,Cash
T503335-1081,503335,1081,1,1670.85,Wallet
T503335-1011,503335,1011,2,1891.74,Card
T503336-1057,503336,1057,3,3490.56,Cash
T503337-1062,503337,1062,2,2387.22,Cash
T503337-1027,503337,1027,3,3548.4,Card
T503338-1029,503338,1029,1,411.1,UPI
T503338-1080,503338,1080,1,1966.23,UPI
T503339-1041,503339,1041,3,3329.31,Wallet
T503340-1059,503340,1059,3,1125.9,Card
T503340-1069,503340,1069,2,212.24,Wallet
T503341-1053,503341,1053,2,3947.4,UPI
T503341-1058,503341,1058,3,4304.37,Card
T503341-1062,503341,1062,2,2387.22,Wallet
T503342-1082,503342,1082,2,2067.56,UPI
T503343-1065,503343,1065,4,6391.0,Wallet
T503344-1080,503344,1080,1,1966.23,Card
T503345-1024,503345,1024,2,4472.02,Wallet
T503346-1025,503346,1025,2,3905.22,Card
T503347-1019,503347,1019,4,8297.0,UPI
T503347-1027,503347,1027,2,2365.6,Cash
T503348-1046,503348,1046,3,6053.31,Wallet
T503348-1078,503348,1078,4,6659.72,Wallet
T503348-1084,503348,1084,2,884.84,Cash
T503349-1050,503349,1050,2,750.38,Wallet
T503349-1078,503349,1078,1,1664.93,Cash
T503349-1021,503349,1021,3,5707.44,Wallet
T503350-1036,503350,1036,1,497.99,Card
T503351-1039,503351,1039,2,1180.94,Wallet
T503351-1068,503351,1068,4,3123.04,Cash
T503351-1058,503351,1058,1,1434.79,UPI
T503352-1063,503352,1063,1,1426.13,UPI
T503353-1048,503353,1048,3,2226.51,Wallet
T503353-1018,503353,1018,4,750.52,UPI
T503353-1043,503353,1043,3,5278.95,Wallet
T503354-1058,503354,1058,2,2869.58,UPI
T503355-1083,503355,1083,4,8162.52,Wallet
T503355-1019,503355,1019,3,6222.75,Wallet
T503355-1054,503355,1054,3,5016.54,Card
T503356-1076,503356,1076,3,2175.06,Wallet
T503357-1058,503357,1058,2,2869.58,Card
T503357-1042,503357,1042,1,2086.72,Card
T503357-1059,503357,1059,2,750.6,UPI
T503358-1015,503358,1015,1,1125.23,Card
T503358-1061,503358,1061,4,6723.84,UPI
T503358-1022,503358,1022,3,2717.04,Cash
T503359-1047,503359,1047,3,2961.21,UPI
T503360-1022,503360,1022,1,905.68,Card
T503360-1003,503360,1003,4,8602.96,Cash
T503360-1033,503360,1033,2,1669.58,Cash
T503361-1016,503361,1016,4,2365.12,Card
T503361-1033,503361,1033,3,2504.37,Card
T503361-1002,503361,1002,3,3342.09,Wallet
T503362-1025,503362,1025,4,7810.44,Wallet
T503362-1047,503362,1047,4,3948.28,Card
T503362-1015,503362,1015,3,3375.69,Cash
T503363-1005,503363,1005,2,525.24,Card
T503363-1074,503363,1074,3,1823.49,Card
T503363-1073,503363,1073,4,8551.64,Card
T503364-1067,503364,1067,2,2822.48,UPI
T503365-1027,503365,1027,2,2365.6,Wallet
T503365-1046,503365,1046,4,8071.08,UPI
T503366-1032,503366,1032,3,7259.25,Card
T503366-1081,503366,1081,4,6683.4,Card
T503367-1067,503367,1067,2,2822.48,Card
T503367-1046,503367,1046,1,2017.77,UPI
T503368-1025,503368,1025,2,3905.22,Wallet
T503368-1031,503368,1031,2,3739.12,Wallet
T503368-1074,503368,1074,3,1823.49,Cash
T503369-1003,503369,1003,1,2150.74,Wallet
T503369-1075,503369,1075,2,348.02,Card
T503370-1001,503370,1001,3,5825.01,Card
T503370-1026,503370,1026,3,1532.28,UPI
T503371-1022,503371,1022,1,905.68,Cash
T503372-1043,503372,1043,4,7038.6,UPI
T503373-1084,503373,1084,2,884.84,Card
T503374-1034,503374,1034,3,2835.12,Cash
T503374-1012,503374,1012,2,4638.22,UPI
T503374-1018,503374,1018,2,375.26,Wallet
T503375-1051,503375,1051,2,1047.54,Wallet
T503375-1079,503375,1079,1,1405.87,Cash
T503376-1075,503376,1075,3,522.03,UPI
T503376-1025,503376,1025,3,5857.83,UPI
T503376-1035,503376,1035,4,4759.2,Wallet
T503377-1041,503377,1041,2,2219.54,Wallet
T503377-1026,503377,1026,1,510.76,Card
T503377-1067,503377,1067,2,2822.48,UPI
T503378-1005,503378,1005,4,1050.48,Card
T503378-1055,503378,1055,2,3543.52,Cash
T503379-1015,503379,1015,4,4500.92,Card
T503379-1085,503379,1085,2,172.2,Wallet
T503379-1068,503379,1068,3,2342.28,Card
T503380-1067,503380,1067,1,1411.24,Card
T503381-1033,503381,1033,3,2504.37,Card
T503381-1074,503381,1074,4,2431.32,Cash
T503381-1078,503381,1078,2,3329.86,UPI
T503382-1048,503382,1048,1,742.17,Card
T503383-1089,503383,1089,2,856.68,Wallet
T503383-1002,503383,1002,3,3342.09,Wallet
T503383-1040,503383,1040,3,5053.32,Cash
T503384-1005,503384,1005,1,262.62,Card
T503384-1041,503384,1041,3,3329.31,UPI
T503385-1050,503385,1050,4,1500.76,UPI
T503385-1015,503385,1015,1,1125.23,UPI
T503386-1012,503386,1012,1,2319.11,Card
T503387-1054,503387,1054,1,1672.18,UPI
T503387-1002,503387,1002,4,4456.12,UPI
T503388-1065,503388,1065,3,4793.25,Wallet
T503389-1018,503389,1018,3,562.89,UPI
T503390-1027,503390,1027,4,4731.2,Cash
T503390-1073,503390,1073,2,4275.82,Cash
T503391-1050,503391,1050,2,750.38,Wallet
T503392-1004,503392,1004,4,7010.0,UPI
T503393-1025,503393,1025,3,5857.83,UPI
T503393-1035,503393,1035,3,3569.4,Wallet
T503394-1062,503394,1062,4,4774.44,Wallet
T503395-1084,503395,1084,1,442.42,Wallet
T503395-1070,503395,1070,2,2217.38,Cash
T503396-1033,503396,1033,3,2504.37,Wallet
T503396-1070,503396,1070,2,2217.38,Wallet
T503397-1064,503397,1064,1,1919.55,UPI
T503398-1075,503398,1075,2,348.02,Card
T503399-1056,503399,1056,1,1958.4,Cash
T503399-1083,503399,1083,1,2040.63,UPI
T503400-1063,503400,1063,4,5704.52,UPI
T503401-1012,503401,1012,2,4638.22,UPI
T503401-1028,503401,1028,3,414.6,Card
T503401-1024,503401,1024,2,4472.02,Wallet
T503402-1041,503402,1041,3,3329.31,Card
T503402-1062,503402,1062,2,2387.22,UPI
T503403-1069,503403,1069,3,318.36,Card
T503404-1086,503404,1086,3,757.26,Card
T503404-1024,503404,1024,3,6708.03,Wallet
T503404-1056,503404,1056,2,3916.8,UPI
T503405-1085,503405,1085,4,344.4,Wallet
T503405-1057,503405,1057,3,3490.56,UPI
T503406-1039,503406,1039,1,590.47,Cash
T503407-1043,503407,1043,1,1759.65,UPI
T503407-1062,503407,1062,4,4774.44,Wallet
T503407-1071,503407,1071,4,2240.08,Card
T503408-1054,503408,1054,3,5016.54,UPI
T503409-1038,503409,1038,2,2409.98,Wallet
T503409-1024,503409,1024,1,2236.01,Wallet
T503410-1026,503410,1026,1,510.76,Card
T503410-1063,503410,1063,2,2852.26,UPI
T503411-1063,503411,1063,3,4278.39,UPI
T503412-1018,503412,1018,1,187.63,Wallet
T503412-1087,503412,1087,4,7256.92,UPI
T503412-1089,503412,1089,2,856.68,UPI
T503413-1027,503413,1027,3,3548.4,Card
T503413-1088,503413,1088,3,3512.52,UPI
T503413-1049,503413,1049,3,5147.28,Cash
T503414-1030,503414,1030,2,3434.26,Cash
T503415-1043,503415,1043,3,5278.95,Cash
T503415-1016,503415,1016,2,1182.56,Cash
T503416-1044,503416,1044,2,1603.1,Card
T503417-1028,503417,1028,4,552.8,UPI
T503417-1066,503417,1066,4,5589.36,UPI
T503418-1068,503418,1068,2,1561.52,UPI
T503418-1034,503418,1034,4,3780.16,Cash
T503419-1072,503419,1072,2,2078.14,UPI
T503420-1076,503420,1076,4,2900.08,Wallet
T503420-1071,503420,1071,2,1120.04,Cash
T503421-1043,503421,1043,2,3519.3,Card
T503421-1059,503421,1059,2,750.6,Card
T503422-1034,503422,1034,3,2835.12,Wallet
T503423-1076,503423,1076,1,725.02,UPI
T503423-1070,503423,1070,2,2217.38,Cash
T503423-1046,503423,1046,4,8071.08,Card
T503424-1083,503424,1083,1,2040.63,Wallet
T503424-1042,503424,1042,2,4173.44,Cash
T503424-1029,503424,1029,3,1233.3,Card
T503425-1079,503425,1079,2,2811.74,Wallet
T503425-1068,503425,1068,3,2342.28,UPI
T503426-1074,503426,1074,2,1215.66,Cash
T503427-1041,503427,1041,4,4439.08,Card
T503427-1008,503427,1008,1,1971.58,Wallet
T503427-1014,503427,1014,3,6186.66,UPI
T503428-1005,503428,1005,2,525.24,Card
T503428-1037,503428,1037,3,1052.73,Wallet
T503428-1024,503428,1024,4,8944.04,Cash
T503429-1083,503429,1083,1,2040.63,Card
T503430-1003,503430,1003,2,4301.48,UPI
T503430-1022,503430,1022,1,905.68,UPI
T503430-1020,503430,1020,1,1590.21,Cash
T503431-1015,503431,1015,3,3375.69,Cash
T503432-1066,503432,1066,1,1397.34,Cash
T503432-1051,503432,1051,4,2095.08,Card
T503432-1083,503432,1083,2,4081.26,UPI
T503433-1001,503433,1001,2,3883.34,Card
T503433-1028,503433,1028,2,276.4,Cash
T503434-1027,503434,1027,3,3548.4,UPI
T503434-1070,503434,1070,4,4434.76,UPI
T503435-1029,503435,1029,2,822.2,UPI
T503435-1087,503435,1087,1,1814.23,Wallet
T503435-1048,503435,1048,1,742.17,Card
T503436-1008,503436,1008,4,7886.32,Card
T503436-1043,503436,1043,1,1759.65,Wallet
T503436-1083,503436,1083,1,2040.63,Wallet
T503437-1046,503437,1046,1,2017.77,Wallet
T503437-1069,503437,1069,3,318.36,Card
T503438-1069,503438,1069,3,318.36,Cash
T503438-1013,503438,1013,2,3240.7,Cash
T503439-1072,503439,1072,1,1039.07,Card
T503439-1074,503439,1074,4,2431.32,Cash
T503440-1056,503440,1056,3,5875.2,Card
T503440-1042,503440,1042,3,6260.16,UPI
T503441-1003,503441,1003,1,2150.74,Card
T503441-1005,503441,1005,4,1050.48,UPI
T503441-1018,503441,1018,3,562.89,Wallet
T503442-1032,503442,1032,1,2419.75,Card
T503442-1034,503442,1034,3,2835.12,Cash
T503442-1005,503442,1005,2,525.24,Wallet
T503443-1048,503443,1048,2,1484.34,Card
T503443-1032,503443,1032,1,2419.75,Cash
T503443-1044,503443,1044,4,3206.2,Card
T503444-1045,503444,1045,2,4171.36,UPI
T503444-1041,503444,1041,4,4439.08,Cash
T503444-1015,503444,1015,2,2250.46,UPI
T503445-1063,503445,1063,1,1426.13,Wallet
T503445-1039,503445,1039,2,1180.94,Card
T503446-1041,503446,1041,1,1109.77,Cash
T503447-1061,503447,1061,1,1680.96,Card
T503447-1047,503447,1047,3,2961.21,UPI
T503448-1032,503448,1032,3,7259.25,Wallet
T503448-1068,503448,1068,4,3123.04,Cash
T503448-1084,503448,1084,4,1769.68,Wallet
T503449-1046,503449,1046,2,4035.54,Wallet
T503450-1076,503450,1076,1,725.02,Cash
T503450-1032,503450,1032,3,7259.25,Cash
T503450-1078,503450,1078,1,1664.93,Cash
T503451-1070,503451,1070,3,3326.07,Wallet
T503451-1029,503451,1029,4,1644.4,Card
T503452-1071,503452,1071,3,1680.06,Cash
T503452-1090,503452,1090,1,1267.58,Card
T503453-1077,503453,1077,1,755.18,Wallet
T503454-1042,503454,1042,2,4173.44,Cash
T503454-1060,503454,1060,4,1251.56,Card
T503454-1053,503454,1053,2,3947.4,Card
T503455-1031,503455,1031,4,7478.24,Wallet
T503455-1079,503455,1079,4,5623.48,Card
T503455-1085,503455,1085,1,86.1,UPI
T503456-1064,503456,1064,3,5758.65,Wallet
T503456-1065,503456,1065,1,1597.75,Cash
T503456-1005,503456,1005,4,1050.48,Card
T503457-1044,503457,1044,4,3206.2,Cash
T503458-1005,503458,1005,4,1050.48,Card
T503458-1057,503458,1057,4,4654.08,Cash
T503459-1038,503459,1038,3,3614.97,Wallet
T503459-1083,503459,1083,1,2040.63,Wallet
T503459-1056,503459,1056,2,3916.8,Card
T503460-1003,503460,1003,3,6452.22,Cash
T503461-1082,503461,1082,3,3101.34,UPI
T503462-1018,503462,1018,4,750.52,UPI
T503462-1060,503462,1060,2,625.78,Card
T503462-1061,503462,1061,2,3361.92,UPI
T503463-1087,503463,1087,4,7256.92,Cash
T503464-1043,503464,1043,2,3519.3,Cash
T503464-1062,503464,1062,4,4774.44,Wallet
T503465-1022,503465,1022,1,905.68,UPI
T503466-1038,503466,1038,3,3614.97,Cash
T503466-1019,503466,1019,1,2074.25,Card
T503466-1003,503466,1003,4,8602.96,Wallet
T503467-1025,503467,1025,4,7810.44,Wallet
T503467-1047,503467,1047,4,3948.28,Cash
T503467-1046,503467,1046,2,4035.54,Wallet
T503468-1069,503468,1069,2,212.24,Cash
T503469-1001,503469,1001,3,5825.01,UPI
T503469-1089,503469,1089,4,1713.36,Wallet
T503470-1034,503470,1034,2,1890.08,Cash
T503470-1017,503470,1017,4,5599.28,Cash
T503470-1022,503470,1022,2,1811.36,Wallet
T503471-1068,503471,1068,3,2342.28,Card
T503471-1084,503471,1084,2,884.84,Cash
T503472-1026,503472,1026,1,510.76,UPI
T503472-1077,503472,1077,4,3020.72,Cash
T503472-1054,503472,1054,1,1672.18,Cash
T503473-1025,503473,1025,2,3905.22,UPI
T503474-1044,503474,1044,2,1603.1,Wallet
T503474-1004,503474,1004,2,3505.0,Wallet
T503474-1037,503474,1037,2,701.82,Wallet
T503475-1077,503475,1077,2,1510.36,Wallet
T503476-1066,503476,1066,2,2794.68,Cash
T503476-1014,503476,1014,1,2062.22,Card
T503476-1052,503476,1052,2,96.36,UPI
T503477-1057,503477,1057,4,4654.08,Card
T503477-1017,503477,1017,2,2799.64,Cash
T503477-1081,503477,1081,4,6683.4,Wallet
T503478-1045,503478,1045,4,8342.72,Card
T503478-1068,503478,1068,4,3123.04,Wallet
T503478-1004,503478,1004,2,3505.0,UPI
T503479-1076,503479,1076,3,2175.06,Card
T503479-1018,503479,1018,2,375.26,Cash
T503479-1037,503479,1037,2,701.82,Cash
T503480-1083,503480,1083,2,4081.26,Card
T503480-1068,503480,1068,4,3123.04,UPI
T503480-1072,503480,1072,4,4156.28,Cash
T503481-1062,503481,1062,2,2387.22,Card
T503482-1029,503482,1029,3,1233.3,Card
T503482-1070,503482,1070,3,3326.07,Cash
T503482-1068,503482,1068,2,1561.52,UPI
T503483-1082,503483,1082,4,4135.12,Cash
T503484-1053,503484,1053,2,3947.4,UPI
T503485-1070,503485,1070,1,1108.69,Cash
T503485-1090,503485,1090,3,3802.74,Card
T503486-1007,503486,1007,2,3820.04,Card
T503486-1034,503486,1034,3,2835.12,Cash
T503487-1031,503487,1031,1,1869.56,Wallet
T503488-1041,503488,1041,3,3329.31,Card
T503488-1085,503488,1085,3,258.3,UPI
T503488-1057,503488,1057,2,2327.04,Cash
T503489-1045,503489,1045,4,8342.72,Wallet
T503490-1076,503490,1076,1,725.02,Card
T503490-1065,503490,1065,4,6391.0,UPI
T503490-1030,503490,1030,3,5151.39,Card
T503491-1061,503491,1061,4,6723.84,UPI
T503492-1009,503492,1009,1,346.44,UPI
T503492-1088,503492,1088,1,1170.84,Card
T503492-1008,503492,1008,2,3943.16,UPI
T503493-1028,503493,1028,2,276.4,Wallet
T503493-1004,503493,1004,1,1752.5,Card
T503493-1043,503493,1043,3,5278.95,Cash
T503494-1066,503494,1066,3,4192.02,Wallet
T503494-1072,503494,1072,1,1039.07,Card
T503495-1073,503495,1073,3,6413.73,Wallet
T503495-1010,503495,1010,4,4569.8,Cash
T503495-1004,503495,1004,4,7010.0,UPI
T503496-1012,503496,1012,3,6957.33,Wallet
T503497-1046,503497,1046,4,8071.08,Cash
T503497-1016,503497,1016,4,2365.12,Card
T503497-1012,503497,1012,1,2319.11,Card
T503498-1061,503498,1061,2,3361.92,Card
T503499-1090,503499,1090,2,2535.16,Wallet
T503500-1058,503500,1058,1,1434.79,Wallet
T503500-1043,503500,1043,2,3519.3,UPI
T503501-1071,503501,1071,1,560.02,Cash
T503501-1003,503501,1003,3,6452.22,Cash
T503501-1043,503501,1043,3,5278.95,Card
T503502-1075,503502,1075,3,522.03,UPI
T503502-1070,503502,1070,4,4434.76,Card
T503502-1021,503502,1021,4,7609.92,UPI
T503503-1058,503503,1058,4,5739.16,Wallet
T503504-1006,503504,1006,4,9759.16,Wallet
T503504-1066,503504,1066,4,5589.36,Wallet
T503504-1055,503504,1055,3,5315.28,Wallet
T503505-1021,503505,1021,3,5707.44,UPI
T503506-1024,503506,1024,4,8944.04,Wallet
T503506-1016,503506,1016,3,1773.84,UPI
T503506-1032,503506,1032,2,4839.5,UPI
T503507-1080,503507,1080,3,5898.69,UPI
T503507-1090,503507,1090,2,2535.16,Card
T503508-1073,503508,1073,3,6413.73,Wallet
T503509-1058,503509,1058,3,4304.37,Wallet
T503509-1040,503509,1040,1,1684.44,UPI
T503509-1004,503509,1004,4,7010.0,Card
T503510-1011,503510,1011,1,945.87,Wallet
T503510-1064,503510,1064,1,1919.55,Cash
T503510-1076,503510,1076,2,1450.04,Card
T503511-1031,503511,1031,2,3739.12,Card
T503512-1041,503512,1041,3,3329.31,Wallet
T503512-1089,503512,1089,3,1285.02,Cash
T503513-1078,503513,1078,2,3329.86,Wallet
T503513-1007,503513,1007,1,1910.02,Card
T503513-1089,503513,1089,4,1713.36,Card
T503514-1053,503514,1053,4,7894.8,Card
T503514-1029,503514,1029,2,822.2,UPI
T503514-1059,503514,1059,1,375.3,Wallet
T503515-1011,503515,1011,1,945.87,Card
T503516-1054,503516,1054,4,6688.72,Cash
T503517-1080,503517,1080,1,1966.23,Wallet
T503517-1081,503517,1081,4,6683.4,Card
T503518-1012,503518,1012,2,4638.22,Cash
T503519-1076,503519,1076,1,725.02,Card
T503519-1037,503519,1037,1,350.91,Wallet
T503519-1014,503519,1014,2,4124.44,Card
T503520-1069,503520,1069,4,424.48,Cash
T503520-1027,503520,1027,3,3548.4,Wallet
T503521-1027,503521,1027,2,2365.6,Card
T503521-1066,503521,1066,4,5589.36,Card
T503522-1057,503522,1057,1,1163.52,Wallet
T503523-1022,503523,1022,2,1811.36,Cash
T503523-1085,503523,1085,3,258.3,Card
T503523-1064,503523,1064,4,7678.2,Wallet
T503524-1006,503524,1006,3,7319.37,UPI
T503525-1070,503525,1070,1,1108.69,Card
T503526-1056,503526,1056,3,5875.2,Cash
T503526-1060,503526,1060,2,625.78,Wallet
T503526-1090,503526,1090,3,3802.74,Cash
T503527-1018,503527,1018,3,562.89,Cash
T503527-1012,503527,1012,1,2319.11,Wallet
T503528-1054,503528,1054,2,3344.36,UPI
T503529-1074,503529,1074,1,607.83,UPI
T503530-1080,503530,1080,3,5898.69,Wallet
T503531-1088,503531,1088,1,1170.84,UPI
T503532-1027,503532,1027,2,2365.6,Card
T503532-1039,503532,1039,3,1771.41,Card
T503533-1054,503533,1054,3,5016.54,Card
T503534-1087,503534,1087,3,5442.69,Card
T503535-1015,503535,1015,3,3375.69,Cash
T503535-1064,503535,1064,4,7678.2,Cash
T503535-1037,503535,1037,1,350.91,Cash
T503536-1060,503536,1060,3,938.67,UPI
T503536-1074,503536,1074,1,607.83,Card
T503536-1067,503536,1067,2,2822.48,Wallet
T503537-1001,503537,1001,1,1941.67,UPI
T503537-1041,503537,1041,2,2219.54,Card
T503537-1050,503537,1050,1,375.19,Wallet
T503538-1007,503538,1007,1,1910.02,UPI
T503539-1073,503539,1073,3,6413.73,Cash
T503539-1085,503539,1085,2,172.2,Card
T503540-1074,503540,1074,2,1215.66,Wallet
T503540-1090,503540,1090,2,2535.16,Wallet
T503540-1010,503540,1010,3,3427.35,UPI
T503541-1056,503541,1056,1,1958.4,Cash
T503541-1083,503541,1083,3,6121.89,UPI
T503541-1078,503541,1078,3,4994.79,Cash
T503542-1060,503542,1060,2,625.78,Card
T503542-1068,503542,1068,3,2342.28,Wallet
T503543-1083,503543,1083,4,8162.52,Card
T503543-1045,503543,1045,2,4171.36,Card
T503544-1042,503544,1042,2,4173.44,UPI
T503545-1018,503545,1018,2,375.26,UPI
T503545-1046,503545,1046,4,8071.08,Card
T503545-1090,503545,1090,3,3802.74,Card
T503546-1066,503546,1066,3,4192.02,Cash
T503546-1036,503546,1036,3,1493.97,UPI
T503546-1080,503546,1080,2,3932.46,Card
T503547-1018,503547,1018,2,375.26,Cash
T503547-1008,503547,1008,1,1971.58,Wallet
T503548-1050,503548,1050,4,1500.76,Card
T503549-1024,503549,1024,3,6708.03,Wallet
T503550-1086,503550,1086,2,504.84,UPI
T503550-1018,503550,1018,1,187.63,Wallet
T503551-1082,503551,1082,3,3101.34,Card
T503552-1070,503552,1070,1,1108.69,UPI
T503552-1001,503552,1001,1,1941.67,Card
T503552-1062,503552,1062,3,3580.83,Card
T503553-1032,503553,1032,1,2419.75,Cash
T503553-1071,503553,1071,3,1680.06,UPI
T503553-1059,503553,1059,1,375.3,UPI
T503554-1080,503554,1080,1,1966.23,UPI
T503555-1090,503555,1090,4,5070.32,UPI
T503555-1036,503555,1036,2,995.98,Card
T503556-1031,503556,1031,1,1869.56,Wallet
T503556-1021,503556,1021,4,7609.92,Cash
T503556-1060,503556,1060,4,1251.56,Card
T503557-1084,503557,1084,3,1327.26,Cash
T503557-1072,503557,1072,3,3117.21,Cash
T503557-1081,503557,1081,1,1670.85,Cash
T503558-1077,503558,1077,1,755.18,Card
T503558-1003,503558,1003,4,8602.96,UPI
T503559-1033,503559,1033,2,1669.58,Card
T503559-1038,503559,1038,2,2409.98,Card
T503560-1038,503560,1038,4,4819.96,Wallet
T503560-1011,503560,1011,4,3783.48,Card
T503560-1024,503560,1024,3,6708.03,Card
T503561-1088,503561,1088,3,3512.52,Card
T503561-1018,503561,1018,3,562.89,Card
T503561-1013,503561,1013,4,6481.4,UPI
T503562-1084,503562,1084,2,884.84,UPI
T503562-1029,503562,1029,2,822.2,UPI
T503562-1038,503562,1038,3,3614.97,UPI
T503563-1085,503563,1085,4,344.4,Wallet
T503563-1058,503563,1058,4,5739.16,Wallet
T503564-1056,503564,1056,1,1958.4,Cash
T503564-1074,503564,1074,1,607.83,Cash
T503565-1054,503565,1054,1,1672.18,Cash
T503565-1062,503565,1062,2,2387.22,UPI
T503565-1050,503565,1050,4,1500.76,Cash
T503566-1047,503566,1047,3,2961.21,Cash
T503566-1008,503566,1008,1,1971.58,Wallet
T503567-1046,503567,1046,4,8071.08,Card
T503567-1068,503567,1068,2,1561.52,UPI
T503568-1011,503568,1011,2,1891.74,Card
T503569-1069,503569,1069,3,318.36,Wallet
T503570-1055,503570,1055,3,5315.28,Wallet
T503570-1079,503570,1079,1,1405.87,Card
T503570-1022,503570,1022,1,905.68,Cash
T503571-1033,503571,1033,2,1669.58,UPI
T503572-1023,503572,1023,1,2427.62,Cash
T503572-1044,503572,1044,2,1603.1,Wallet
T503572-1063,503572,1063,2,2852.26,UPI
T503573-1076,503573,1076,2,1450.04,Card
T503573-1067,503573,1067,4,5644.96,UPI
T503573-1030,503573,1030,3,5151.39,UPI
T503574-1006,503574,1006,2,4879.58,Cash
T503575-1071,503575,1071,3,1680.06,Wallet
T503575-1013,503575,1013,4,6481.4,Cash
T503575-1010,503575,1010,2,2284.9,Wallet
T503576-1078,503576,1078,3,4994.79,Card
T503576-1021,503576,1021,1,1902.48,UPI
T503576-1019,503576,1019,1,2074.25,UPI
T503577-1089,503577,1089,3,1285.02,Cash
T503577-1061,503577,1061,1,1680.96,Card
T503577-1034,503577,1034,3,2835.12,Wallet
T503578-1011,503578,1011,2,1891.74,Cash
T503578-1077,503578,1077,4,3020.72,UPI
T503579-1084,503579,1084,2,884.84,Card
T503579-1028,503579,1028,1,138.2,Cash
T503580-1077,503580,1077,1,755.18,UPI
T503581-1008,503581,1008,3,5914.74,Cash
T503581-1030,503581,1030,1,1717.13,Cash
T503582-1052,503582,1052,4,192.72,Cash
T503583-1075,503583,1075,2,348.02,UPI
T503583-1014,503583,1014,1,2062.22,Card
T503584-1068,503584,1068,4,3123.04,Card
T503584-1066,503584,1066,2,2794.68,Cash
T503585-1003,503585,1003,2,4301.48,Wallet
T503585-1027,503585,1027,4,4731.2,Card
T503586-1071,503586,1071,2,1120.04,UPI
T503587-1031,503587,1031,2,3739.12,Cash
T503587-1016,503587,1016,2,1182.56,Wallet
T503587-1060,503587,1060,1,312.89,Wallet
T503588-1046,503588,1046,1,2017.77,Card
T503588-1055,503588,1055,3,5315.28,Cash
T503589-1005,503589,1005,2,525.24,Card
T503589-1059,503589,1059,2,750.6,UPI
T503590-1001,503590,1001,3,5825.01,Wallet
T503590-1054,503590,1054,2,3344.36,Wallet
T503590-1042,503590,1042,1,2086.72,Cash
T503591-1022,503591,1022,4,3622.72,Cash
T503592-1074,503592,1074,1,607.83,Card
T503592-1026,503592,1026,2,1021.52,Cash
T503593-1003,503593,1003,1,2150.74,Card
T503594-1090,503594,1090,2,2535.16,Wallet
T503594-1015,503594,1015,1,1125.23,UPI
T503595-1007,503595,1007,2,3820.04,Wallet
T503595-1062,503595,1062,1,1193.61,Cash
T503596-1034,503596,1034,1,945.04,Wallet
T503596-1085,503596,1085,1,86.1,UPI
T503596-1039,503596,1039,4,2361.88,Wallet
T503597-1059,503597,1059,4,1501.2,UPI
T503597-1063,503597,1063,1,1426.13,Wallet
T503598-1037,503598,1037,1,350.91,Card
T503598-1048,503598,1048,1,742.17,Card
T503599-1066,503599,1066,3,4192.02,Card
T503599-1015,503599,1015,4,4500.92,Cash
T503599-1004,503599,1004,3,5257.5,Cash
T503600-1011,503600,1011,3,2837.61,Cash
T503600-1053,503600,1053,1,1973.7,Cash
T503600-1016,503600,1016,4,2365.12,Card
T503601-1082,503601,1082,2,2067.56,Cash
T503601-1038,503601,1038,3,3614.97,Card
T503601-1072,503601,1072,3,3117.21,Wallet
T503602-1082,503602,1082,2,2067.56,Wallet
T503603-1081,503603,1081,2,3341.7,Wallet
T503604-1054,503604,1054,1,1672.18,Cash
T503604-1067,503604,1067,2,2822.48,Cash
T503605-1045,503605,1045,3,6257.04,Wallet
T503605-1006,503605,1006,2,4879.58,Card
T503605-1069,503605,1069,3,318.36,UPI
T503606-1064,503606,1064,2,3839.1,Card
T503607-1057,503607,1057,3,3490.56,Card
T503607-1081,503607,1081,2,3341.7,Card
T503607-1022,503607,1022,4,3622.72,Card
T503608-1062,503608,1062,4,4774.44,Card
T503609-1064,503609,1064,3,5758.65,Card
T503609-1024,503609,1024,1,2236.01,Cash
T503609-1038,503609,1038,3,3614.97,Wallet
T503610-1020,503610,1020,2,3180.42,Wallet
T503611-1010,503611,1010,3,3427.35,UPI
T503611-1032,503611,1032,2,4839.5,Wallet
T503611-1005,503611,1005,2,525.24,Cash
T503612-1071,503612,1071,4,2240.08,Card
T503612-1039,503612,1039,1,590.47,Wallet
T503613-1032,503613,1032,4,9679.0,Wallet
T503613-1034,503613,1034,2,1890.08,Card
T503613-1078,503613,1078,2,3329.86,UPI
T503614-1031,503614,1031,3,5608.68,Wallet
T503615-1064,503615,1064,4,7678.2,UPI
T503615-1070,503615,1070,2,2217.38,Wallet
T503615-1086,503615,1086,1,252.42,Cash
T503616-1087,503616,1087,1,1814.23,Card
T503616-1067,503616,1067,3,4233.72,Card
T503617-1067,503617,1067,2,2822.48,Card
T503617-1031,503617,1031,3,5608.68,Cash
T503618-1071,503618,1071,2,1120.04,Cash
T503618-1080,503618,1080,2,3932.46,Cash
T503618-1004,503618,1004,4,7010.0,Cash
T503619-1059,503619,1059,3,1125.9,Card
T503619-1087,503619,1087,1,1814.23,Wallet
T503620-1055,503620,1055,3,5315.28,Card
T503620-1052,503620,1052,3,144.54,UPI
T503620-1060,503620,1060,2,625.78,UPI
T503621-1074,503621,1074,2,1215.66,Wallet
T503622-1020,503622,1020,1,1590.21,Cash
T503622-1021,503622,1021,2,3804.96,UPI
T503623-1082,503623,1082,1,1033.78,Wallet
T503623-1076,503623,1076,3,2175.06,Wallet
T503624-1027,503624,1027,2,2365.6,Cash
T503625-1036,503625,1036,1,497.99,Wallet
T503625-1029,503625,1029,3,1233.3,Cash
T503625-1066,503625,1066,4,5589.36,Cash
T503626-1029,503626,1029,1,411.1,Cash
T503627-1030,503627,1030,1,1717.13,Card
T503627-1063,503627,1063,1,1426.13,Cash
T503627-1042,503627,1042,4,8346.88,UPI
T503628-1079,503628,1079,2,2811.74,Card
T503629-1074,503629,1074,2,1215.66,Cash
T503629-1052,503629,1052,3,144.54,Cash
T503629-1015,503629,1015,3,3375.69,Wallet
T503630-1005,503630,1005,1,262.62,UPI
T503631-1008,503631,1008,4,7886.32,Wallet
T503631-1018,503631,1018,1,187.63,UPI
T503632-1039,503632,1039,2,1180.94,Card
T503632-1083,503632,1083,2,4081.26,Wallet
T503632-1069,503632,1069,2,212.24,Cash
T503633-1089,503633,1089,1,428.34,Card
T503633-1086,503633,1086,3,757.26,Wallet
T503634-1028,503634,1028,3,414.6,Wallet
T503634-1043,503634,1043,4,7038.6,Cash
T503634-1060,503634,1060,4,1251.56,UPI
T503635-1076,503635,1076,3,2175.06,Card
T503636-1015,503636,1015,3,3375.69,UPI
T503636-1008,503636,1008,1,1971.58,Cash
T503637-1009,503637,1009,2,692.88,Wallet
T503637-1023,503637,1023,1,2427.62,Cash
T503637-1062,503637,1062,2,2387.22,Card
T503638-1066,503638,1066,1,1397.34,UPI
T503639-1080,503639,1080,1,1966.23,UPI
T503640-1049,503640,1049,3,5147.28,UPI
T503640-1002,503640,1002,1,1114.03,UPI
T503641-1011,503641,1011,1,945.87,Cash
T503641-1066,503641,1066,3,4192.02,Cash
T503641-1037,503641,1037,2,701.82,Wallet
T503642-1014,503642,1014,3,6186.66,Wallet
T503643-1064,503643,1064,4,7678.2,Cash
T503644-1072,503644,1072,4,4156.28,Cash
T503644-1042,503644,1042,4,8346.88,Cash
T503644-1024,503644,1024,2,4472.02,UPI
T503645-1023,503645,1023,3,7282.86,Card
T503645-1059,503645,1059,4,1501.2,Cash
T503646-1031,503646,1031,1,1869.56,Cash
T503646-1086,503646,1086,3,757.26,Wallet
T503647-1029,503647,1029,1,411.1,Card
T503648-1045,503648,1045,1,2085.68,Card
T503648-1079,503648,1079,4,5623.48,Wallet
T503648-1009,503648,1009,2,692.88,Card
T503649-1025,503649,1025,3,5857.83,Card
T503650-1040,503650,1040,4,6737.76,Card
T503650-1066,503650,1066,2,2794.68,Cash
T503650-1076,503650,1076,1,725.02,Cash
T503651-1069,503651,1069,3,318.36,UPI
T503651-1012,503651,1012,3,6957.33,Cash
T503652-1055,503652,1055,1,1771.76,Card
T503652-1030,503652,1030,1,1717.13,UPI
T503653-1018,503653,1018,3,562.89,UPI
T503654-1039,503654,1039,2,1180.94,UPI
T503654-1016,503654,1016,3,1773.84,Card
T503655-1089,503655,1089,4,1713.36,Card
T503655-1044,503655,1044,1,801.55,Cash
T503656-1035,503656,1035,3,3569.4,Cash
T503656-1042,503656,1042,3,6260.16,Card
T503657-1052,503657,1052,3,144.54,UPI
T503658-1044,503658,1044,1,801.55,UPI
T503659-1027,503659,1027,1,1182.8,UPI
T503659-1042,503659,1042,2,4173.44,Card
T503660-1007,503660,1007,4,7640.08,Cash
T503660-1043,503660,1043,3,5278.95,Wallet
T503661-1051,503661,1051,2,1047.54,Cash
T503661-1048,503661,1048,3,2226.51,Card
T503661-1090,503661,1090,3,3802.74,Card
T503662-1065,503662,1065,4,6391.0,Card
T503662-1080,503662,1080,4,7864.92,Cash
T503662-1087,503662,1087,4,7256.92,UPI
T503663-1056,503663,1056,3,5875.2,Card
T503664-1021,503664,1021,3,5707.44,UPI
T503665-1084,503665,1084,4,1769.68,UPI
T503666-1030,503666,1030,3,5151.39,UPI
T503667-1018,503667,1018,3,562.89,UPI
T503667-1048,503667,1048,2,1484.34,UPI
T503667-1044,503667,1044,2,1603.1,UPI
T503668-1043,503668,1043,4,7038.6,Cash
T503668-1058,503668,1058,1,1434.79,Card
T503668-1027,503668,1027,4,4731.2,UPI
T503669-1022,503669,1022,3,2717.04,Cash
T503670-1034,503670,1034,4,3780.16,Wallet
T503670-1030,503670,1030,4,6868.52,UPI
T503671-1085,503671,1085,1,86.1,Card
T503671-1036,503671,1036,1,497.99,Card
T503672-1051,503672,1051,1,523.77,Cash
T503673-1080,503673,1080,1,1966.23,Card
T503673-1060,503673,1060,3,938.67,Wallet
T503674-1041,503674,1041,3,3329.31,Cash
T503675-1015,503675,1015,3,3375.69,UPI
T503675-1053,503675,1053,4,7894.8,Cash
T503676-1083,503676,1083,4,8162.52,UPI
T503676-1048,503676,1048,2,1484.34,Cash
T503676-1001,503676,1001,3,5825.01,UPI
T503677-1075,503677,1075,3,522.03,Wallet
T503677-1017,503677,1017,4,5599.28,UPI
T503678-1044,503678,1044,3,2404.65,Card
T503678-1081,503678,1081,4,6683.4,Wallet
T503678-1024,503678,1024,3,6708.03,Cash
T503679-1066,503679,1066,4,5589.36,Wallet
T503680-1089,503680,1089,4,1713.36,UPI
T503680-1072,503680,1072,3,3117.21,Cash
T503681-1058,503681,1058,2,2869.58,Card
T503681-1077,503681,1077,3,2265.54,Cash
T503682-1049,503682,1049,2,3431.52,Wallet
T503683-1035,503683,1035,2,2379.6,Cash
T503683-1075,503683,1075,3,522.03,Cash
T503684-1045,503684,1045,2,4171.36,Cash
T503684-1006,503684,1006,3,7319.37,Card
T503684-1074,503684,1074,3,1823.49,Wallet
T503685-1087,503685,1087,3,5442.69,Card
T503685-1009,503685,1009,3,1039.32,Wallet
T503685-1074,503685,1074,4,2431.32,Wallet
T503686-1024,503686,1024,1,2236.01,Card
T503686-1055,503686,1055,3,5315.28,Cash
T503686-1014,503686,1014,2,4124.44,Cash
T503687-1082,503687,1082,1,1033.78,UPI
T503687-1070,503687,1070,4,4434.76,Cash
T503687-1071,503687,1071,4,2240.08,Card
T503688-1010,503688,1010,1,1142.45,Cash
T503688-1079,503688,1079,1,1405.87,Wallet
T503688-1082,503688,1082,2,2067.56,Wallet
T503689-1050,503689,1050,2,750.38,Cash
T503689-1067,503689,1067,2,2822.48,UPI
T503690-1050,503690,1050,2,750.38,UPI
T503690-1034,503690,1034,2,1890.08,Card
T503690-1070,503690,1070,1,1108.69,Cash
T503691-1079,503691,1079,3,4217.61,UPI
T503691-1005,503691,1005,2,525.24,Wallet
T503692-1060,503692,1060,3,938.67,Wallet
T503692-1047,503692,1047,4,3948.28,UPI
T503693-1041,503693,1041,2,2219.54,UPI
T503693-1004,503693,1004,1,1752.5,Wallet
T503693-1085,503693,1085,1,86.1,Card
T503694-1004,503694,1004,2,3505.0,Card
T503694-1016,503694,1016,4,2365.12,UPI
T503695-1078,503695,1078,4,6659.72,Card
T503696-1089,503696,1089,3,1285.02,UPI
T503696-1051,503696,1051,2,1047.54,Cash
T503696-1067,503696,1067,2,2822.48,Cash
T503697-1018,503697,1018,1,187.63,Card
T503697-1014,503697,1014,3,6186.66,UPI
T503698-1028,503698,1028,4,552.8,Card
T503698-1029,503698,1029,4,1644.4,UPI
T503699-1010,503699,1010,4,4569.8,Wallet
T503699-1084,503699,1084,4,1769.68,Wallet
T503700-1029,503700,1029,4,1644.4,UPI
T503700-1035,503700,1035,3,3569.4,UPI
T503700-1042,503700,1042,3,6260.16,Card
T503701-1034,503701,1034,3,2835.12,Wallet
T503702-1027,503702,1027,3,3548.4,Card
T503703-1012,503703,1012,2,4638.22,Card
T503704-1071,503704,1071,2,1120.04,Cash
T503705-1037,503705,1037,2,701.82,Cash
T503706-1081,503706,1081,1,1670.85,Cash
T503706-1041,503706,1041,1,1109.77,UPI
T503706-1044,503706,1044,2,1603.1,Card
T503707-1048,503707,1048,4,2968.68,UPI
T503708-1053,503708,1053,2,3947.4,UPI
T503708-1030,503708,1030,4,6868.52,Wallet
T503709-1009,503709,1009,4,1385.76,Card
T503709-1015,503709,1015,4,4500.92,UPI
T503710-1011,503710,1011,4,3783.48,Wallet
T503710-1050,503710,1050,3,1125.57,Cash
T503711-1046,503711,1046,1,2017.77,Wallet
T503711-1038,503711,1038,2,2409.98,Wallet
T503712-1036,503712,1036,2,995.98,Wallet
T503713-1057,503713,1057,2,2327.04,Cash
T503713-1008,503713,1008,3,5914.74,UPI
T503714-1012,503714,1012,1,2319.11,Cash
T503715-1088,503715,1088,1,1170.84,Cash
T503716-1046,503716,1046,4,8071.08,Cash
T503716-1005,503716,1005,2,525.24,UPI
T503716-1007,503716,1007,1,1910.02,UPI
T503717-1066,503717,1066,2,2794.68,UPI
T503718-1040,503718,1040,1,1684.44,Cash
T503719-1025,503719,1025,1,1952.61,UPI
T503719-1012,503719,1012,4,9276.44,Card
T503720-1011,503720,1011,2,1891.74,UPI
T503720-1081,503720,1081,1,1670.85,Card
T503720-1062,503720,1062,1,1193.61,Wallet
T503721-1068,503721,1068,1,780.76,Cash
T503722-1014,503722,1014,2,4124.44,UPI
T503722-1084,503722,1084,2,884.84,Card
T503722-1039,503722,1039,4,2361.88,Card
T503723-1034,503723,1034,4,3780.16,UPI
T503723-1053,503723,1053,2,3947.4,Cash
T503724-1061,503724,1061,4,6723.84,Card
T503725-1060,503725,1060,3,938.67,Card
T503725-1044,503725,1044,1,801.55,Wallet
T503726-1054,503726,1054,4,6688.72,Wallet
T503727-1064,503727,1064,4,7678.2,Card
T503727-1053,503727,1053,2,3947.4,UPI
T503728-1060,503728,1060,1,312.89,Cash
T503728-1063,503728,1063,2,2852.26,Card
T503728-1081,503728,1081,1,1670.85,UPI
T503729-1036,503729,1036,1,497.99,Wallet
T503729-1080,503729,1080,3,5898.69,Wallet
T503730-1016,503730,1016,4,2365.12,Card
T503730-1046,503730,1046,3,6053.31,Wallet
T503730-1041,503730,1041,4,4439.08,Cash
T503731-1048,503731,1048,3,2226.51,Wallet
T503732-1003,503732,1003,1,2150.74,Wallet
T503733-1009,503733,1009,3,1039.32,Cash
T503733-1063,503733,1063,2,2852.26,UPI
T503734-1020,503734,1020,3,4770.63,UPI
T503734-1057,503734,1057,1,1163.52,Cash
T503735-1040,503735,1040,3,5053.32,UPI
T503736-1088,503736,1088,2,2341.68,Cash
T503736-1074,503736,1074,3,1823.49,Cash
T503737-1006,503737,1006,1,2439.79,Wallet
T503738-1057,503738,1057,2,2327.04,Card
T503738-1040,503738,1040,1,1684.44,Cash
T503739-1001,503739,1001,3,5825.01,Card
T503740-1003,503740,1003,3,6452.22,Card
T503740-1063,503740,1063,2,2852.26,UPI
T503740-1048,503740,1048,2,1484.34,Card
T503741-1081,503741,1081,2,3341.7,Card
T503741-1061,503741,1061,3,5042.88,Cash
T503741-1031,503741,1031,1,1869.56,Cash
T503742-1036,503742,1036,2,995.98,UPI
T503742-1063,503742,1063,4,5704.52,Card
T503742-1057,503742,1057,4,4654.08,UPI
T503743-1014,503743,1014,4,8248.88,Card
T503743-1074,503743,1074,4,2431.32,Cash
T503744-1073,503744,1073,3,6413.73,Card
T503744-1049,503744,1049,2,3431.52,Cash
T503744-1005,503744,1005,3,787.86,Cash
T503745-1090,503745,1090,3,3802.74,Cash
T503746-1044,503746,1044,1,801.55,Cash
T503746-1003,503746,1003,3,6452.22,UPI
T503746-1012,503746,1012,4,9276.44,Card
T503747-1051,503747,1051,4,2095.08,UPI
T503748-1066,503748,1066,3,4192.02,UPI
T503748-1057,503748,1057,1,1163.52,Wallet
T503749-1086,503749,1086,2,504.84,Card
T503750-1040,503750,1040,4,6737.76,Wallet
T503751-1037,503751,1037,3,1052.73,Wallet
T503752-1018,503752,1018,1,187.63,Cash
T503752-1033,503752,1033,4,3339.16,Card
T503753-1054,503753,1054,3,5016.54,UPI
T503753-1064,503753,1064,3,5758.65,Card
T503754-1080,503754,1080,1,1966.23,UPI
T503754-1011,503754,1011,1,945.87,UPI
T503754-1004,503754,1004,2,3505.0,UPI
T503755-1073,503755,1073,1,2137.91,UPI
T503755-1043,503755,1043,3,5278.95,UPI
T503755-1009,503755,1009,3,1039.32,Card
T503756-1034,503756,1034,3,2835.12,Card
T503756-1040,503756,1040,2,3368.88,UPI
T503756-1050,503756,1050,2,750.38,Wallet
T503757-1015,503757,1015,3,3375.69,Wallet
T503758-1027,503758,1027,1,1182.8,Card
T503758-1052,503758,1052,1,48.18,Cash
T503758-1059,503758,1059,4,1501.2,Wallet
T503759-1085,503759,1085,4,344.4,UPI
T503759-1029,503759,1029,2,822.2,Cash
T503759-1084,503759,1084,4,1769.68,Wallet
T503760-1008,503760,1008,3,5914.74,Wallet
T503760-1043,503760,1043,1,1759.65,Wallet
T503760-1072,503760,1072,3,3117.21,Cash
T503761-1056,503761,1056,2,3916.8,Cash
T503762-1086,503762,1086,2,504.84,Card
T503762-1061,503762,1061,3,5042.88,Wallet
T503763-1059,503763,1059,3,1125.9,Cash
T503763-1030,503763,1030,2,3434.26,Card
T503764-1027,503764,1027,3,3548.4,Wallet
T503764-1038,503764,1038,1,1204.99,Cash
T503765-1029,503765,1029,3,1233.3,Card
T503765-1076,503765,1076,4,2900.08,Card
T503765-1073,503765,1073,3,6413.73,Wallet
T503766-1058,503766,1058,3,4304.37,UPI
T503766-1085,503766,1085,3,258.3,Card
T503766-1018,503766,1018,2,375.26,Wallet
T503767-1002,503767,1002,4,4456.12,Card
T503767-1044,503767,1044,3,2404.65,Wallet
T503767-1064,503767,1064,3,5758.65,Wallet
T503768-1030,503768,1030,1,1717.13,UPI
T503769-1036,503769,1036,1,497.99,Wallet
T503769-1003,503769,1003,3,6452.22,Card
T503770-1026,503770,1026,3,1532.28,Wallet
T503770-1044,503770,1044,2,1603.1,Card
T503771-1021,503771,1021,3,5707.44,Wallet
T503771-1080,503771,1080,1,1966.23,UPI
T503771-1042,503771,1042,4,8346.88,Wallet
T503772-1008,503772,1008,3,5914.74,Card
T503772-1083,503772,1083,4,8162.52,Wallet
T503772-1054,503772,1054,4,6688.72,Wallet
T503773-1083,503773,1083,2,4081.26,Cash
T503773-1078,503773,1078,4,6659.72,Card
T503774-1029,503774,1029,4,1644.4,Cash
T503775-1065,503775,1065,3,4793.25,Cash
T503776-1021,503776,1021,3,5707.44,Wallet
T503776-1017,503776,1017,4,5599.28,Card
T503777-1076,503777,1076,1,725.02,Card
T503777-1001,503777,1001,2,3883.34,Cash
T503778-1084,503778,1084,4,1769.68,UPI
T503778-1071,503778,1071,4,2240.08,Cash
T503779-1071,503779,1071,1,560.02,Cash
T503780-1034,503780,1034,4,3780.16,Wallet
T503780-1003,503780,1003,4,8602.96,Card
T503781-1087,503781,1087,2,3628.46,Card
T503782-1074,503782,1074,1,607.83,UPI
T503783-1076,503783,1076,4,2900.08,Card
T503783-1078,503783,1078,4,6659.72,Wallet
T503783-1075,503783,1075,4,696.04,Wallet
T503784-1053,503784,1053,1,1973.7,Cash
T503784-1007,503784,1007,2,3820.04,Card
T503784-1040,503784,1040,3,5053.32,Card
T503785-1009,503785,1009,3,1039.32,Wallet
T503785-1027,503785,1027,4,4731.2,Card
T503786-1028,503786,1028,3,414.6,Card
T503787-1016,503787,1016,2,1182.56,Wallet
T503787-1035,503787,1035,2,2379.6,Card
T503788-1032,503788,1032,1,2419.75,Cash
T503788-1010,503788,1010,1,1142.45,UPI
T503789-1031,503789,1031,4,7478.24,Cash
T503789-1012,503789,1012,3,6957.33,Wallet
T503790-1030,503790,1030,3,5151.39,Wallet
T503790-1009,503790,1009,3,1039.32,Cash
T503790-1010,503790,1010,4,4569.8,Cash
T503791-1089,503791,1089,3,1285.02,UPI
T503791-1024,503791,1024,4,8944.04,Cash
T503791-1053,503791,1053,1,1973.7,UPI
T503792-1004,503792,1004,1,1752.5,Card
T503792-1021,503792,1021,3,5707.44,Wallet
T503793-1072,503793,1072,3,3117.21,UPI
T503793-1085,503793,1085,4,344.4,Wallet
T503794-1016,503794,1016,2,1182.56,Cash
T503795-1008,503795,1008,4,7886.32,Card
T503795-1057,503795,1057,1,1163.52,Cash
T503796-1062,503796,1062,4,4774.44,Cash
T503796-1017,503796,1017,3,4199.46,Wallet
T503796-1046,503796,1046,2,4035.54,Card
T503797-1036,503797,1036,2,995.98,Wallet
T503797-1050,503797,1050,2,750.38,Wallet
T503797-1014,503797,1014,3,6186.66,UPI
T503798-1051,503798,1051,4,2095.08,Cash
T503798-1063,503798,1063,2,2852.26,Card
T503798-1052,503798,1052,3,144.54,Card
T503799-1050,503799,1050,3,1125.57,Cash
T503799-1026,503799,1026,3,1532.28,Card
T503800-1028,503800,1028,3,414.6,Cash
T503800-1065,503800,1065,2,3195.5,Card
T503801-1049,503801,1049,4,6863.04,UPI
T503801-1048,503801,1048,1,742.17,Cash
T503801-1043,503801,1043,4,7038.6,UPI
T503802-1035,503802,1035,4,4759.2,Wallet
T503802-1034,503802,1034,1,945.04,Wallet
T503802-1002,503802,1002,1,1114.03,Wallet
T503803-1007,503803,1007,2,3820.04,Card
T503803-1084,503803,1084,1,442.42,UPI
T503803-1090,503803,1090,1,1267.58,Wallet
T503804-1081,503804,1081,1,1670.85,Cash
T503805-1081,503805,1081,1,1670.85,Cash
T503806-1039,503806,1039,2,1180.94,Cash
T503806-1041,503806,1041,4,4439.08,Card
T503806-1014,503806,1014,1,2062.22,UPI
T503807-1071,503807,1071,2,1120.04,Wallet
T503807-1009,503807,1009,4,1385.76,Card
T503807-1073,503807,1073,2,4275.82,Wallet
T503808-1067,503808,1067,2,2822.48,Wallet
T503808-1058,503808,1058,4,5739.16,Card
T503808-1056,503808,1056,4,7833.6,Wallet
T503809-1046,503809,1046,3,6053.31,Cash
T503809-1049,503809,1049,3,5147.28,Card
T503810-1084,503810,1084,1,442.42,UPI
T503810-1048,503810,1048,4,2968.68,UPI
T503811-1017,503811,1017,3,4199.46,Cash
T503811-1068,503811,1068,1,780.76,Cash
T503812-1040,503812,1040,4,6737.76,Wallet
T503812-1020,503812,1020,1,1590.21,Wallet
T503812-1026,503812,1026,1,510.76,Card
T503813-1005,503813,1005,3,787.86,Cash
T503814-1071,503814,1071,3,1680.06,Card
T503814-1038,503814,1038,1,1204.99,Cash
T503815-1042,503815,1042,2,4173.44,Card
T503815-1081,503815,1081,2,3341.7,Wallet
T503815-1027,503815,1027,1,1182.8,Card
T503816-1008,503816,1008,3,5914.74,Cash
T503816-1014,503816,1014,3,6186.66,Cash
T503816-1046,503816,1046,3,6053.31,UPI
T503817-1015,503817,1015,3,3375.69,Card
T503818-1090,503818,1090,2,2535.16,Cash
T503818-1040,503818,1040,4,6737.76,Cash
T503819-1056,503819,1056,2,3916.8,UPI
T503819-1090,503819,1090,2,2535.16,Cash
T503819-1085,503819,1085,3,258.3,UPI
T503820-1063,503820,1063,2,2852.26,Wallet
T503820-1041,503820,1041,1,1109.77,Card
T503820-1047,503820,1047,2,1974.14,UPI
T503821-1081,503821,1081,4,6683.4,Card
T503822-1037,503822,1037,3,1052.73,Card
T503823-1038,503823,1038,3,3614.97,Cash
T503824-1076,503824,1076,3,2175.06,Cash
T503825-1046,503825,1046,3,6053.31,UPI
T503825-1052,503825,1052,2,96.36,Cash
T503825-1069,503825,1069,2,212.24,UPI
T503826-1028,503826,1028,1,138.2,Wallet
T503827-1071,503827,1071,4,2240.08,Card
T503827-1079,503827,1079,1,1405.87,UPI
T503828-1022,503828,1022,2,1811.36,Card
T503828-1012,503828,1012,2,4638.22,Cash
T503829-1061,503829,1061,4,6723.84,UPI
T503829-1015,503829,1015,4,4500.92,Wallet
T503829-1057,503829,1057,4,4654.08,Card
T503830-1016,503830,1016,4,2365.12,Card
T503831-1033,503831,1033,3,2504.37,Wallet
T503831-1023,503831,1023,2,4855.24,Card
T503832-1007,503832,1007,1,1910.02,UPI
T503832-1016,503832,1016,1,591.28,Wallet
T503833-1063,503833,1063,1,1426.13,Card
T503834-1072,503834,1072,3,3117.21,Card
T503834-1050,503834,1050,2,750.38,Card
T503835-1042,503835,1042,2,4173.44,Wallet
T503835-1073,503835,1073,2,4275.82,UPI
T503835-1067,503835,1067,3,4233.72,UPI
T503836-1044,503836,1044,3,2404.65,UPI
T503836-1010,503836,1010,2,2284.9,Wallet
T503837-1058,503837,1058,4,5739.16,UPI
T503837-1032,503837,1032,2,4839.5,UPI
T503837-1029,503837,1029,4,1644.4,UPI
T503838-1047,503838,1047,1,987.07,UPI
T503838-1031,503838,1031,3,5608.68,Cash
T503839-1083,503839,1083,3,6121.89,Cash
T503839-1067,503839,1067,3,4233.72,Cash
T503839-1002,503839,1002,3,3342.09,Cash
T503840-1046,503840,1046,1,2017.77,Wallet
T503841-1014,503841,1014,1,2062.22,Wallet
T503841-1080,503841,1080,3,5898.69,Card
T503841-1043,503841,1043,3,5278.95,Wallet
T503842-1059,503842,1059,1,375.3,Wallet
T503842-1079,503842,1079,4,5623.48,Cash
T503843-1048,503843,1048,1,742.17,Wallet
T503844-1004,503844,1004,1,1752.5,Cash
T503844-1010,503844,1010,4,4569.8,UPI
T503844-1084,503844,1084,2,884.84,Card
T503845-1031,503845,1031,1,1869.56,Cash
T503845-1023,503845,1023,3,7282.86,Wallet
T503846-1033,503846,1033,2,1669.58,Wallet
T503846-1061,503846,1061,2,3361.92,Wallet
T503847-1062,503847,1062,2,2387.22,Card
T503848-1044,503848,1044,4,3206.2,Cash
T503848-1061,503848,1061,2,3361.92,Cash
T503848-1037,503848,1037,4,1403.64,Card
T503849-1083,503849,1083,4,8162.52,Cash
T503849-1031,503849,1031,1,1869.56,UPI
T503850-1002,503850,1002,4,4456.12,Cash
T503851-1073,503851,1073,2,4275.82,UPI
T503851-1013,503851,1013,2,3240.7,UPI
T503852-1020,503852,1020,1,1590.21,Cash
T503853-1043,503853,1043,2,3519.3,Wallet
T503853-1058,503853,1058,2,2869.58,Card
T503853-1010,503853,1010,4,4569.8,UPI
T503854-1052,503854,1052,2,96.36,UPI
T503854-1064,503854,1064,2,3839.1,UPI
T503855-1050,503855,1050,4,1500.76,Cash
T503855-1068,503855,1068,1,780.76,UPI
T503855-1031,503855,1031,4,7478.24,Wallet
T503856-1077,503856,1077,4,3020.72,Cash
T503856-1045,503856,1045,4,8342.72,Wallet
T503856-1057,503856,1057,4,4654.08,UPI
T503857-1034,503857,1034,1,945.04,Wallet
T503858-1035,503858,1035,3,3569.4,UPI
T503859-1010,503859,1010,2,2284.9,Cash
T503859-1082,503859,1082,2,2067.56,UPI
T503860-1020,503860,1020,3,4770.63,Cash
T503861-1062,503861,1062,2,2387.22,UPI
T503862-1060,503862,1060,1,312.89,UPI
T503862-1051,503862,1051,1,523.77,Wallet
T503862-1041,503862,1041,4,4439.08,Wallet
T503863-1029,503863,1029,2,822.2,Cash
T503863-1037,503863,1037,1,350.91,Wallet
T503864-1086,503864,1086,2,504.84,Card
T503864-1027,503864,1027,2,2365.6,UPI
T503865-1015,503865,1015,1,1125.23,Cash
T503865-1048,503865,1048,2,1484.34,UPI
T503866-1075,503866,1075,1,174.01,UPI
T503866-1090,503866,1090,4,5070.32,Cash
T503867-1072,503867,1072,3,3117.21,Wallet
T503867-1006,503867,1006,2,4879.58,Cash
T503868-1043,503868,1043,3,5278.95,Card
T503868-1024,503868,1024,1,2236.01,Wallet
T503868-1007,503868,1007,4,7640.08,Cash
T503869-1034,503869,1034,2,1890.08,Card
T503870-1034,503870,1034,2,1890.08,Card
T503871-1073,503871,1073,1,2137.91,Wallet
T503871-1048,503871,1048,1,742.17,Wallet
T503872-1047,503872,1047,3,2961.21,Wallet
T503872-1037,503872,1037,1,350.91,UPI
T503873-1018,503873,1018,4,750.52,UPI
T503874-1040,503874,1040,2,3368.88,Card
T503875-1078,503875,1078,4,6659.72,UPI
T503875-1050,503875,1050,1,375.19,Card
T503876-1003,503876,1003,2,4301.48,Cash
T503877-1025,503877,1025,1,1952.61,UPI
T503878-1063,503878,1063,2,2852.26,Cash
T503878-1065,503878,1065,1,1597.75,Wallet
T503878-1006,503878,1006,2,4879.58,Card
T503879-1056,503879,1056,1,1958.4,Wallet
T503879-1012,503879,1012,2,4638.22,Wallet
T503879-1085,503879,1085,4,344.4,Card
T503880-1025,503880,1025,3,5857.83,Cash
T503881-1049,503881,1049,3,5147.28,Wallet
T503881-1051,503881,1051,4,2095.08,Card
T503882-1081,503882,1081,4,6683.4,Wallet
T503883-1057,503883,1057,4,4654.08,Card
T503883-1025,503883,1025,2,3905.22,Wallet
T503884-1072,503884,1072,3,3117.21,Cash
T503884-1012,503884,1012,1,2319.11,UPI
T503885-1069,503885,1069,1,106.12,Cash
T503885-1030,503885,1030,3,5151.39,UPI
T503885-1005,503885,1005,2,525.24,Cash
T503886-1038,503886,1038,4,4819.96,UPI
T503886-1063,503886,1063,2,2852.26,Card
T503886-1048,503886,1048,1,742.17,Wallet
T503887-1019,503887,1019,2,4148.5,Wallet
T503888-1039,503888,1039,3,1771.41,UPI
T503889-1009,503889,1009,1,346.44,Card
T503890-1085,503890,1085,2,172.2,UPI
T503890-1051,503890,1051,3,1571.31,Card
T503890-1081,503890,1081,4,6683.4,Card
T503891-1043,503891,1043,3,5278.95,Card
T503891-1021,503891,1021,2,3804.96,Card
T503892-1036,503892,1036,3,1493.97,UPI
T503892-1062,503892,1062,4,4774.44,Cash
T503892-1076,503892,1076,2,1450.04,Cash
T503893-1015,503893,1015,3,3375.69,UPI
T503893-1078,503893,1078,4,6659.72,Card
T503893-1067,503893,1067,2,2822.48,Wallet
T503894-1037,503894,1037,3,1052.73,UPI
T503895-1019,503895,1019,3,6222.75,Wallet
T503895-1024,503895,1024,3,6708.03,Wallet
T503895-1047,503895,1047,4,3948.28,Cash
T503896-1086,503896,1086,2,504.84,Wallet
T503896-1062,503896,1062,3,3580.83,UPI
T503897-1023,503897,1023,4,9710.48,Wallet
T503897-1043,503897,1043,3,5278.95,Cash
T503898-1004,503898,1004,3,5257.5,Cash
T503898-1045,503898,1045,2,4171.36,UPI
T503899-1029,503899,1029,4,1644.4,Card
T503900-1088,503900,1088,4,4683.36,Wallet
T503900-1077,503900,1077,1,755.18,Card
T503900-1079,503900,1079,3,4217.61,UPI
T503901-1038,503901,1038,3,3614.97,Card
T503901-1027,503901,1027,3,3548.4,Wallet
T503901-1002,503901,1002,2,2228.06,Card
T503902-1035,503902,1035,2,2379.6,Wallet
T503903-1054,503903,1054,4,6688.72,Card
T503904-1061,503904,1061,3,5042.88,Cash
T503905-1010,503905,1010,3,3427.35,UPI
T503905-1043,503905,1043,4,7038.6,Card
T503905-1018,503905,1018,4,750.52,Card
T503906-1050,503906,1050,1,375.19,Wallet
T503906-1088,503906,1088,4,4683.36,Wallet
T503906-1048,503906,1048,1,742.17,Card
T503907-1069,503907,1069,4,424.48,Wallet
T503907-1068,503907,1068,2,1561.52,Cash
T503908-1086,503908,1086,4,1009.68,Card
T503908-1014,503908,1014,1,2062.22,Cash
T503909-1035,503909,1035,3,3569.4,Wallet
T503909-1082,503909,1082,4,4135.12,UPI
T503910-1074,503910,1074,1,607.83,Card
T503910-1081,503910,1081,3,5012.55,Wallet
T503911-1051,503911,1051,3,1571.31,Wallet
T503911-1017,503911,1017,3,4199.46,Wallet
T503912-1085,503912,1085,3,258.3,Card
T503912-1073,503912,1073,1,2137.91,UPI
T503913-1018,503913,1018,1,187.63,Wallet
T503914-1015,503914,1015,3,3375.69,UPI
T503914-1031,503914,1031,1,1869.56,Cash
T503915-1006,503915,1006,2,4879.58,Wallet
T503915-1007,503915,1007,1,1910.02,Cash
T503915-1077,503915,1077,2,1510.36,Cash
T503916-1027,503916,1027,4,4731.2,Cash
T503917-1060,503917,1060,3,938.67,Wallet
T503917-1017,503917,1017,1,1399.82,Wallet
T503917-1042,503917,1042,1,2086.72,Wallet
T503918-1089,503918,1089,3,1285.02,UPI
T503918-1003,503918,1003,4,8602.96,Card
T503918-1043,503918,1043,4,7038.6,Card
T503919-1059,503919,1059,1,375.3,Wallet
T503919-1048,503919,1048,3,2226.51,UPI
T503919-1089,503919,1089,1,428.34,UPI
T503920-1050,503920,1050,3,1125.57,Wallet
T503920-1059,503920,1059,4,1501.2,UPI
T503920-1015,503920,1015,4,4500.92,Cash
T503921-1084,503921,1084,2,884.84,Card
T503922-1013,503922,1013,1,1620.35,UPI
T503922-1052,503922,1052,4,192.72,Cash
T503922-1007,503922,1007,3,5730.06,Cash
T503923-1085,503923,1085,4,344.4,UPI
T503923-1055,503923,1055,2,3543.52,Wallet
T503924-1030,503924,1030,1,1717.13,Cash
T503925-1024,503925,1024,2,4472.02,UPI
T503925-1062,503925,1062,3,3580.83,Cash
T503925-1069,503925,1069,2,212.24,Cash
T503926-1030,503926,1030,2,3434.26,Cash
T503926-1026,503926,1026,1,510.76,Card
T503927-1070,503927,1070,2,2217.38,Card
T503927-1071,503927,1071,1,560.02,Wallet
T503927-1003,503927,1003,4,8602.96,Wallet
T503928-1087,503928,1087,3,5442.69,Cash
T503929-1030,503929,1030,4,6868.52,Wallet
T503929-1021,503929,1021,4,7609.92,Wallet
T503930-1067,503930,1067,4,5644.96,Cash
T503931-1035,503931,1035,3,3569.4,UPI
T503931-1075,503931,1075,4,696.04,Cash
T503932-1047,503932,1047,1,987.07,Cash
T503932-1068,503932,1068,2,1561.52,UPI
T503932-1060,503932,1060,4,1251.56,UPI
T503933-1014,503933,1014,3,6186.66,Card
T503934-1068,503934,1068,4,3123.04,Card
T503934-1031,503934,1031,1,1869.56,Card
T503935-1045,503935,1045,1,2085.68,Wallet
T503936-1089,503936,1089,1,428.34,UPI
T503936-1013,503936,1013,1,1620.35,UPI
T503937-1054,503937,1054,4,6688.72,Card
T503937-1034,503937,1034,3,2835.12,Card
T503938-1019,503938,1019,3,6222.75,UPI
T503939-1078,503939,1078,2,3329.86,Wallet
T503939-1033,503939,1033,1,834.79,Cash
T503939-1052,503939,1052,2,96.36,UPI
T503940-1064,503940,1064,2,3839.1,Card
T503940-1067,503940,1067,1,1411.24,Cash
T503941-1043,503941,1043,2,3519.3,UPI
T503941-1030,503941,1030,2,3434.26,Card
T503941-1028,503941,1028,1,138.2,Card
T503942-1077,503942,1077,3,2265.54,Cash
T503942-1012,503942,1012,4,9276.44,Card
T503942-1055,503942,1055,4,7087.04,Cash
T503943-1052,503943,1052,2,96.36,Cash
T503943-1010,503943,1010,3,3427.35,UPI
T503944-1082,503944,1082,3,3101.34,Card
T503945-1043,503945,1043,4,7038.6,Cash
T503945-1076,503945,1076,2,1450.04,UPI
T503945-1060,503945,1060,1,312.89,Wallet
T503946-1060,503946,1060,3,938.67,Card
T503947-1060,503947,1060,4,1251.56,Card
T503947-1087,503947,1087,2,3628.46,Wallet
T503947-1024,503947,1024,3,6708.03,Card
T503948-1072,503948,1072,3,3117.21,Wallet
T503949-1088,503949,1088,1,1170.84,Cash
T503949-1030,503949,1030,2,3434.26,Cash
T503950-1010,503950,1010,2,2284.9,UPI
T503950-1051,503950,1051,4,2095.08,Cash
T503950-1020,503950,1020,3,4770.63,UPI
T503951-1054,503951,1054,1,1672.18,Card
T503952-1046,503952,1046,2,4035.54,Cash
T503952-1021,503952,1021,3,5707.44,Card
T503952-1078,503952,1078,4,6659.72,UPI
T503953-1055,503953,1055,4,7087.04,Cash
T503953-1005,503953,1005,3,787.86,UPI
T503954-1022,503954,1022,1,905.68,Cash
T503955-1089,503955,1089,4,1713.36,Cash
T503955-1060,503955,1060,3,938.67,Wallet
T503955-1079,503955,1079,3,4217.61,UPI
T503956-1042,503956,1042,1,2086.72,Card
T503956-1022,503956,1022,3,2717.04,Wallet
T503956-1086,503956,1086,2,504.84,Wallet
T503957-1015,503957,1015,1,1125.23,Cash
T503958-1071,503958,1071,3,1680.06,Cash
T503958-1002,503958,1002,1,1114.03,Cash
T503959-1075,503959,1075,1,174.01,UPI
T503959-1025,503959,1025,3,5857.83,UPI
T503959-1033,503959,1033,3,2504.37,Card
T503960-1074,503960,1074,3,1823.49,Card
T503961-1026,503961,1026,3,1532.28,Card
T503961-1081,503961,1081,3,5012.55,UPI
T503962-1057,503962,1057,4,4654.08,Card
T503962-1002,503962,1002,3,3342.09,Card
T503962-1025,503962,1025,2,3905.22,Wallet
T503963-1071,503963,1071,2,1120.04,Card
T503963-1036,503963,1036,2,995.98,Cash
T503964-1083,503964,1083,3,6121.89,Card
T503964-1089,503964,1089,3,1285.02,Card
T503965-1010,503965,1010,1,1142.45,Cash
T503965-1006,503965,1006,2,4879.58,Card
T503965-1084,503965,1084,3,1327.26,Wallet
T503966-1067,503966,1067,3,4233.72,Card
T503966-1052,503966,1052,1,48.18,Card
T503967-1030,503967,1030,1,1717.13,Cash
T503968-1059,503968,1059,1,375.3,Cash
T503968-1068,503968,1068,2,1561.52,Card
T503969-1072,503969,1072,1,1039.07,Card
T503969-1006,503969,1006,1,2439.79,Cash
T503969-1028,503969,1028,1,138.2,Wallet
T503970-1007,503970,1007,1,1910.02,Cash
T503971-1013,503971,1013,3,4861.05,Cash
T503971-1028,503971,1028,2,276.4,UPI
T503971-1069,503971,1069,3,318.36,Cash
T503972-1022,503972,1022,3,2717.04,UPI
T503972-1045,503972,1045,2,4171.36,Cash
T503972-1080,503972,1080,1,1966.23,UPI
T503973-1046,503973,1046,1,2017.77,Cash
T503974-1041,503974,1041,3,3329.31,Wallet
T503974-1058,503974,1058,3,4304.37,Wallet
T503974-1062,503974,1062,2,2387.22,UPI
T503975-1090,503975,1090,4,5070.32,Card
T503976-1086,503976,1086,2,504.84,UPI
T503976-1004,503976,1004,1,1752.5,Wallet
T503977-1008,503977,1008,4,7886.32,Cash
T503978-1027,503978,1027,3,3548.4,UPI
T503979-1079,503979,1079,3,4217.61,Cash
T503979-1078,503979,1078,3,4994.79,Wallet
T503979-1047,503979,1047,1,987.07,Card
T503980-1090,503980,1090,2,2535.16,UPI
T503980-1017,503980,1017,3,4199.46,UPI
T503980-1035,503980,1035,1,1189.8,UPI
T503981-1083,503981,1083,1,2040.63,Cash
T503981-1008,503981,1008,3,5914.74,Wallet
T503981-1086,503981,1086,2,504.84,Cash
T503982-1088,503982,1088,4,4683.36,UPI
T503982-1059,503982,1059,3,1125.9,Wallet
T503982-1058,503982,1058,4,5739.16,Cash
T503983-1004,503983,1004,4,7010.0,Cash
T503983-1017,503983,1017,2,2799.64,Card
T503984-1080,503984,1080,1,1966.23,Card
T503984-1041,503984,1041,3,3329.31,Cash
T503985-1058,503985,1058,4,5739.16,UPI
T503986-1039,503986,1039,2,1180.94,Card
T503987-1054,503987,1054,2,3344.36,Wallet
T503987-1079,503987,1079,2,2811.74,Cash
T503987-1080,503987,1080,2,3932.46,UPI
T503988-1034,503988,1034,1,945.04,Card
T503988-1070,503988,1070,2,2217.38,Cash
T503989-1051,503989,1051,1,523.77,Card
T503989-1082,503989,1082,4,4135.12,Card
T503990-1024,503990,1024,2,4472.02,Card
T503990-1038,503990,1038,2,2409.98,Cash
T503990-1080,503990,1080,1,1966.23,Card
T503991-1065,503991,1065,4,6391.0,Wallet
T503991-1019,503991,1019,2,4148.5,Cash
T503991-1022,503991,1022,2,1811.36,Cash
T503992-1061,503992,1061,1,1680.96,Card
T503992-1078,503992,1078,3,4994.79,Cash
T503993-1074,503993,1074,1,607.83,Card
T503993-1036,503993,1036,1,497.99,UPI
T503993-1037,503993,1037,3,1052.73,Cash
T503994-1053,503994,1053,3,5921.1,UPI
T503995-1024,503995,1024,1,2236.01,Cash
T503995-1074,503995,1074,1,607.83,Cash
T503996-1045,503996,1045,3,6257.04,Wallet
T503997-1007,503997,1007,1,1910.02,Card
T503997-1024,503997,1024,2,4472.02,Card
T503998-1080,503998,1080,2,3932.46,UPI
T503998-1084,503998,1084,4,1769.68,Wallet
T503998-1078,503998,1078,1,1664.93,UPI
T503999-1084,503999,1084,4,1769.68,Card
T504000-1038,504000,1038,3,3614.97,UPI
T504001-1089,504001,1089,1,428.34,Card
T504001-1048,504001,1048,2,1484.34,Wallet
T504002-1030,504002,1030,2,3434.26,Cash
T504002-1023,504002,1023,4,9710.48,Card
T504002-1058,504002,1058,2,2869.58,Cash
T504003-1069,504003,1069,3,318.36,Wallet
T504003-1047,504003,1047,4,3948.28,UPI
T504004-1005,504004,1005,1,262.62,UPI
T504004-1026,504004,1026,2,1021.52,Wallet
T504004-1012,504004,1012,4,9276.44,Wallet
T504005-1014,504005,1014,2,4124.44,Card
T504006-1048,504006,1048,2,1484.34,Card
T504007-1039,504007,1039,2,1180.94,UPI
T504008-1083,504008,1083,2,4081.26,UPI
T504008-1079,504008,1079,3,4217.61,Wallet
T504008-1062,504008,1062,3,3580.83,UPI
T504009-1079,504009,1079,2,2811.74,Wallet
T504009-1010,504009,1010,3,3427.35,Wallet
T504010-1080,504010,1080,2,3932.46,Cash
T504010-1026,504010,1026,3,1532.28,UPI
T504011-1054,504011,1054,3,5016.54,Cash
T504011-1065,504011,1065,4,6391.0,UPI
T504011-1037,504011,1037,1,350.91,Card
T504012-1077,504012,1077,4,3020.72,Wallet
T504012-1037,504012,1037,3,1052.73,Cash
T504012-1011,504012,1011,4,3783.48,Wallet
T504013-1005,504013,1005,4,1050.48,Card
T504013-1074,504013,1074,4,2431.32,Wallet
T504013-1086,504013,1086,1,252.42,Card
T504014-1008,504014,1008,3,5914.74,UPI
T504015-1039,504015,1039,1,590.47,Card
T504015-1060,504015,1060,1,312.89,Wallet
T504016-1003,504016,1003,1,2150.74,Cash
T504017-1032,504017,1032,3,7259.25,UPI
T504017-1061,504017,1061,2,3361.92,UPI
T504018-1087,504018,1087,3,5442.69,Card
T504018-1077,504018,1077,3,2265.54,Wallet
T504019-1063,504019,1063,2,2852.26,UPI
T504019-1010,504019,1010,1,1142.45,Wallet
T504020-1037,504020,1037,3,1052.73,UPI
T504020-1035,504020,1035,2,2379.6,Wallet
T504021-1046,504021,1046,3,6053.31,UPI
T504021-1072,504021,1072,3,3117.21,Cash
T504022-1024,504022,1024,1,2236.01,UPI
T504023-1056,504023,1056,1,1958.4,Cash
T504024-1071,504024,1071,3,1680.06,Card
T504025-1020,504025,1020,4,6360.84,Card
T504025-1058,504025,1058,2,2869.58,Card
T504025-1057,504025,1057,3,3490.56,UPI
T504026-1086,504026,1086,1,252.42,Cash
T504026-1087,504026,1087,2,3628.46,UPI
T504026-1042,504026,1042,3,6260.16,Card
T504027-1076,504027,1076,4,2900.08,Card
T504027-1067,504027,1067,1,1411.24,UPI
T504027-1052,504027,1052,2,96.36,Card
T504028-1070,504028,1070,2,2217.38,Card
T504029-1040,504029,1040,1,1684.44,UPI
T504029-1070,504029,1070,3,3326.07,Cash
T504029-1046,504029,1046,1,2017.77,UPI
T504030-1009,504030,1009,3,1039.32,UPI
T504030-1020,504030,1020,1,1590.21,Wallet
T504030-1042,504030,1042,2,4173.44,Card
T504031-1020,504031,1020,3,4770.63,Cash
T504031-1074,504031,1074,2,1215.66,Card
T504031-1026,504031,1026,3,1532.28,Cash
T504032-1073,504032,1073,2,4275.82,Wallet
T504032-1059,504032,1059,1,375.3,UPI
T504033-1055,504033,1055,2,3543.52,Cash
T504033-1025,504033,1025,2,3905.22,Cash
T504033-1054,504033,1054,1,1672.18,Wallet
T504034-1087,504034,1087,3,5442.69,UPI
T504034-1021,504034,1021,4,7609.92,UPI
T504035-1060,504035,1060,4,1251.56,Card
T504036-1032,504036,1032,4,9679.0,Wallet
T504037-1082,504037,1082,4,4135.12,Cash
T504038-1042,504038,1042,4,8346.88,Card
T504039-1007,504039,1007,1,1910.02,UPI
T504039-1041,504039,1041,2,2219.54,Wallet
T504040-1039,504040,1039,2,1180.94,Card
T504040-1021,504040,1021,3,5707.44,Card
T504040-1068,504040,1068,3,2342.28,UPI
T504041-1006,504041,1006,4,9759.16,Card
T504041-1041,504041,1041,1,1109.77,UPI
T504042-1073,504042,1073,2,4275.82,Card
T504042-1081,504042,1081,4,6683.4,Wallet
T504043-1007,504043,1007,3,5730.06,Cash
T504043-1043,504043,1043,3,5278.95,Card
T504044-1041,504044,1041,4,4439.08,Wallet
T504045-1032,504045,1032,3,7259.25,UPI
T504046-1012,504046,1012,4,9276.44,UPI
T504046-1042,504046,1042,3,6260.16,Wallet
T504047-1035,504047,1035,2,2379.6,UPI
T504047-1006,504047,1006,4,9759.16,UPI
T504047-1068,504047,1068,2,1561.52,UPI
T504048-1006,504048,1006,3,7319.37,Cash
T504048-1014,504048,1014,2,4124.44,Card
T504048-1046,504048,1046,4,8071.08,Cash
T504049-1020,504049,1020,1,1590.21,Card
T504049-1068,504049,1068,2,1561.52,Wallet
T504049-1089,504049,1089,2,856.68,Wallet
T504050-1084,504050,1084,4,1769.68,Cash
T504051-1056,504051,1056,4,7833.6,Wallet
T504052-1035,504052,1035,3,3569.4,Wallet
T504052-1043,504052,1043,2,3519.3,Wallet
T504053-1006,504053,1006,4,9759.16,UPI
T504054-1032,504054,1032,1,2419.75,Cash
T504054-1079,504054,1079,2,2811.74,UPI
T504055-1016,504055,1016,4,2365.12,Wallet
T504055-1077,504055,1077,4,3020.72,Cash
T504056-1004,504056,1004,1,1752.5,UPI
T504057-1085,504057,1085,2,172.2,Wallet
T504057-1019,504057,1019,2,4148.5,Wallet
T504057-1009,504057,1009,4,1385.76,Card
T504058-1070,504058,1070,1,1108.69,Wallet
T504058-1088,504058,1088,1,1170.84,Card
T504058-1003,504058,1003,2,4301.48,Card
T504059-1037,504059,1037,4,1403.64,Card
T504060-1052,504060,1052,2,96.36,Cash
T504060-1061,504060,1061,2,3361.92,Card
T504060-1071,504060,1071,2,1120.04,Wallet
T504061-1080,504061,1080,1,1966.23,Wallet
T504061-1084,504061,1084,2,884.84,Card
T504062-1060,504062,1060,3,938.67,Wallet
T504062-1008,504062,1008,2,3943.16,Card
T504063-1009,504063,1009,1,346.44,Cash
T504063-1042,504063,1042,4,8346.88,Cash
T504063-1076,504063,1076,1,725.02,Card
T504064-1058,504064,1058,2,2869.58,Cash
T504064-1074,504064,1074,4,2431.32,Card
T504064-1011,504064,1011,4,3783.48,Wallet
T504065-1026,504065,1026,2,1021.52,Cash
T504066-1038,504066,1038,1,1204.99,UPI
T504067-1041,504067,1041,2,2219.54,Cash
T504067-1057,504067,1057,3,3490.56,Cash
T504068-1004,504068,1004,2,3505.0,UPI
T504069-1023,504069,1023,1,2427.62,Card
T504069-1063,504069,1063,2,2852.26,UPI
T504070-1027,504070,1027,1,1182.8,Wallet
T504070-1068,504070,1068,1,780.76,Cash
T504071-1043,504071,1043,4,7038.6,Wallet
T504071-1050,504071,1050,1,375.19,UPI
T504071-1048,504071,1048,4,2968.68,Cash
T504072-1042,504072,1042,1,2086.72,UPI
T504072-1022,504072,1022,4,3622.72,UPI
T504073-1069,504073,1069,4,424.48,UPI
T504073-1025,504073,1025,4,7810.44,UPI
T504074-1004,504074,1004,4,7010.0,Card
T504075-1074,504075,1074,2,1215.66,UPI
T504075-1024,504075,1024,4,8944.04,Card
T504076-1016,504076,1016,4,2365.12,Card
T504076-1038,504076,1038,4,4819.96,Card
T504076-1078,504076,1078,2,3329.86,Cash
T504077-1005,504077,1005,3,787.86,UPI
T504077-1043,504077,1043,3,5278.95,Wallet
T504078-1060,504078,1060,1,312.89,Cash
T504078-1025,504078,1025,2,3905.22,UPI
T504078-1062,504078,1062,1,1193.61,Cash
T504079-1015,504079,1015,3,3375.69,Card
T504079-1013,504079,1013,1,1620.35,UPI
T504080-1005,504080,1005,3,787.86,Card
T504081-1054,504081,1054,3,5016.54,UPI
T504082-1054,504082,1054,1,1672.18,Wallet
T504082-1010,504082,1010,1,1142.45,Wallet
T504083-1064,504083,1064,3,5758.65,Card
T504083-1061,504083,1061,3,5042.88,UPI
T504084-1038,504084,1038,2,2409.98,Wallet
T504084-1013,504084,1013,2,3240.7,Card
T504085-1048,504085,1048,3,2226.51,Card
T504085-1001,504085,1001,2,3883.34,Cash
T504085-1060,504085,1060,2,625.78,Wallet
T504086-1064,504086,1064,3,5758.65,Wallet
T504087-1021,504087,1021,2,3804.96,Wallet
T504087-1036,504087,1036,1,497.99,Card
T504088-1071,504088,1071,1,560.02,UPI
T504088-1085,504088,1085,3,258.3,Card
T504088-1007,504088,1007,1,1910.02,Cash
T504089-1078,504089,1078,1,1664.93,UPI
T504090-1058,504090,1058,4,5739.16,Card
T504090-1030,504090,1030,3,5151.39,Wallet
T504091-1045,504091,1045,1,2085.68,Cash
T504091-1047,504091,1047,4,3948.28,Cash
T504091-1021,504091,1021,4,7609.92,UPI
T504092-1003,504092,1003,1,2150.74,Card
T504092-1019,504092,1019,1,2074.25,Card
T504093-1041,504093,1041,3,3329.31,Cash
T504094-1036,504094,1036,2,995.98,Wallet
T504094-1048,504094,1048,3,2226.51,Cash
T504094-1011,504094,1011,3,2837.61,Wallet
T504095-1065,504095,1065,1,1597.75,Card
T504095-1028,504095,1028,2,276.4,UPI
T504096-1080,504096,1080,4,7864.92,Wallet
T504096-1015,504096,1015,1,1125.23,Wallet
T504097-1054,504097,1054,3,5016.54,Wallet
T504097-1028,504097,1028,2,276.4,UPI
T504098-1070,504098,1070,4,4434.76,Cash
T504098-1002,504098,1002,4,4456.12,Card
T504099-1060,504099,1060,3,938.67,Wallet
T504100-1015,504100,1015,3,3375.69,Card
T504101-1061,504101,1061,1,1680.96,Wallet
T504102-1059,504102,1059,3,1125.9,Cash
T504103-1008,504103,1008,3,5914.74,Card
T504104-1033,504104,1033,3,2504.37,Card
T504104-1079,504104,1079,1,1405.87,Card
T504104-1007,504104,1007,4,7640.08,Card
T504105-1070,504105,1070,1,1108.69,Card
T504106-1055,504106,1055,4,7087.04,Card
T504107-1065,504107,1065,2,3195.5,Card
T504107-1017,504107,1017,1,1399.82,Wallet
T504107-1077,504107,1077,3,2265.54,Cash
T504108-1080,504108,1080,1,1966.23,Card
T504108-1055,504108,1055,1,1771.76,Wallet
T504109-1038,504109,1038,3,3614.97,Wallet
T504109-1003,504109,1003,1,2150.74,Cash
T504110-1090,504110,1090,3,3802.74,UPI
T504110-1021,504110,1021,4,7609.92,Wallet
T504111-1037,504111,1037,4,1403.64,UPI
T504111-1029,504111,1029,4,1644.4,UPI
T504111-1074,504111,1074,4,2431.32,UPI
T504112-1085,504112,1085,4,344.4,UPI
T504112-1015,504112,1015,2,2250.46,Card
T504112-1078,504112,1078,2,3329.86,Card
T504113-1021,504113,1021,1,1902.48,Wallet
T504113-1035,504113,1035,2,2379.6,Card
T504114-1083,504114,1083,1,2040.63,Wallet
T504114-1073,504114,1073,3,6413.73,UPI
T504115-1075,504115,1075,2,348.02,UPI
T504115-1048,504115,1048,4,2968.68,Wallet
T504116-1022,504116,1022,3,2717.04,Wallet
T504117-1057,504117,1057,4,4654.08,Card
T504118-1003,504118,1003,1,2150.74,Wallet
T504119-1014,504119,1014,1,2062.22,Cash
T504119-1082,504119,1082,2,2067.56,UPI
T504120-1049,504120,1049,4,6863.04,Wallet
T504121-1021,504121,1021,4,7609.92,UPI
T504121-1014,504121,1014,2,4124.44,Wallet
T504121-1082,504121,1082,4,4135.12,UPI
T504122-1006,504122,1006,1,2439.79,Card
T504123-1088,504123,1088,2,2341.68,Card
T504124-1031,504124,1031,2,3739.12,Cash
T504124-1065,504124,1065,2,3195.5,Cash
T504125-1082,504125,1082,4,4135.12,Cash
T504126-1059,504126,1059,1,375.3,UPI
T504126-1011,504126,1011,3,2837.61,Wallet
T504126-1037,504126,1037,4,1403.64,Card
T504127-1079,504127,1079,3,4217.61,UPI
T504128-1079,504128,1079,4,5623.48,Cash
T504128-1090,504128,1090,3,3802.74,UPI
T504129-1078,504129,1078,1,1664.93,UPI
T504129-1074,504129,1074,4,2431.32,Wallet
T504130-1062,504130,1062,3,3580.83,Card
T504130-1079,504130,1079,4,5623.48,Card
T504131-1045,504131,1045,2,4171.36,Wallet
T504132-1079,504132,1079,1,1405.87,UPI
T504133-1050,504133,1050,1,375.19,Card
T504133-1084,504133,1084,4,1769.68,Cash
T504134-1059,504134,1059,3,1125.9,Card
T504135-1031,504135,1031,2,3739.12,Card
T504135-1017,504135,1017,1,1399.82,Card
T504136-1087,504136,1087,4,7256.92,Cash
T504136-1070,504136,1070,4,4434.76,Card
T504137-1041,504137,1041,4,4439.08,UPI
T504137-1056,504137,1056,2,3916.8,Card
T504137-1058,504137,1058,4,5739.16,Cash
T504138-1041,504138,1041,2,2219.54,Card
T504138-1066,504138,1066,3,4192.02,Cash
T504138-1084,504138,1084,1,442.42,Card
T504139-1001,504139,1001,4,7766.68,Wallet
T504139-1050,504139,1050,4,1500.76,Wallet
T504140-1039,504140,1039,3,1771.41,Wallet
T504141-1064,504141,1064,1,1919.55,UPI
T504141-1071,504141,1071,2,1120.04,UPI
T504142-1022,504142,1022,4,3622.72,Cash
T504142-1079,504142,1079,1,1405.87,Wallet
T504143-1051,504143,1051,4,2095.08,UPI
T504144-1018,504144,1018,4,750.52,Wallet
T504144-1043,504144,1043,1,1759.65,Card
T504145-1018,504145,1018,2,375.26,Wallet
T504145-1006,504145,1006,2,4879.58,Cash
T504146-1004,504146,1004,3,5257.5,Cash
T504147-1004,504147,1004,2,3505.0,Cash
T504147-1063,504147,1063,1,1426.13,UPI
T504148-1041,504148,1041,4,4439.08,UPI
T504149-1026,504149,1026,1,510.76,Card
T504149-1085,504149,1085,3,258.3,UPI
T504150-1061,504150,1061,4,6723.84,Cash
T504151-1078,504151,1078,1,1664.93,Wallet
T504152-1045,504152,1045,4,8342.72,Card
T504153-1072,504153,1072,2,2078.14,Wallet
T504153-1052,504153,1052,3,144.54,Cash
T504153-1007,504153,1007,3,5730.06,Card
T504154-1009,504154,1009,1,346.44,Wallet
T504154-1071,504154,1071,3,1680.06,Card
T504155-1062,504155,1062,3,3580.83,Cash
T504156-1061,504156,1061,3,5042.88,Card
T504156-1065,504156,1065,4,6391.0,UPI
T504156-1009,504156,1009,1,346.44,Wallet
T504157-1076,504157,1076,4,2900.08,Wallet
T504157-1003,504157,1003,1,2150.74,UPI
T504157-1013,504157,1013,2,3240.7,Wallet
T504158-1001,504158,1001,1,1941.67,Cash
T504158-1067,504158,1067,3,4233.72,Wallet
T504159-1082,504159,1082,3,3101.34,Wallet
T504159-1031,504159,1031,3,5608.68,Cash
T504160-1053,504160,1053,1,1973.7,UPI
T504160-1058,504160,1058,2,2869.58,UPI
T504160-1038,504160,1038,3,3614.97,UPI
T504161-1016,504161,1016,1,591.28,Card
T504161-1083,504161,1083,4,8162.52,Card
T504162-1039,504162,1039,3,1771.41,UPI
T504162-1079,504162,1079,2,2811.74,Wallet
T504162-1008,504162,1008,4,7886.32,UPI
T504163-1036,504163,1036,3,1493.97,Wallet
T504163-1071,504163,1071,1,560.02,UPI
T504164-1031,504164,1031,2,3739.12,Card
T504165-1057,504165,1057,2,2327.04,Wallet
T504166-1023,504166,1023,4,9710.48,Cash
T504167-1014,504167,1014,1,2062.22,Wallet
T504168-1030,504168,1030,2,3434.26,UPI
T504168-1084,504168,1084,1,442.42,Wallet
T504169-1079,504169,1079,4,5623.48,Card
T504169-1047,504169,1047,2,1974.14,Wallet
T504170-1090,504170,1090,1,1267.58,Wallet
T504170-1074,504170,1074,4,2431.32,Wallet
T504170-1027,504170,1027,2,2365.6,Wallet
T504171-1006,504171,1006,2,4879.58,UPI
T504171-1077,504171,1077,3,2265.54,Card
T504172-1020,504172,1020,3,4770.63,Card
T504172-1033,504172,1033,1,834.79,Cash
T504173-1022,504173,1022,4,3622.72,Cash
T504173-1014,504173,1014,4,8248.88,Cash
T504173-1033,504173,1033,2,1669.58,Cash
T504174-1071,504174,1071,1,560.02,Cash
T504175-1022,504175,1022,4,3622.72,Card
T504175-1044,504175,1044,1,801.55,UPI
T504176-1040,504176,1040,1,1684.44,Wallet
T504176-1080,504176,1080,3,5898.69,UPI
T504177-1066,504177,1066,3,4192.02,Card
T504178-1075,504178,1075,2,348.02,UPI
T504178-1080,504178,1080,3,5898.69,Cash
T504178-1081,504178,1081,2,3341.7,UPI
T504179-1002,504179,1002,4,4456.12,Cash
T504179-1025,504179,1025,2,3905.22,UPI
T504180-1065,504180,1065,4,6391.0,Wallet
T504180-1044,504180,1044,2,1603.1,UPI
T504181-1069,504181,1069,1,106.12,Wallet
T504181-1034,504181,1034,1,945.04,UPI
T504182-1064,504182,1064,2,3839.1,UPI
T504182-1024,504182,1024,1,2236.01,Wallet
T504182-1044,504182,1044,4,3206.2,Wallet
T504183-1019,504183,1019,3,6222.75,Card
T504183-1090,504183,1090,3,3802.74,Wallet
T504183-1022,504183,1022,2,1811.36,Wallet
T504184-1028,504184,1028,1,138.2,UPI
T504185-1033,504185,1033,3,2504.37,Cash
T504186-1045,504186,1045,4,8342.72,Cash
T504186-1017,504186,1017,4,5599.28,Wallet
T504187-1008,504187,1008,1,1971.58,UPI
T504187-1040,504187,1040,2,3368.88,Card
T504187-1010,504187,1010,4,4569.8,Wallet
T504188-1035,504188,1035,3,3569.4,Card
T504189-1061,504189,1061,2,3361.92,Cash
T504190-1044,504190,1044,2,1603.1,Card
T504191-1069,504191,1069,4,424.48,Card
T504191-1027,504191,1027,3,3548.4,UPI
T504192-1069,504192,1069,2,212.24,UPI
T504192-1057,504192,1057,3,3490.56,Wallet
T504192-1081,504192,1081,3,5012.55,Cash
T504193-1065,504193,1065,3,4793.25,Cash
T504193-1043,504193,1043,3,5278.95,Cash
T504194-1035,504194,1035,1,1189.8,Cash
T504194-1038,504194,1038,4,4819.96,UPI
T504195-1031,504195,1031,3,5608.68,Cash
T504195-1053,504195,1053,4,7894.8,UPI
T504196-1056,504196,1056,3,5875.2,Cash
T504196-1040,504196,1040,2,3368.88,Card
T504196-1042,504196,1042,4,8346.88,Card
T504197-1044,504197,1044,1,801.55,Cash
T504198-1055,504198,1055,3,5315.28,Cash
T504198-1083,504198,1083,3,6121.89,Wallet
T504199-1065,504199,1065,4,6391.0,Card
T504200-1037,504200,1037,2,701.82,Card
T504200-1034,504200,1034,3,2835.12,Card
T504201-1017,504201,1017,4,5599.28,Wallet
T504201-1016,504201,1016,3,1773.84,Wallet
T504201-1047,504201,1047,4,3948.28,Cash
T504202-1079,504202,1079,1,1405.87,Wallet
T504202-1057,504202,1057,2,2327.04,Wallet
T504203-1061,504203,1061,1,1680.96,UPI
T504203-1081,504203,1081,2,3341.7,UPI
T504204-1059,504204,1059,4,1501.2,Wallet
T504204-1068,504204,1068,3,2342.28,Wallet
T504205-1037,504205,1037,3,1052.73,Cash
T504205-1074,504205,1074,1,607.83,UPI
T504205-1047,504205,1047,3,2961.21,Wallet
T504206-1007,504206,1007,3,5730.06,Cash
T504206-1059,504206,1059,1,375.3,Cash
T504207-1071,504207,1071,1,560.02,Wallet
T504208-1023,504208,1023,4,9710.48,Wallet
T504209-1010,504209,1010,3,3427.35,Card
T504209-1017,504209,1017,4,5599.28,Wallet
T504210-1082,504210,1082,2,2067.56,UPI
T504211-1065,504211,1065,4,6391.0,Card
T504211-1032,504211,1032,3,7259.25,UPI
T504211-1079,504211,1079,3,4217.61,Card
T504212-1090,504212,1090,2,2535.16,Wallet
T504212-1029,504212,1029,4,1644.4,Card
T504212-1080,504212,1080,3,5898.69,Cash
T504213-1038,504213,1038,1,1204.99,Card
T504213-1088,504213,1088,2,2341.68,Cash
T504213-1034,504213,1034,3,2835.12,UPI
T504214-1015,504214,1015,4,4500.92,Card
T504215-1049,504215,1049,1,1715.76,Cash
T504215-1026,504215,1026,2,1021.52,Wallet
T504216-1087,504216,1087,4,7256.92,Cash
T504217-1019,504217,1019,3,6222.75,Card
T504217-1058,504217,1058,2,2869.58,Card
T504218-1046,504218,1046,4,8071.08,Card
T504218-1061,504218,1061,1,1680.96,UPI
T504219-1074,504219,1074,2,1215.66,Wallet
T504219-1023,504219,1023,2,4855.24,UPI
T504220-1044,504220,1044,3,2404.65,Cash
T504220-1050,504220,1050,1,375.19,Cash
T504221-1073,504221,1073,2,4275.82,UPI
T504222-1087,504222,1087,3,5442.69,UPI
T504223-1012,504223,1012,4,9276.44,Card
T504223-1076,504223,1076,1,725.02,Card
T504224-1035,504224,1035,3,3569.4,UPI
T504224-1029,504224,1029,4,1644.4,Wallet
T504225-1020,504225,1020,3,4770.63,Wallet
T504225-1061,504225,1061,4,6723.84,Wallet
T504226-1079,504226,1079,4,5623.48,Cash
T504227-1042,504227,1042,4,8346.88,Wallet
T504228-1039,504228,1039,3,1771.41,UPI
T504229-1054,504229,1054,3,5016.54,UPI
T504230-1059,504230,1059,2,750.6,Cash
T504230-1090,504230,1090,3,3802.74,UPI
T504231-1011,504231,1011,2,1891.74,UPI
T504231-1013,504231,1013,1,1620.35,Cash
T504232-1071,504232,1071,1,560.02,Cash
T504233-1056,504233,1056,1,1958.4,Card
T504234-1016,504234,1016,3,1773.84,Card
T504234-1012,504234,1012,1,2319.11,Card
T504235-1060,504235,1060,2,625.78,Card
T504236-1016,504236,1016,4,2365.12,Card
T504237-1026,504237,1026,3,1532.28,UPI
T504237-1008,504237,1008,4,7886.32,Wallet
T504238-1002,504238,1002,4,4456.12,Wallet
T504238-1041,504238,1041,1,1109.77,Cash
T504238-1062,504238,1062,3,3580.83,Wallet
T504239-1032,504239,1032,3,7259.25,Cash
T504239-1079,504239,1079,1,1405.87,Cash
T504240-1076,504240,1076,4,2900.08,Card
T504241-1084,504241,1084,2,884.84,UPI
T504241-1065,504241,1065,3,4793.25,Card
T504241-1055,504241,1055,2,3543.52,UPI
T504242-1022,504242,1022,1,905.68,UPI
T504242-1054,504242,1054,1,1672.18,UPI
T504242-1081,504242,1081,2,3341.7,Card
T504243-1071,504243,1071,4,2240.08,Card
T504244-1073,504244,1073,3,6413.73,Wallet
T504244-1086,504244,1086,3,757.26,Cash
T504245-1058,504245,1058,2,2869.58,Cash
T504246-1010,504246,1010,1,1142.45,Wallet
T504246-1042,504246,1042,4,8346.88,UPI
T504247-1012,504247,1012,2,4638.22,Cash
T504248-1077,504248,1077,2,1510.36,Card
T504249-1023,504249,1023,2,4855.24,Card
T504249-1078,504249,1078,2,3329.86,Wallet
T504250-1038,504250,1038,2,2409.98,Cash
T504251-1039,504251,1039,1,590.47,Wallet
T504251-1083,504251,1083,4,8162.52,Cash
T504251-1024,504251,1024,2,4472.02,Wallet
T504252-1054,504252,1054,3,5016.54,Card
T504252-1077,504252,1077,4,3020.72,UPI
T504252-1069,504252,1069,1,106.12,Card
T504253-1074,504253,1074,4,2431.32,Wallet
T504254-1086,504254,1086,1,252.42,UPI
T504254-1010,504254,1010,4,4569.8,Cash
T504255-1018,504255,1018,1,187.63,Wallet
T504255-1038,504255,1038,3,3614.97,Wallet
T504256-1078,504256,1078,4,6659.72,Card
T504257-1075,504257,1075,4,696.04,Cash
T504257-1045,504257,1045,1,2085.68,Card
T504258-1073,504258,1073,2,4275.82,Card
T504259-1063,504259,1063,4,5704.52,Card
T504259-1090,504259,1090,3,3802.74,Cash
T504260-1077,504260,1077,4,3020.72,Wallet
T504261-1014,504261,1014,1,2062.22,Card
T504261-1015,504261,1015,1,1125.23,UPI
T504261-1062,504261,1062,1,1193.61,Cash
T504262-1030,504262,1030,1,1717.13,Card
T504262-1049,504262,1049,1,1715.76,UPI
T504263-1070,504263,1070,4,4434.76,UPI
T504264-1013,504264,1013,3,4861.05,Card
T504264-1023,504264,1023,2,4855.24,Wallet
T504264-1022,504264,1022,4,3622.72,Cash
T504265-1017,504265,1017,2,2799.64,UPI
T504265-1081,504265,1081,1,1670.85,UPI
T504265-1013,504265,1013,4,6481.4,UPI
T504266-1067,504266,1067,3,4233.72,UPI
T504266-1069,504266,1069,4,424.48,Wallet
T504266-1019,504266,1019,1,2074.25,UPI
T504267-1041,504267,1041,1,1109.77,UPI
T504267-1070,504267,1070,3,3326.07,Card
T504268-1061,504268,1061,3,5042.88,Card
T504268-1059,504268,1059,3,1125.9,Card
T504268-1029,504268,1029,3,1233.3,Card
T504269-1011,504269,1011,2,1891.74,Card
T504269-1031,504269,1031,2,3739.12,Card
T504270-1035,504270,1035,2,2379.6,Cash
T504271-1057,504271,1057,2,2327.04,Cash
T504271-1039,504271,1039,2,1180.94,Cash
T504272-1009,504272,1009,2,692.88,Cash
T504272-1066,504272,1066,1,1397.34,Wallet
T504273-1021,504273,1021,1,1902.48,Cash
T504273-1054,504273,1054,1,1672.18,Cash
T504273-1086,504273,1086,3,757.26,Card
T504274-1073,504274,1073,4,8551.64,Cash
T504274-1032,504274,1032,2,4839.5,UPI
T504274-1052,504274,1052,1,48.18,Card
T504275-1064,504275,1064,2,3839.1,Cash
T504275-1068,504275,1068,2,1561.52,Cash
T504275-1037,504275,1037,1,350.91,Wallet
T504276-1049,504276,1049,3,5147.28,Cash
T504277-1078,504277,1078,1,1664.93,Wallet
T504277-1088,504277,1088,3,3512.52,Cash
T504278-1059,504278,1059,2,750.6,Cash
T504278-1076,504278,1076,2,1450.04,UPI
T504278-1047,504278,1047,3,2961.21,UPI
T504279-1045,504279,1045,3,6257.04,UPI
T504280-1084,504280,1084,4,1769.68,UPI
T504280-1038,504280,1038,3,3614.97,Wallet
T504281-1044,504281,1044,2,1603.1,Card
T504281-1048,504281,1048,4,2968.68,UPI
T504281-1071,504281,1071,1,560.02,UPI
T504282-1047,504282,1047,2,1974.14,Wallet
T504282-1003,504282,1003,2,4301.48,Cash
T504282-1024,504282,1024,2,4472.02,UPI
T504283-1076,504283,1076,4,2900.08,Cash
T504284-1031,504284,1031,4,7478.24,Cash
T504284-1084,504284,1084,4,1769.68,Wallet
T504284-1052,504284,1052,4,192.72,Card
T504285-1037,504285,1037,3,1052.73,Wallet
T504286-1087,504286,1087,3,5442.69,Cash
T504286-1048,504286,1048,2,1484.34,Cash
T504286-1057,504286,1057,4,4654.08,Card
T504287-1012,504287,1012,1,2319.11,Card
T504288-1026,504288,1026,3,1532.28,Cash
T504289-1007,504289,1007,4,7640.08,Card
T504289-1085,504289,1085,2,172.2,Card
T504289-1059,504289,1059,3,1125.9,Cash
T504290-1011,504290,1011,4,3783.48,Card
T504291-1058,504291,1058,4,5739.16,Card
T504291-1066,504291,1066,3,4192.02,Card
T504291-1029,504291,1029,4,1644.4,Wallet
T504292-1023,504292,1023,1,2427.62,Wallet
T504292-1003,504292,1003,2,4301.48,UPI
T504293-1016,504293,1016,3,1773.84,Cash
T504293-1036,504293,1036,1,497.99,Cash
T504294-1090,504294,1090,2,2535.16,Card
T504294-1056,504294,1056,1,1958.4,Wallet
T504294-1085,504294,1085,3,258.3,UPI
T504295-1084,504295,1084,4,1769.68,UPI
T504295-1050,504295,1050,1,375.19,Cash
T504295-1086,504295,1086,3,757.26,Wallet
T504296-1028,504296,1028,3,414.6,Card
T504296-1084,504296,1084,4,1769.68,UPI
T504297-1061,504297,1061,1,1680.96,UPI
T504297-1075,504297,1075,2,348.02,Cash
T504297-1089,504297,1089,1,428.34,UPI
T504298-1057,504298,1057,3,3490.56,Card
T504298-1033,504298,1033,1,834.79,Wallet
T504299-1017,504299,1017,1,1399.82,Wallet
T504299-1011,504299,1011,4,3783.48,UPI
T504300-1026,504300,1026,4,2043.04,Cash
T504301-1022,504301,1022,2,1811.36,Card
T504301-1007,504301,1007,1,1910.02,Card
T504301-1044,504301,1044,3,2404.65,UPI
T504302-1063,504302,1063,3,4278.39,UPI
T504302-1032,504302,1032,2,4839.5,Wallet
T504302-1030,504302,1030,2,3434.26,Wallet
T504303-1070,504303,1070,2,2217.38,UPI
T504303-1048,504303,1048,4,2968.68,Card
T504304-1035,504304,1035,2,2379.6,UPI
T504305-1063,504305,1063,4,5704.52,Wallet
T504305-1044,504305,1044,2,1603.1,Cash
T504305-1033,504305,1033,1,834.79,Card
T504306-1036,504306,1036,2,995.98,Card
T504306-1076,504306,1076,3,2175.06,UPI
T504307-1047,504307,1047,2,1974.14,Cash
T504308-1052,504308,1052,3,144.54,Card
T504308-1032,504308,1032,4,9679.0,UPI
T504308-1026,504308,1026,1,510.76,Wallet
T504309-1072,504309,1072,1,1039.07,Wallet
T504309-1057,504309,1057,1,1163.52,Cash
T504310-1013,504310,1013,1,1620.35,Wallet
T504310-1086,504310,1086,4,1009.68,Cash
T504311-1073,504311,1073,4,8551.64,Card
T504311-1021,504311,1021,4,7609.92,Wallet
T504311-1007,504311,1007,2,3820.04,Wallet
T504312-1026,504312,1026,1,510.76,Card
T504312-1057,504312,1057,3,3490.56,Wallet
T504313-1065,504313,1065,3,4793.25,Wallet
T504314-1085,504314,1085,4,344.4,Card
T504314-1006,504314,1006,2,4879.58,Wallet
T504314-1020,504314,1020,4,6360.84,Card
T504315-1058,504315,1058,1,1434.79,Wallet
T504315-1021,504315,1021,4,7609.92,UPI
T504316-1009,504316,1009,4,1385.76,Wallet
T504316-1008,504316,1008,2,3943.16,Wallet
T504317-1036,504317,1036,2,995.98,Card
T504317-1032,504317,1032,2,4839.5,Card
T504318-1079,504318,1079,2,2811.74,UPI
T504318-1003,504318,1003,3,6452.22,Card
T504319-1026,504319,1026,4,2043.04,Wallet
T504320-1018,504320,1018,1,187.63,Card
T504320-1074,504320,1074,2,1215.66,Cash
T504320-1058,504320,1058,1,1434.79,Card
T504321-1064,504321,1064,2,3839.1,Card
T504321-1023,504321,1023,2,4855.24,Wallet
T504321-1002,504321,1002,3,3342.09,Cash
T504322-1038,504322,1038,2,2409.98,Wallet
T504322-1005,504322,1005,3,787.86,Cash
T504322-1010,504322,1010,1,1142.45,Wallet
T504323-1045,504323,1045,3,6257.04,Cash
T504323-1022,504323,1022,2,1811.36,Cash
T504323-1081,504323,1081,2,3341.7,Cash
T504324-1047,504324,1047,4,3948.28,UPI
T504325-1008,504325,1008,1,1971.58,UPI
T504325-1059,504325,1059,4,1501.2,UPI
T504326-1031,504326,1031,4,7478.24,UPI
T504326-1049,504326,1049,1,1715.76,Card
T504327-1078,504327,1078,4,6659.72,Wallet
T504327-1056,504327,1056,3,5875.2,Cash
T504327-1067,504327,1067,1,1411.24,Cash
T504328-1038,504328,1038,1,1204.99,Card
T504329-1042,504329,1042,1,2086.72,Wallet
T504330-1058,504330,1058,3,4304.37,Cash
T504330-1064,504330,1064,1,1919.55,Cash
T504331-1044,504331,1044,1,801.55,Cash
T504331-1014,504331,1014,4,8248.88,UPI
T504332-1083,504332,1083,3,6121.89,UPI
T504333-1008,504333,1008,1,1971.58,UPI
T504333-1076,504333,1076,3,2175.06,Cash
T504334-1015,504334,1015,3,3375.69,Card
T504334-1089,504334,1089,3,1285.02,Cash
T504334-1022,504334,1022,2,1811.36,UPI
T504335-1080,504335,1080,2,3932.46,Cash
T504335-1038,504335,1038,2,2409.98,Cash
T504335-1049,504335,1049,1,1715.76,Wallet
T504336-1066,504336,1066,2,2794.68,Wallet
T504336-1052,504336,1052,1,48.18,Cash
T504336-1072,504336,1072,4,4156.28,Wallet
T504337-1006,504337,1006,2,4879.58,Wallet
T504337-1052,504337,1052,1,48.18,Wallet
T504338-1009,504338,1009,1,346.44,Cash
T504339-1048,504339,1048,4,2968.68,Cash
T504340-1007,504340,1007,1,1910.02,UPI
T504340-1080,504340,1080,4,7864.92,UPI
T504341-1083,504341,1083,4,8162.52,UPI
T504342-1061,504342,1061,1,1680.96,Wallet
T504342-1039,504342,1039,3,1771.41,UPI
T504343-1001,504343,1001,1,1941.67,Cash
T504343-1077,504343,1077,2,1510.36,UPI
T504344-1073,504344,1073,3,6413.73,Cash
T504344-1089,504344,1089,2,856.68,Card
T504344-1003,504344,1003,1,2150.74,Cash
T504345-1002,504345,1002,2,2228.06,Card
T504345-1030,504345,1030,1,1717.13,UPI
T504346-1027,504346,1027,3,3548.4,Cash
T504346-1028,504346,1028,2,276.4,Card
T504346-1006,504346,1006,1,2439.79,Cash
T504347-1019,504347,1019,1,2074.25,Cash
T504347-1018,504347,1018,3,562.89,UPI
T504347-1036,504347,1036,2,995.98,Wallet
T504348-1009,504348,1009,4,1385.76,UPI
T504349-1023,504349,1023,4,9710.48,Cash
T504350-1007,504350,1007,4,7640.08,UPI
T504351-1018,504351,1018,2,375.26,Cash
T504351-1032,504351,1032,2,4839.5,Cash
T504351-1042,504351,1042,4,8346.88,UPI
T504352-1021,504352,1021,2,3804.96,Wallet
T504352-1033,504352,1033,4,3339.16,Card
T504352-1002,504352,1002,1,1114.03,Wallet
T504353-1066,504353,1066,3,4192.02,Wallet
T504353-1041,504353,1041,1,1109.77,Cash
T504354-1049,504354,1049,2,3431.52,Wallet
T504354-1082,504354,1082,3,3101.34,UPI
T504355-1032,504355,1032,3,7259.25,Card
T504356-1089,504356,1089,1,428.34,UPI
T504357-1054,504357,1054,4,6688.72,UPI
T504357-1010,504357,1010,2,2284.9,Cash
T504358-1032,504358,1032,3,7259.25,Card
T504358-1077,504358,1077,3,2265.54,Wallet
T504358-1083,504358,1083,1,2040.63,UPI
T504359-1052,504359,1052,1,48.18,UPI
T504359-1017,504359,1017,2,2799.64,UPI
T504360-1048,504360,1048,3,2226.51,Cash
T504360-1051,504360,1051,3,1571.31,UPI
T504361-1002,504361,1002,2,2228.06,Wallet
T504361-1089,504361,1089,4,1713.36,Cash
T504361-1016,504361,1016,1,591.28,Cash
T504362-1079,504362,1079,2,2811.74,Cash
T504362-1024,504362,1024,2,4472.02,Cash
T504362-1030,504362,1030,4,6868.52,Card
T504363-1008,504363,1008,4,7886.32,Wallet
T504364-1080,504364,1080,1,1966.23,Card
T504364-1002,504364,1002,4,4456.12,Wallet
T504365-1066,504365,1066,2,2794.68,UPI
T504365-1077,504365,1077,1,755.18,UPI
T504366-1089,504366,1089,4,1713.36,Wallet
T504366-1009,504366,1009,3,1039.32,UPI
T504366-1012,504366,1012,3,6957.33,Wallet
T504367-1075,504367,1075,3,522.03,Wallet
T504367-1085,504367,1085,3,258.3,Cash
T504367-1051,504367,1051,3,1571.31,Card
T504368-1084,504368,1084,2,884.84,UPI
T504368-1076,504368,1076,2,1450.04,Card
T504369-1047,504369,1047,3,2961.21,Card
T504369-1080,504369,1080,4,7864.92,Cash
T504369-1035,504369,1035,4,4759.2,UPI
T504370-1030,504370,1030,3,5151.39,Wallet
T504371-1014,504371,1014,3,6186.66,Card
T504372-1047,504372,1047,1,987.07,UPI
T504372-1001,504372,1001,1,1941.67,Card
T504372-1003,504372,1003,3,6452.22,Wallet
T504373-1079,504373,1079,2,2811.74,UPI
T504373-1039,504373,1039,1,590.47,Card
T504373-1008,504373,1008,1,1971.58,UPI
T504374-1071,504374,1071,1,560.02,Card
T504374-1046,504374,1046,3,6053.31,UPI
T504375-1016,504375,1016,4,2365.12,UPI
T504375-1038,504375,1038,3,3614.97,Cash
T504376-1056,504376,1056,1,1958.4,Cash
T504377-1012,504377,1012,1,2319.11,Card
T504378-1042,504378,1042,4,8346.88,Wallet
T504379-1010,504379,1010,2,2284.9,Cash
T504379-1037,504379,1037,4,1403.64,Cash
T504379-1042,504379,1042,2,4173.44,Cash
T504380-1058,504380,1058,2,2869.58,Card
T504380-1068,504380,1068,1,780.76,UPI
T504380-1079,504380,1079,3,4217.61,Wallet
T504381-1065,504381,1065,1,1597.75,Wallet
T504382-1045,504382,1045,2,4171.36,UPI
T504382-1033,504382,1033,3,2504.37,Cash
T504383-1025,504383,1025,2,3905.22,UPI
T504383-1044,504383,1044,1,801.55,UPI
T504383-1001,504383,1001,2,3883.34,Wallet
T504384-1087,504384,1087,3,5442.69,Wallet
T504385-1089,504385,1089,1,428.34,Wallet
T504385-1050,504385,1050,1,375.19,UPI
T504386-1078,504386,1078,2,3329.86,Cash
T504386-1023,504386,1023,2,4855.24,Cash
T504386-1004,504386,1004,1,1752.5,Card
T504387-1026,504387,1026,2,1021.52,Cash
T504388-1047,504388,1047,1,987.07,Card
T504388-1033,504388,1033,4,3339.16,Card
T504388-1083,504388,1083,4,8162.52,Cash
T504389-1042,504389,1042,2,4173.44,Wallet
T504390-1044,504390,1044,3,2404.65,Wallet
T504390-1063,504390,1063,1,1426.13,Wallet
T504391-1069,504391,1069,3,318.36,Cash
T504392-1048,504392,1048,1,742.17,Cash
T504393-1045,504393,1045,1,2085.68,UPI
T504393-1018,504393,1018,2,375.26,Cash
T504394-1012,504394,1012,1,2319.11,UPI
T504394-1040,504394,1040,1,1684.44,UPI
T504395-1049,504395,1049,4,6863.04,Wallet
T504396-1083,504396,1083,2,4081.26,Card
T504396-1032,504396,1032,3,7259.25,UPI
T504396-1084,504396,1084,3,1327.26,Card
T504397-1048,504397,1048,4,2968.68,Cash
T504397-1003,504397,1003,4,8602.96,Cash
T504398-1019,504398,1019,2,4148.5,Card
T504398-1082,504398,1082,3,3101.34,Card
T504398-1001,504398,1001,1,1941.67,Card
T504399-1031,504399,1031,3,5608.68,UPI
T504399-1074,504399,1074,3,1823.49,UPI
T504400-1027,504400,1027,3,3548.4,Wallet
T504400-1037,504400,1037,4,1403.64,Card
T504400-1028,504400,1028,3,414.6,Card
T504401-1003,504401,1003,2,4301.48,Wallet
T504401-1089,504401,1089,2,856.68,Cash
T504401-1034,504401,1034,4,3780.16,UPI
T504402-1034,504402,1034,4,3780.16,Wallet
T504402-1076,504402,1076,1,725.02,Cash
T504402-1079,504402,1079,1,1405.87,Wallet
T504403-1041,504403,1041,3,3329.31,Card
T504403-1019,504403,1019,3,6222.75,Wallet
T504403-1009,504403,1009,4,1385.76,UPI
T504404-1032,504404,1032,2,4839.5,Cash
T504405-1051,504405,1051,2,1047.54,Cash
T504405-1080,504405,1080,3,5898.69,Cash
T504405-1039,504405,1039,2,1180.94,Card
T504406-1055,504406,1055,4,7087.04,Cash
T504406-1050,504406,1050,1,375.19,Card
T504406-1012,504406,1012,1,2319.11,UPI
T504407-1015,504407,1015,2,2250.46,Wallet
T504407-1031,504407,1031,1,1869.56,Wallet
T504407-1022,504407,1022,4,3622.72,Cash
T504408-1066,504408,1066,3,4192.02,Cash
T504409-1039,504409,1039,2,1180.94,Cash
T504410-1037,504410,1037,4,1403.64,Card
T504411-1082,504411,1082,2,2067.56,UPI
T504411-1086,504411,1086,4,1009.68,Cash
T504412-1034,504412,1034,3,2835.12,Wallet
T504412-1085,504412,1085,1,86.1,Wallet
T504413-1087,504413,1087,3,5442.69,UPI
T504413-1050,504413,1050,3,1125.57,UPI
T504414-1035,504414,1035,2,2379.6,Wallet
T504415-1056,504415,1056,3,5875.2,Cash
T504415-1083,504415,1083,4,8162.52,Card
T504415-1014,504415,1014,4,8248.88,Cash
T504416-1073,504416,1073,2,4275.82,Cash
T504416-1040,504416,1040,4,6737.76,UPI
T504416-1082,504416,1082,2,2067.56,Wallet
T504417-1083,504417,1083,2,4081.26,Wallet
T504417-1086,504417,1086,4,1009.68,Card
T504417-1009,504417,1009,3,1039.32,Card
T504418-1074,504418,1074,4,2431.32,Cash
T504418-1087,504418,1087,3,5442.69,UPI
T504419-1027,504419,1027,1,1182.8,Cash
T504419-1008,504419,1008,3,5914.74,Cash
T504420-1002,504420,1002,3,3342.09,Cash
T504420-1077,504420,1077,1,755.18,UPI
T504420-1011,504420,1011,4,3783.48,Cash
T504421-1031,504421,1031,3,5608.68,Card
T504421-1060,504421,1060,4,1251.56,Cash
T504421-1050,504421,1050,3,1125.57,Cash
T504422-1080,504422,1080,1,1966.23,UPI
T504423-1046,504423,1046,2,4035.54,Cash
T504423-1003,504423,1003,2,4301.48,UPI
T504423-1017,504423,1017,1,1399.82,UPI
T504424-1026,504424,1026,1,510.76,Cash
T504425-1063,504425,1063,3,4278.39,UPI
T504425-1028,504425,1028,4,552.8,Cash
T504425-1040,504425,1040,1,1684.44,Card
T504426-1077,504426,1077,3,2265.54,Wallet
T504426-1072,504426,1072,4,4156.28,Cash
T504427-1054,504427,1054,4,6688.72,UPI
T504427-1050,504427,1050,2,750.38,Wallet
T504427-1048,504427,1048,1,742.17,Wallet
T504428-1010,504428,1010,2,2284.9,Card
T504428-1013,504428,1013,4,6481.4,Wallet
T504429-1046,504429,1046,4,8071.08,Cash
T504430-1001,504430,1001,3,5825.01,Wallet
T504431-1015,504431,1015,1,1125.23,Card
T504432-1066,504432,1066,3,4192.02,Wallet
T504432-1028,504432,1028,4,552.8,UPI
T504432-1084,504432,1084,2,884.84,UPI
T504433-1014,504433,1014,4,8248.88,Card
T504434-1078,504434,1078,4,6659.72,Wallet
T504434-1063,504434,1063,3,4278.39,Card
T504434-1048,504434,1048,1,742.17,UPI
T504435-1036,504435,1036,1,497.99,Card
T504435-1019,504435,1019,2,4148.5,Wallet
T504436-1078,504436,1078,3,4994.79,Wallet
T504437-1069,504437,1069,1,106.12,Cash
T504437-1053,504437,1053,1,1973.7,Card
T504437-1039,504437,1039,4,2361.88,UPI
T504438-1034,504438,1034,3,2835.12,Wallet
T504438-1033,504438,1033,2,1669.58,Card
T504438-1072,504438,1072,3,3117.21,Card
T504439-1016,504439,1016,4,2365.12,Card
T504440-1054,504440,1054,1,1672.18,Cash
T504440-1029,504440,1029,1,411.1,Card
T504440-1058,504440,1058,3,4304.37,UPI
T504441-1020,504441,1020,4,6360.84,Wallet
T504442-1026,504442,1026,1,510.76,UPI
T504443-1038,504443,1038,1,1204.99,Card
T504443-1062,504443,1062,2,2387.22,Cash
T504443-1071,504443,1071,1,560.02,Cash
T504444-1079,504444,1079,4,5623.48,UPI
T504444-1080,504444,1080,1,1966.23,Card
T504444-1058,504444,1058,3,4304.37,Wallet
T504445-1015,504445,1015,4,4500.92,Card
T504446-1062,504446,1062,4,4774.44,Wallet
T504447-1013,504447,1013,2,3240.7,Wallet
T504447-1006,504447,1006,4,9759.16,Wallet
T504447-1079,504447,1079,2,2811.74,Wallet
T504448-1084,504448,1084,1,442.42,Wallet
T504449-1084,504449,1084,3,1327.26,Cash
T504450-1010,504450,1010,1,1142.45,Cash
T504450-1041,504450,1041,3,3329.31,UPI
T504450-1085,504450,1085,3,258.3,Wallet
T504451-1090,504451,1090,2,2535.16,UPI
T504451-1020,504451,1020,2,3180.42,UPI
T504451-1008,504451,1008,2,3943.16,Cash
T504452-1029,504452,1029,2,822.2,Cash
T504452-1026,504452,1026,4,2043.04,Cash
T504452-1073,504452,1073,3,6413.73,UPI
T504453-1006,504453,1006,2,4879.58,Wallet
T504454-1064,504454,1064,2,3839.1,UPI
T504455-1062,504455,1062,4,4774.44,Card
T504456-1005,504456,1005,1,262.62,Card
T504456-1052,504456,1052,3,144.54,Cash
T504456-1021,504456,1021,2,3804.96,UPI
T504457-1029,504457,1029,3,1233.3,Card
T504457-1009,504457,1009,2,692.88,Wallet
T504458-1080,504458,1080,3,5898.69,UPI
T504458-1068,504458,1068,3,2342.28,UPI
T504459-1077,504459,1077,1,755.18,Cash
T504460-1072,504460,1072,1,1039.07,Cash
T504460-1034,504460,1034,1,945.04,Cash
T504460-1019,504460,1019,3,6222.75,Card
T504461-1022,504461,1022,3,2717.04,Card
T504462-1086,504462,1086,1,252.42,Wallet
T504462-1039,504462,1039,1,590.47,Cash
T504462-1025,504462,1025,1,1952.61,Card
T504463-1011,504463,1011,4,3783.48,Wallet
T504463-1024,504463,1024,4,8944.04,Wallet
T504464-1019,504464,1019,2,4148.5,Wallet
T504465-1002,504465,1002,1,1114.03,UPI
T504465-1056,504465,1056,2,3916.8,Cash
T504465-1033,504465,1033,1,834.79,Card
T504466-1024,504466,1024,2,4472.02,Card
T504466-1074,504466,1074,2,1215.66,UPI
T504466-1085,504466,1085,3,258.3,UPI
T504467-1069,504467,1069,3,318.36,Wallet
T504468-1038,504468,1038,2,2409.98,Cash
T504468-1037,504468,1037,4,1403.64,Cash
T504468-1004,504468,1004,4,7010.0,Wallet
T504469-1052,504469,1052,1,48.18,Wallet
T504469-1025,504469,1025,1,1952.61,Cash
T504469-1011,504469,1011,3,2837.61,UPI
T504470-1070,504470,1070,3,3326.07,Card
T504470-1065,504470,1065,3,4793.25,UPI
T504471-1071,504471,1071,1,560.02,Cash
T504472-1024,504472,1024,4,8944.04,Card
T504473-1061,504473,1061,4,6723.84,Card
T504473-1024,504473,1024,4,8944.04,Card
T504473-1057,504473,1057,4,4654.08,Wallet
T504474-1034,504474,1034,2,1890.08,Cash
T504474-1041,504474,1041,4,4439.08,Wallet
T504474-1038,504474,1038,3,3614.97,Wallet
T504475-1037,504475,1037,2,701.82,Wallet
T504475-1042,504475,1042,2,4173.44,Cash
T504475-1043,504475,1043,2,3519.3,Card
T504476-1047,504476,1047,1,987.07,UPI
T504477-1037,504477,1037,4,1403.64,Card
T504477-1062,504477,1062,2,2387.22,UPI
T504478-1032,504478,1032,1,2419.75,Cash
T504478-1020,504478,1020,2,3180.42,Cash
T504479-1042,504479,1042,2,4173.44,Wallet
T504479-1048,504479,1048,2,1484.34,Wallet
T504480-1054,504480,1054,3,5016.54,Cash
T504480-1076,504480,1076,4,2900.08,UPI
T504480-1060,504480,1060,4,1251.56,Cash
T504481-1014,504481,1014,4,8248.88,Wallet
T504482-1059,504482,1059,4,1501.2,UPI
T504482-1078,504482,1078,4,6659.72,Cash
T504483-1079,504483,1079,2,2811.74,UPI
T504483-1061,504483,1061,3,5042.88,Wallet
T504483-1064,504483,1064,1,1919.55,Wallet
T504484-1087,504484,1087,3,5442.69,Wallet
T504484-1005,504484,1005,2,525.24,UPI
T504485-1023,504485,1023,4,9710.48,UPI
T504486-1045,504486,1045,4,8342.72,Card
T504486-1051,504486,1051,4,2095.08,Wallet
T504486-1087,504486,1087,4,7256.92,Cash
T504487-1041,504487,1041,1,1109.77,Cash
T504487-1084,504487,1084,1,442.42,Cash
T504488-1042,504488,1042,4,8346.88,Cash
T504488-1071,504488,1071,2,1120.04,Wallet
T504488-1014,504488,1014,3,6186.66,Card
T504489-1076,504489,1076,1,725.02,UPI
T504489-1041,504489,1041,1,1109.77,Card
T504490-1084,504490,1084,1,442.42,Cash
T504490-1019,504490,1019,3,6222.75,Cash
T504490-1014,504490,1014,4,8248.88,Cash
T504491-1044,504491,1044,3,2404.65,Wallet
T504491-1036,504491,1036,2,995.98,Wallet
T504491-1032,504491,1032,1,2419.75,Card
T504492-1083,504492,1083,2,4081.26,Wallet
T504493-1031,504493,1031,3,5608.68,Card
T504493-1012,504493,1012,3,6957.33,Cash
T504494-1048,504494,1048,3,2226.51,Card
T504495-1021,504495,1021,3,5707.44,Cash
T504495-1042,504495,1042,3,6260.16,Card
T504495-1078,504495,1078,4,6659.72,Cash
T504496-1090,504496,1090,4,5070.32,UPI
T504497-1069,504497,1069,1,106.12,Wallet
T504497-1034,504497,1034,2,1890.08,Wallet
T504497-1047,504497,1047,1,987.07,Card
T504498-1031,504498,1031,4,7478.24,UPI
T504498-1068,504498,1068,4,3123.04,Card
T504498-1009,504498,1009,1,346.44,UPI
T504499-1061,504499,1061,1,1680.96,Wallet
T504500-1008,504500,1008,4,7886.32,Wallet
T504501-1066,504501,1066,2,2794.68,Wallet
T504501-1074,504501,1074,3,1823.49,Cash
T504502-1049,504502,1049,1,1715.76,Cash
T504503-1026,504503,1026,3,1532.28,UPI
T504504-1039,504504,1039,1,590.47,Card
T504504-1046,504504,1046,1,2017.77,Card
T504504-1067,504504,1067,3,4233.72,UPI
T504505-1007,504505,1007,2,3820.04,Wallet
T504505-1084,504505,1084,3,1327.26,UPI
T504506-1072,504506,1072,3,3117.21,Card
T504506-1002,504506,1002,3,3342.09,Wallet
T504506-1021,504506,1021,4,7609.92,Cash
T504507-1063,504507,1063,2,2852.26,Cash
T504507-1057,504507,1057,3,3490.56,Wallet
T504507-1011,504507,1011,3,2837.61,Wallet
T504508-1002,504508,1002,4,4456.12,Card
T504508-1034,504508,1034,4,3780.16,Card
T504508-1051,504508,1051,3,1571.31,UPI
T504509-1089,504509,1089,4,1713.36,UPI
T504509-1041,504509,1041,2,2219.54,Wallet
T504509-1022,504509,1022,2,1811.36,Wallet
T504510-1001,504510,1001,3,5825.01,Cash
T504510-1083,504510,1083,1,2040.63,Wallet
T504510-1066,504510,1066,4,5589.36,Card
T504511-1052,504511,1052,4,192.72,Cash
T504512-1050,504512,1050,3,1125.57,Wallet
T504512-1038,504512,1038,4,4819.96,Wallet
T504512-1028,504512,1028,2,276.4,UPI
T504513-1085,504513,1085,4,344.4,Cash
T504513-1040,504513,1040,1,1684.44,UPI
T504514-1084,504514,1084,3,1327.26,Cash
T504515-1036,504515,1036,1,497.99,UPI
T504515-1016,504515,1016,4,2365.12,UPI
T504516-1053,504516,1053,4,7894.8,UPI
T504516-1044,504516,1044,1,801.55,Wallet
T504516-1008,504516,1008,2,3943.16,UPI
T504517-1032,504517,1032,4,9679.0,Wallet
T504517-1059,504517,1059,4,1501.2,Cash
T504517-1037,504517,1037,3,1052.73,Card
T504518-1037,504518,1037,3,1052.73,Wallet
T504518-1006,504518,1006,2,4879.58,Cash
T504519-1062,504519,1062,4,4774.44,UPI
T504519-1031,504519,1031,1,1869.56,Wallet
T504520-1038,504520,1038,2,2409.98,Wallet
T504521-1041,504521,1041,2,2219.54,Wallet
T504522-1079,504522,1079,3,4217.61,Card
T504522-1012,504522,1012,1,2319.11,UPI
T504523-1054,504523,1054,4,6688.72,Cash
T504523-1086,504523,1086,1,252.42,Cash
T504523-1073,504523,1073,1,2137.91,Cash
T504524-1010,504524,1010,3,3427.35,Card
T504525-1008,504525,1008,3,5914.74,Card
T504525-1090,504525,1090,3,3802.74,Cash
T504526-1083,504526,1083,3,6121.89,Card
T504527-1008,504527,1008,2,3943.16,Card
T504528-1061,504528,1061,2,3361.92,Card
T504529-1016,504529,1016,3,1773.84,Cash
T504529-1007,504529,1007,1,1910.02,Cash
T504530-1011,504530,1011,3,2837.61,UPI
T504530-1072,504530,1072,2,2078.14,Card
T504530-1010,504530,1010,4,4569.8,Cash
T504531-1060,504531,1060,2,625.78,Card
T504532-1038,504532,1038,4,4819.96,Card
T504532-1025,504532,1025,1,1952.61,Card
T504532-1052,504532,1052,1,48.18,Card
T504533-1027,504533,1027,3,3548.4,Cash
T504533-1010,504533,1010,3,3427.35,Card
T504533-1004,504533,1004,4,7010.0,Cash
T504534-1060,504534,1060,1,312.89,UPI
T504534-1032,504534,1032,2,4839.5,Wallet
T504534-1008,504534,1008,2,3943.16,UPI
T504535-1078,504535,1078,4,6659.72,Wallet
T504535-1034,504535,1034,2,1890.08,Wallet
T504535-1016,504535,1016,1,591.28,Card
T504536-1035,504536,1035,3,3569.4,Card
T504536-1018,504536,1018,1,187.63,Card
T504537-1089,504537,1089,2,856.68,Card
T504537-1012,504537,1012,4,9276.44,Cash
T504537-1002,504537,1002,3,3342.09,Wallet
T504538-1021,504538,1021,4,7609.92,Wallet
T504539-1021,504539,1021,2,3804.96,UPI
T504540-1031,504540,1031,2,3739.12,Wallet
T504540-1058,504540,1058,3,4304.37,Wallet
T504541-1006,504541,1006,3,7319.37,UPI
T504541-1010,504541,1010,2,2284.9,Wallet
T504542-1008,504542,1008,2,3943.16,Wallet
T504543-1089,504543,1089,4,1713.36,Wallet
T504543-1026,504543,1026,2,1021.52,Cash
T504543-1053,504543,1053,3,5921.1,UPI
T504544-1007,504544,1007,3,5730.06,Cash
T504544-1022,504544,1022,1,905.68,Wallet
T504545-1035,504545,1035,3,3569.4,Wallet
T504546-1078,504546,1078,3,4994.79,Cash
T504546-1039,504546,1039,3,1771.41,Wallet
T504546-1018,504546,1018,3,562.89,Card
T504547-1054,504547,1054,4,6688.72,Card
T504547-1063,504547,1063,3,4278.39,Cash
T504548-1079,504548,1079,1,1405.87,Wallet
T504549-1051,504549,1051,4,2095.08,Wallet
T504549-1085,504549,1085,4,344.4,UPI
T504549-1078,504549,1078,2,3329.86,Card
T504550-1043,504550,1043,4,7038.6,Wallet
T504550-1071,504550,1071,3,1680.06,Wallet
T504550-1040,504550,1040,1,1684.44,Cash
T504551-1072,504551,1072,1,1039.07,Cash
T504552-1056,504552,1056,4,7833.6,Wallet
T504552-1006,504552,1006,2,4879.58,Wallet
T504552-1043,504552,1043,1,1759.65,Card
T504553-1044,504553,1044,4,3206.2,Wallet
T504554-1083,504554,1083,1,2040.63,Cash
T504554-1003,504554,1003,3,6452.22,UPI
T504554-1090,504554,1090,1,1267.58,Wallet
T504555-1032,504555,1032,3,7259.25,Wallet
T504556-1002,504556,1002,4,4456.12,Wallet
T504557-1043,504557,1043,3,5278.95,Cash
T504557-1012,504557,1012,4,9276.44,Wallet
T504557-1065,504557,1065,1,1597.75,Cash
T504558-1008,504558,1008,1,1971.58,Wallet
T504558-1056,504558,1056,1,1958.4,Wallet
T504558-1049,504558,1049,1,1715.76,UPI
T504559-1008,504559,1008,2,3943.16,Wallet
T504559-1068,504559,1068,2,1561.52,UPI
T504560-1017,504560,1017,1,1399.82,Cash
T504560-1044,504560,1044,3,2404.65,Cash
T504560-1009,504560,1009,1,346.44,Card
T504561-1080,504561,1080,4,7864.92,Card
T504562-1012,504562,1012,1,2319.11,Cash
T504562-1079,504562,1079,1,1405.87,Cash
T504563-1035,504563,1035,1,1189.8,UPI
T504563-1040,504563,1040,2,3368.88,Card
T504564-1039,504564,1039,1,590.47,Cash
T504565-1022,504565,1022,4,3622.72,Card
T504565-1024,504565,1024,3,6708.03,UPI
T504565-1059,504565,1059,4,1501.2,Cash
T504566-1030,504566,1030,3,5151.39,Card
T504567-1050,504567,1050,3,1125.57,Cash
T504567-1089,504567,1089,3,1285.02,Wallet
T504567-1034,504567,1034,1,945.04,Cash
T504568-1034,504568,1034,2,1890.08,UPI
T504569-1039,504569,1039,2,1180.94,UPI
T504569-1041,504569,1041,4,4439.08,UPI
T504570-1059,504570,1059,2,750.6,UPI
T504570-1023,504570,1023,1,2427.62,Wallet
T504570-1052,504570,1052,3,144.54,Cash
T504571-1046,504571,1046,4,8071.08,UPI
T504571-1035,504571,1035,1,1189.8,Wallet
T504571-1069,504571,1069,3,318.36,UPI
T504572-1021,504572,1021,1,1902.48,Card
T504573-1026,504573,1026,1,510.76,Cash
T504573-1077,504573,1077,2,1510.36,Wallet
T504573-1090,504573,1090,4,5070.32,Wallet
T504574-1049,504574,1049,4,6863.04,Card
T504574-1001,504574,1001,3,5825.01,Card
T504574-1048,504574,1048,4,2968.68,Card
T504575-1046,504575,1046,2,4035.54,UPI
T504575-1038,504575,1038,4,4819.96,Wallet
T504575-1022,504575,1022,2,1811.36,Wallet
T504576-1031,504576,1031,1,1869.56,Card
T504577-1086,504577,1086,3,757.26,Card
T504577-1076,504577,1076,4,2900.08,UPI
T504578-1087,504578,1087,4,7256.92,Card
T504578-1002,504578,1002,3,3342.09,Wallet
T504578-1059,504578,1059,1,375.3,Cash
T504579-1073,504579,1073,2,4275.82,Card
T504579-1067,504579,1067,3,4233.72,Cash
T504579-1042,504579,1042,2,4173.44,Cash
T504580-1087,504580,1087,1,1814.23,Card
T504580-1074,504580,1074,2,1215.66,Card
T504581-1047,504581,1047,4,3948.28,Card
T504581-1089,504581,1089,3,1285.02,Card
T504581-1011,504581,1011,3,2837.61,UPI
T504582-1072,504582,1072,1,1039.07,Cash
T504582-1045,504582,1045,2,4171.36,Card
T504583-1080,504583,1080,1,1966.23,Wallet
T504583-1009,504583,1009,3,1039.32,Wallet
T504583-1048,504583,1048,3,2226.51,Wallet
T504584-1021,504584,1021,3,5707.44,Card
T504585-1064,504585,1064,4,7678.2,Cash
T504586-1055,504586,1055,4,7087.04,UPI
T504586-1038,504586,1038,2,2409.98,UPI
T504587-1057,504587,1057,1,1163.52,Cash
T504587-1090,504587,1090,4,5070.32,UPI
T504587-1060,504587,1060,3,938.67,UPI
T504588-1036,504588,1036,4,1991.96,Card
T504589-1069,504589,1069,1,106.12,Wallet
T504589-1072,504589,1072,2,2078.14,Cash
T504590-1062,504590,1062,4,4774.44,UPI
T504590-1046,504590,1046,2,4035.54,Card
T504590-1026,504590,1026,2,1021.52,Card
T504591-1003,504591,1003,4,8602.96,UPI
T504591-1088,504591,1088,3,3512.52,Cash
T504591-1065,504591,1065,4,6391.0,UPI
T504592-1047,504592,1047,2,1974.14,Card
T504592-1009,504592,1009,3,1039.32,Cash
T504593-1087,504593,1087,2,3628.46,Card
T504593-1035,504593,1035,2,2379.6,Card
T504594-1046,504594,1046,2,4035.54,Card
T504594-1043,504594,1043,2,3519.3,Cash
T504594-1014,504594,1014,2,4124.44,Wallet
T504595-1076,504595,1076,1,725.02,Wallet
T504595-1090,504595,1090,4,5070.32,Cash
T504596-1064,504596,1064,3,5758.65,Wallet
T504596-1056,504596,1056,4,7833.6,Wallet
T504597-1082,504597,1082,4,4135.12,Card
T504598-1086,504598,1086,3,757.26,Card
T504599-1075,504599,1075,2,348.02,Cash
T504599-1007,504599,1007,3,5730.06,UPI
T504600-1086,504600,1086,2,504.84,Cash
T504600-1015,504600,1015,1,1125.23,UPI
T504601-1051,504601,1051,2,1047.54,Cash
T504601-1021,504601,1021,4,7609.92,Card
T504601-1060,504601,1060,4,1251.56,Wallet
T504602-1002,504602,1002,2,2228.06,UPI
T504602-1080,504602,1080,3,5898.69,Cash
T504603-1078,504603,1078,3,4994.79,Wallet
T504603-1023,504603,1023,1,2427.62,Wallet
T504604-1065,504604,1065,4,6391.0,UPI
T504605-1004,504605,1004,1,1752.5,UPI
T504606-1006,504606,1006,3,7319.37,Wallet
T504606-1018,504606,1018,1,187.63,UPI
T504606-1072,504606,1072,1,1039.07,Wallet
T504607-1076,504607,1076,1,725.02,UPI
T504607-1083,504607,1083,1,2040.63,Card
T504608-1079,504608,1079,2,2811.74,Cash
T504609-1004,504609,1004,1,1752.5,Card
T504609-1039,504609,1039,4,2361.88,Cash
T504609-1061,504609,1061,1,1680.96,Card
T504610-1030,504610,1030,2,3434.26,Wallet
T504610-1019,504610,1019,2,4148.5,Cash
T504610-1082,504610,1082,2,2067.56,UPI
T504611-1073,504611,1073,4,8551.64,UPI
T504611-1064,504611,1064,3,5758.65,Card
T504612-1081,504612,1081,3,5012.55,Wallet
T504613-1025,504613,1025,1,1952.61,Card
T504614-1088,504614,1088,4,4683.36,UPI
T504614-1021,504614,1021,2,3804.96,Card
T504615-1038,504615,1038,2,2409.98,Card
T504616-1047,504616,1047,2,1974.14,Cash
T504617-1048,504617,1048,4,2968.68,Cash
T504617-1062,504617,1062,3,3580.83,Cash
T504618-1064,504618,1064,3,5758.65,Card
T504618-1011,504618,1011,4,3783.48,Card
T504618-1068,504618,1068,3,2342.28,Cash
T504619-1066,504619,1066,4,5589.36,Cash
T504619-1050,504619,1050,4,1500.76,Cash
T504620-1060,504620,1060,3,938.67,Cash
T504620-1069,504620,1069,1,106.12,UPI
T504620-1048,504620,1048,3,2226.51,Wallet
T504621-1030,504621,1030,4,6868.52,Card
T504621-1060,504621,1060,1,312.89,Card
T504621-1077,504621,1077,1,755.18,UPI
T504622-1059,504622,1059,1,375.3,Wallet
T504622-1088,504622,1088,3,3512.52,UPI
T504623-1045,504623,1045,1,2085.68,Wallet
T504623-1017,504623,1017,1,1399.82,UPI
T504624-1084,504624,1084,4,1769.68,Cash
T504625-1037,504625,1037,4,1403.64,UPI
T504625-1027,504625,1027,3,3548.4,Card
T504625-1081,504625,1081,4,6683.4,Cash
T504626-1009,504626,1009,1,346.44,UPI
T504626-1051,504626,1051,4,2095.08,Card
T504627-1044,504627,1044,3,2404.65,UPI
T504627-1055,504627,1055,1,1771.76,Wallet
T504628-1017,504628,1017,3,4199.46,Cash
T504629-1011,504629,1011,2,1891.74,UPI
T504630-1044,504630,1044,2,1603.1,Cash
T504630-1083,504630,1083,3,6121.89,Card
T504631-1002,504631,1002,4,4456.12,UPI
T504631-1085,504631,1085,4,344.4,Cash
T504632-1036,504632,1036,1,497.99,UPI
T504632-1002,504632,1002,4,4456.12,Cash
T504632-1009,504632,1009,1,346.44,Card
T504633-1020,504633,1020,3,4770.63,Card
T504633-1072,504633,1072,1,1039.07,Card
T504634-1019,504634,1019,4,8297.0,UPI
T504634-1021,504634,1021,3,5707.44,UPI
T504635-1088,504635,1088,1,1170.84,Card
T504635-1005,504635,1005,2,525.24,Card
T504635-1036,504635,1036,3,1493.97,UPI
T504636-1045,504636,1045,3,6257.04,Card
T504637-1059,504637,1059,2,750.6,UPI
T504637-1089,504637,1089,4,1713.36,Wallet
T504638-1065,504638,1065,4,6391.0,Wallet
T504638-1024,504638,1024,1,2236.01,Cash
T504639-1056,504639,1056,3,5875.2,UPI
T504640-1023,504640,1023,4,9710.48,Card
T504640-1042,504640,1042,3,6260.16,Cash
T504640-1024,504640,1024,1,2236.01,Wallet
T504641-1012,504641,1012,4,9276.44,Cash
T504641-1041,504641,1041,3,3329.31,Wallet
T504641-1087,504641,1087,4,7256.92,Wallet
T504642-1065,504642,1065,1,1597.75,UPI
T504642-1026,504642,1026,1,510.76,Cash
T504643-1053,504643,1053,3,5921.1,Card
T504643-1050,504643,1050,4,1500.76,Card
T504643-1063,504643,1063,4,5704.52,Wallet
T504644-1029,504644,1029,4,1644.4,Card
T504644-1034,504644,1034,4,3780.16,Card
T504644-1071,504644,1071,3,1680.06,Cash
T504645-1011,504645,1011,1,945.87,Wallet
T504645-1075,504645,1075,3,522.03,Card
T504645-1071,504645,1071,1,560.02,UPI
T504646-1013,504646,1013,3,4861.05,UPI
T504646-1010,504646,1010,3,3427.35,Wallet
T504646-1067,504646,1067,3,4233.72,Cash
T504647-1073,504647,1073,1,2137.91,Wallet
T504647-1051,504647,1051,4,2095.08,Card
T504647-1066,504647,1066,4,5589.36,Cash
T504648-1067,504648,1067,1,1411.24,Wallet
T504648-1085,504648,1085,2,172.2,Cash
T504648-1080,504648,1080,1,1966.23,Card
T504649-1041,504649,1041,2,2219.54,UPI
T504649-1023,504649,1023,3,7282.86,UPI
T504649-1046,504649,1046,3,6053.31,Wallet
T504650-1079,504650,1079,3,4217.61,Cash
T504650-1036,504650,1036,2,995.98,Wallet
T504651-1071,504651,1071,4,2240.08,Card
T504651-1044,504651,1044,3,2404.65,Cash
T504651-1042,504651,1042,3,6260.16,Card
T504652-1088,504652,1088,1,1170.84,UPI
T504653-1068,504653,1068,3,2342.28,Wallet
T504653-1007,504653,1007,3,5730.06,Cash
T504653-1032,504653,1032,3,7259.25,Card
T504654-1003,504654,1003,3,6452.22,UPI
T504654-1058,504654,1058,2,2869.58,Card
T504655-1026,504655,1026,3,1532.28,Wallet
T504655-1081,504655,1081,1,1670.85,Card
T504656-1056,504656,1056,2,3916.8,Cash
T504657-1044,504657,1044,2,1603.1,Card
T504657-1033,504657,1033,2,1669.58,Card
T504657-1030,504657,1030,2,3434.26,Card
T504658-1044,504658,1044,4,3206.2,Card
T504658-1021,504658,1021,3,5707.44,Wallet
T504659-1020,504659,1020,2,3180.42,Card
T504660-1054,504660,1054,1,1672.18,Wallet
T504660-1025,504660,1025,2,3905.22,Card
T504661-1034,504661,1034,4,3780.16,Cash
T504662-1053,504662,1053,4,7894.8,UPI
T504662-1071,504662,1071,1,560.02,Wallet
T504662-1030,504662,1030,1,1717.13,Cash
T504663-1053,504663,1053,3,5921.1,Card
T504664-1020,504664,1020,4,6360.84,Card
T504664-1080,504664,1080,2,3932.46,Cash
T504664-1067,504664,1067,1,1411.24,Wallet
T504665-1044,504665,1044,4,3206.2,Card
T504665-1062,504665,1062,3,3580.83,Card
T504666-1050,504666,1050,1,375.19,UPI
T504666-1062,504666,1062,1,1193.61,Cash
T504667-1022,504667,1022,2,1811.36,UPI
T504668-1018,504668,1018,1,187.63,Card
T504668-1021,504668,1021,1,1902.48,Wallet
T504668-1008,504668,1008,4,7886.32,Cash
T504669-1085,504669,1085,3,258.3,UPI
T504669-1062,504669,1062,2,2387.22,Wallet
T504670-1057,504670,1057,3,3490.56,Card
T504670-1009,504670,1009,2,692.88,Cash
T504671-1045,504671,1045,3,6257.04,Card
T504671-1077,504671,1077,2,1510.36,Card
T504671-1019,504671,1019,2,4148.5,UPI
T504672-1058,504672,1058,1,1434.79,Wallet
T504673-1033,504673,1033,3,2504.37,Wallet
T504673-1089,504673,1089,2,856.68,Cash
T504673-1037,504673,1037,1,350.91,Wallet
T504674-1016,504674,1016,3,1773.84,Card
T504674-1066,504674,1066,4,5589.36,Wallet
T504675-1076,504675,1076,2,1450.04,Cash
T504676-1039,504676,1039,3,1771.41,UPI
T504676-1063,504676,1063,2,2852.26,UPI
T504677-1059,504677,1059,2,750.6,Cash
T504678-1038,504678,1038,2,2409.98,UPI
T504678-1059,504678,1059,1,375.3,UPI
T504678-1051,504678,1051,1,523.77,UPI
T504679-1056,504679,1056,4,7833.6,UPI
T504679-1008,504679,1008,3,5914.74,Wallet
T504679-1070,504679,1070,1,1108.69,Cash
T504680-1028,504680,1028,4,552.8,Cash
T504681-1090,504681,1090,1,1267.58,Card
T504682-1024,504682,1024,3,6708.03,UPI
T504682-1056,504682,1056,1,1958.4,UPI
T504683-1003,504683,1003,1,2150.74,Cash
T504684-1013,504684,1013,4,6481.4,Wallet
T504684-1023,504684,1023,1,2427.62,Wallet
T504685-1052,504685,1052,2,96.36,Card
T504685-1027,504685,1027,3,3548.4,UPI
T504686-1034,504686,1034,4,3780.16,Cash
T504687-1046,504687,1046,4,8071.08,UPI
T504687-1058,504687,1058,3,4304.37,Wallet
T504688-1085,504688,1085,1,86.1,Cash
T504688-1017,504688,1017,1,1399.82,Cash
T504689-1012,504689,1012,4,9276.44,Wallet
T504690-1019,504690,1019,1,2074.25,Cash
T504691-1020,504691,1020,4,6360.84,Cash
T504691-1064,504691,1064,3,5758.65,Card
T504691-1041,504691,1041,2,2219.54,Cash
T504692-1054,504692,1054,1,1672.18,Cash
T504693-1045,504693,1045,3,6257.04,Cash
T504693-1028,504693,1028,4,552.8,UPI
T504694-1059,504694,1059,1,375.3,UPI
T504695-1066,504695,1066,1,1397.34,Card
T504696-1076,504696,1076,4,2900.08,UPI
T504697-1042,504697,1042,2,4173.44,UPI
T504698-1020,504698,1020,2,3180.42,Card
T504698-1078,504698,1078,2,3329.86,UPI
T504699-1072,504699,1072,1,1039.07,Card
T504700-1016,504700,1016,4,2365.12,UPI
T504700-1053,504700,1053,1,1973.7,Cash
T504700-1003,504700,1003,4,8602.96,UPI
T504701-1088,504701,1088,3,3512.52,Card
T504701-1038,504701,1038,4,4819.96,Card
T504701-1090,504701,1090,2,2535.16,Wallet
T504702-1068,504702,1068,1,780.76,Wallet
T504702-1090,504702,1090,3,3802.74,UPI
T504703-1085,504703,1085,1,86.1,Card
T504704-1067,504704,1067,4,5644.96,Cash
T504704-1077,504704,1077,2,1510.36,Wallet
T504704-1075,504704,1075,2,348.02,UPI
T504705-1038,504705,1038,3,3614.97,Card
T504705-1057,504705,1057,2,2327.04,Card
T504706-1066,504706,1066,4,5589.36,Wallet
T504706-1035,504706,1035,3,3569.4,UPI
T504706-1083,504706,1083,2,4081.26,UPI
T504707-1008,504707,1008,3,5914.74,UPI
T504707-1040,504707,1040,4,6737.76,Card
T504707-1042,504707,1042,1,2086.72,Cash
T504708-1057,504708,1057,4,4654.08,Cash
T504708-1068,504708,1068,2,1561.52,Wallet
T504709-1064,504709,1064,4,7678.2,Wallet
T504709-1030,504709,1030,2,3434.26,Wallet
T504710-1048,504710,1048,4,2968.68,UPI
T504710-1009,504710,1009,2,692.88,Cash
T504710-1082,504710,1082,1,1033.78,UPI
T504711-1052,504711,1052,1,48.18,Card
T504711-1074,504711,1074,4,2431.32,Wallet
T504712-1069,504712,1069,1,106.12,Wallet
T504713-1010,504713,1010,4,4569.8,UPI
T504713-1019,504713,1019,4,8297.0,Wallet
T504714-1040,504714,1040,2,3368.88,Card
T504714-1003,504714,1003,3,6452.22,Cash
T504715-1081,504715,1081,3,5012.55,Cash
T504716-1065,504716,1065,4,6391.0,Card
T504716-1071,504716,1071,3,1680.06,Wallet
T504716-1027,504716,1027,3,3548.4,Wallet
T504717-1033,504717,1033,2,1669.58,Wallet
T504717-1031,504717,1031,3,5608.68,Cash
T504717-1030,504717,1030,4,6868.52,Wallet
T504718-1087,504718,1087,4,7256.92,Card
T504719-1049,504719,1049,4,6863.04,Cash
T504720-1020,504720,1020,1,1590.21,Card
T504720-1081,504720,1081,4,6683.4,Cash
T504721-1047,504721,1047,3,2961.21,Cash
T504721-1012,504721,1012,3,6957.33,Cash
T504722-1017,504722,1017,1,1399.82,Card
T504722-1044,504722,1044,4,3206.2,Cash
T504723-1077,504723,1077,1,755.18,Card
T504724-1025,504724,1025,2,3905.22,Card
T504725-1027,504725,1027,4,4731.2,UPI
T504725-1050,504725,1050,3,1125.57,Card
T504725-1033,504725,1033,2,1669.58,Card
T504726-1048,504726,1048,3,2226.51,Cash
T504727-1053,504727,1053,1,1973.7,Card
T504728-1081,504728,1081,1,1670.85,Wallet
T504728-1088,504728,1088,2,2341.68,Cash
T504729-1034,504729,1034,2,1890.08,Cash
T504730-1088,504730,1088,4,4683.36,UPI
T504730-1050,504730,1050,3,1125.57,Card
T504730-1016,504730,1016,3,1773.84,Cash
T504731-1007,504731,1007,2,3820.04,Card
T504732-1084,504732,1084,3,1327.26,Card
T504733-1017,504733,1017,2,2799.64,Cash
T504733-1015,504733,1015,3,3375.69,Cash
T504734-1059,504734,1059,3,1125.9,Wallet
T504735-1006,504735,1006,2,4879.58,UPI
T504736-1022,504736,1022,3,2717.04,Card
T504737-1011,504737,1011,2,1891.74,UPI
T504737-1037,504737,1037,1,350.91,Wallet
T504737-1083,504737,1083,1,2040.63,Wallet
T504738-1078,504738,1078,1,1664.93,Card
T504738-1029,504738,1029,1,411.1,Cash
T504738-1046,504738,1046,1,2017.77,UPI
T504739-1045,504739,1045,4,8342.72,Wallet
T504740-1070,504740,1070,4,4434.76,Cash
T504740-1053,504740,1053,3,5921.1,Wallet
T504741-1049,504741,1049,1,1715.76,UPI
T504741-1007,504741,1007,3,5730.06,Wallet
T504742-1016,504742,1016,4,2365.12,Cash
T504742-1049,504742,1049,1,1715.76,Cash
T504743-1006,504743,1006,2,4879.58,Cash
T504743-1028,504743,1028,3,414.6,UPI
T504744-1060,504744,1060,3,938.67,Card
T504744-1085,504744,1085,3,258.3,UPI
T504744-1015,504744,1015,4,4500.92,Cash
T504745-1029,504745,1029,3,1233.3,UPI
T504746-1089,504746,1089,4,1713.36,Card
T504747-1019,504747,1019,1,2074.25,Wallet
T504747-1037,504747,1037,1,350.91,UPI
T504748-1012,504748,1012,2,4638.22,UPI
T504748-1087,504748,1087,1,1814.23,Wallet
T504749-1052,504749,1052,3,144.54,UPI
T504749-1012,504749,1012,1,2319.11,Wallet
T504750-1027,504750,1027,1,1182.8,UPI
T504751-1030,504751,1030,4,6868.52,Cash
T504751-1017,504751,1017,2,2799.64,UPI
T504751-1068,504751,1068,1,780.76,UPI
T504752-1045,504752,1045,4,8342.72,Card
T504753-1051,504753,1051,1,523.77,Cash
T504754-1032,504754,1032,4,9679.0,Card
T504755-1076,504755,1076,2,1450.04,Cash
T504755-1031,504755,1031,1,1869.56,UPI
T504755-1024,504755,1024,2,4472.02,Cash
T504756-1090,504756,1090,2,2535.16,Card
T504756-1004,504756,1004,1,1752.5,Card
T504757-1062,504757,1062,4,4774.44,Wallet
T504757-1090,504757,1090,4,5070.32,Card
T504758-1006,504758,1006,4,9759.16,Wallet
T504759-1066,504759,1066,2,2794.68,UPI
T504760-1012,504760,1012,1,2319.11,Card
T504760-1008,504760,1008,4,7886.32,Cash
T504761-1020,504761,1020,4,6360.84,Wallet
T504762-1039,504762,1039,4,2361.88,Cash
T504762-1046,504762,1046,1,2017.77,Wallet
T504762-1068,504762,1068,1,780.76,UPI
T504763-1039,504763,1039,3,1771.41,Card
T504763-1049,504763,1049,1,1715.76,Wallet
T504764-1063,504764,1063,2,2852.26,Wallet
T504765-1020,504765,1020,1,1590.21,Wallet
T504766-1055,504766,1055,2,3543.52,UPI
T504766-1007,504766,1007,4,7640.08,UPI
T504766-1089,504766,1089,3,1285.02,Wallet
T504767-1080,504767,1080,2,3932.46,Wallet
T504767-1002,504767,1002,2,2228.06,UPI
T504767-1008,504767,1008,1,1971.58,Card
T504768-1042,504768,1042,3,6260.16,Card
T504768-1020,504768,1020,2,3180.42,Wallet
T504769-1068,504769,1068,4,3123.04,Card
T504769-1080,504769,1080,3,5898.69,UPI
T504769-1034,504769,1034,2,1890.08,Cash
T504770-1032,504770,1032,4,9679.0,UPI
T504770-1065,504770,1065,3,4793.25,Cash
T504771-1053,504771,1053,2,3947.4,Wallet
T504771-1027,504771,1027,2,2365.6,UPI
T504772-1011,504772,1011,3,2837.61,UPI
T504773-1032,504773,1032,1,2419.75,Cash
T504774-1089,504774,1089,4,1713.36,Wallet
T504775-1065,504775,1065,1,1597.75,Cash
T504776-1084,504776,1084,2,884.84,UPI
T504776-1042,504776,1042,3,6260.16,Wallet
T504776-1025,504776,1025,3,5857.83,Cash
T504777-1014,504777,1014,3,6186.66,UPI
T504777-1019,504777,1019,1,2074.25,UPI
T504778-1024,504778,1024,1,2236.01,Card
T504778-1066,504778,1066,1,1397.34,UPI
T504779-1022,504779,1022,2,1811.36,Card
T504779-1079,504779,1079,1,1405.87,UPI
T504779-1035,504779,1035,4,4759.2,UPI
T504780-1026,504780,1026,2,1021.52,Card
T504781-1026,504781,1026,1,510.76,UPI
T504781-1020,504781,1020,2,3180.42,Cash
T504781-1073,504781,1073,4,8551.64,Card
T504782-1061,504782,1061,3,5042.88,Cash
T504783-1005,504783,1005,3,787.86,Card
T504784-1088,504784,1088,1,1170.84,Card
T504785-1049,504785,1049,3,5147.28,Wallet
T504785-1047,504785,1047,1,987.07,UPI
T504785-1021,504785,1021,4,7609.92,UPI
T504786-1054,504786,1054,2,3344.36,Wallet
T504787-1055,504787,1055,2,3543.52,Cash
T504787-1001,504787,1001,4,7766.68,Card
T504787-1018,504787,1018,4,750.52,Card
T504788-1073,504788,1073,4,8551.64,Wallet
T504788-1086,504788,1086,4,1009.68,Card
T504788-1062,504788,1062,2,2387.22,Cash
T504789-1062,504789,1062,2,2387.22,Wallet
T504790-1036,504790,1036,3,1493.97,Cash
T504790-1005,504790,1005,1,262.62,Card
T504791-1032,504791,1032,4,9679.0,Cash
T504791-1081,504791,1081,4,6683.4,UPI
T504791-1023,504791,1023,1,2427.62,Wallet
T504792-1031,504792,1031,2,3739.12,Card
T504793-1061,504793,1061,2,3361.92,UPI
T504793-1080,504793,1080,2,3932.46,Card
T504793-1007,504793,1007,1,1910.02,Wallet
T504794-1080,504794,1080,4,7864.92,Card
T504794-1058,504794,1058,2,2869.58,Card
T504794-1022,504794,1022,3,2717.04,Card
T504795-1005,504795,1005,3,787.86,UPI
T504796-1055,504796,1055,2,3543.52,UPI
T504796-1042,504796,1042,4,8346.88,Wallet
T504797-1019,504797,1019,2,4148.5,Cash
T504798-1071,504798,1071,1,560.02,Wallet
T504799-1076,504799,1076,4,2900.08,Wallet
T504800-1057,504800,1057,3,3490.56,Card
T504800-1058,504800,1058,1,1434.79,Cash
T504800-1041,504800,1041,4,4439.08,UPI
T504801-1013,504801,1013,2,3240.7,Card
T504801-1071,504801,1071,3,1680.06,UPI
T504801-1050,504801,1050,2,750.38,Card
T504802-1063,504802,1063,3,4278.39,UPI
T504802-1014,504802,1014,3,6186.66,UPI
T504803-1064,504803,1064,1,1919.55,Cash
T504804-1029,504804,1029,3,1233.3,Cash
T504805-1079,504805,1079,3,4217.61,Card
T504806-1044,504806,1044,3,2404.65,UPI
T504807-1086,504807,1086,1,252.42,Wallet
T504808-1046,504808,1046,4,8071.08,Wallet
T504809-1020,504809,1020,3,4770.63,Wallet
T504809-1008,504809,1008,4,7886.32,Wallet
T504810-1057,504810,1057,2,2327.04,UPI
T504810-1061,504810,1061,2,3361.92,UPI
T504811-1037,504811,1037,1,350.91,UPI
T504811-1065,504811,1065,1,1597.75,Card
T504811-1076,504811,1076,3,2175.06,Card
T504812-1080,504812,1080,1,1966.23,UPI
T504812-1034,504812,1034,1,945.04,Wallet
T504812-1048,504812,1048,3,2226.51,Cash
T504813-1058,504813,1058,4,5739.16,Cash
T504813-1051,504813,1051,4,2095.08,Cash
T504814-1076,504814,1076,4,2900.08,Wallet
T504814-1016,504814,1016,2,1182.56,Card
T504814-1047,504814,1047,2,1974.14,UPI
T504815-1068,504815,1068,2,1561.52,Cash
T504815-1074,504815,1074,3,1823.49,Cash
T504816-1042,504816,1042,2,4173.44,Wallet
T504816-1027,504816,1027,4,4731.2,Wallet
T504816-1016,504816,1016,1,591.28,Wallet
T504817-1035,504817,1035,2,2379.6,Cash
T504817-1010,504817,1010,2,2284.9,Cash
T504818-1074,504818,1074,1,607.83,Card
T504818-1013,504818,1013,4,6481.4,Cash
T504818-1001,504818,1001,2,3883.34,Wallet
T504819-1008,504819,1008,1,1971.58,Card
T504819-1002,504819,1002,2,2228.06,Card
T504820-1010,504820,1010,1,1142.45,Cash
T504820-1006,504820,1006,3,7319.37,Cash
T504820-1026,504820,1026,3,1532.28,Cash
T504821-1070,504821,1070,2,2217.38,UPI
T504821-1047,504821,1047,4,3948.28,UPI
T504822-1014,504822,1014,2,4124.44,UPI
T504823-1087,504823,1087,2,3628.46,Wallet
T504823-1039,504823,1039,1,590.47,Cash
T504824-1059,504824,1059,2,750.6,UPI
T504824-1055,504824,1055,4,7087.04,Wallet
T504824-1084,504824,1084,4,1769.68,Wallet
T504825-1022,504825,1022,2,1811.36,Cash
T504826-1072,504826,1072,1,1039.07,Wallet
T504827-1041,504827,1041,3,3329.31,Card
T504827-1035,504827,1035,2,2379.6,Card
T504828-1021,504828,1021,2,3804.96,UPI
T504829-1001,504829,1001,3,5825.01,Wallet
T504829-1038,504829,1038,2,2409.98,Cash
T504830-1030,504830,1030,3,5151.39,Card
T504831-1044,504831,1044,4,3206.2,UPI
T504831-1081,504831,1081,4,6683.4,UPI
T504831-1071,504831,1071,3,1680.06,Wallet
T504832-1025,504832,1025,4,7810.44,Card
T504833-1011,504833,1011,3,2837.61,Cash
T504833-1061,504833,1061,2,3361.92,Cash
T504834-1051,504834,1051,4,2095.08,Card
T504834-1077,504834,1077,4,3020.72,Wallet
T504835-1041,504835,1041,2,2219.54,Cash
T504835-1024,504835,1024,4,8944.04,UPI
T504836-1087,504836,1087,4,7256.92,Card
T504837-1058,504837,1058,3,4304.37,Card
T504838-1052,504838,1052,2,96.36,Cash
T504839-1089,504839,1089,3,1285.02,Card
T504839-1023,504839,1023,3,7282.86,UPI
T504839-1051,504839,1051,3,1571.31,Cash
T504840-1042,504840,1042,2,4173.44,Cash
T504841-1063,504841,1063,2,2852.26,Wallet
T504841-1083,504841,1083,2,4081.26,Wallet
T504842-1029,504842,1029,1,411.1,UPI
T504842-1066,504842,1066,4,5589.36,UPI
T504843-1040,504843,1040,4,6737.76,Cash
T504843-1041,504843,1041,4,4439.08,Card
T504844-1058,504844,1058,4,5739.16,UPI
T504844-1022,504844,1022,1,905.68,Card
T504845-1007,504845,1007,4,7640.08,UPI
T504846-1036,504846,1036,1,497.99,UPI
T504846-1088,504846,1088,3,3512.52,Card
T504847-1027,504847,1027,2,2365.6,Cash
T504848-1089,504848,1089,3,1285.02,Card
T504848-1045,504848,1045,1,2085.68,Cash
T504849-1077,504849,1077,3,2265.54,Cash
T504849-1021,504849,1021,1,1902.48,Cash
T504849-1071,504849,1071,3,1680.06,UPI
T504850-1066,504850,1066,2,2794.68,Cash
T504850-1085,504850,1085,3,258.3,UPI
T504851-1015,504851,1015,1,1125.23,Wallet
T504851-1067,504851,1067,2,2822.48,Card
T504851-1090,504851,1090,4,5070.32,UPI
T504852-1069,504852,1069,3,318.36,Cash
T504852-1048,504852,1048,1,742.17,Cash
T504853-1073,504853,1073,3,6413.73,Card
T504853-1020,504853,1020,3,4770.63,Cash
T504853-1028,504853,1028,2,276.4,Card
T504854-1078,504854,1078,2,3329.86,Cash
T504854-1031,504854,1031,3,5608.68,UPI
T504854-1023,504854,1023,4,9710.48,Cash
T504855-1086,504855,1086,4,1009.68,Wallet
T504856-1049,504856,1049,2,3431.52,Card
T504856-1026,504856,1026,3,1532.28,Card
T504856-1048,504856,1048,3,2226.51,Wallet
T504857-1018,504857,1018,1,187.63,Wallet
T504857-1057,504857,1057,2,2327.04,Cash
T504858-1012,504858,1012,4,9276.44,Cash
T504858-1015,504858,1015,2,2250.46,Card
T504859-1008,504859,1008,2,3943.16,Wallet
T504859-1026,504859,1026,3,1532.28,Card
T504859-1018,504859,1018,2,375.26,Card
T504860-1087,504860,1087,2,3628.46,Wallet
T504860-1086,504860,1086,3,757.26,Wallet
T504861-1086,504861,1086,4,1009.68,Wallet
T504862-1023,504862,1023,4,9710.48,UPI
T504862-1041,504862,1041,2,2219.54,Card
T504863-1020,504863,1020,2,3180.42,Cash
T504863-1030,504863,1030,2,3434.26,Card
T504863-1024,504863,1024,4,8944.04,Card
T504864-1059,504864,1059,3,1125.9,UPI
T504864-1054,504864,1054,2,3344.36,Cash
T504864-1025,504864,1025,4,7810.44,Wallet
T504865-1008,504865,1008,4,7886.32,Wallet
T504866-1077,504866,1077,4,3020.72,Wallet
T504867-1075,504867,1075,2,348.02,Cash
T504868-1007,504868,1007,3,5730.06,UPI
T504869-1083,504869,1083,1,2040.63,Wallet
T504869-1018,504869,1018,3,562.89,UPI
T504870-1048,504870,1048,4,2968.68,UPI
T504870-1070,504870,1070,2,2217.38,UPI
T504871-1025,504871,1025,2,3905.22,UPI
T504872-1086,504872,1086,1,252.42,Cash
T504872-1045,504872,1045,2,4171.36,UPI
T504873-1020,504873,1020,4,6360.84,UPI
T504873-1061,504873,1061,1,1680.96,Wallet
T504873-1032,504873,1032,4,9679.0,Cash
T504874-1019,504874,1019,4,8297.0,Cash
T504875-1039,504875,1039,1,590.47,Wallet
T504875-1014,504875,1014,1,2062.22,UPI
T504876-1045,504876,1045,1,2085.68,Card
T504877-1004,504877,1004,2,3505.0,Wallet
T504877-1031,504877,1031,2,3739.12,Card
T504877-1066,504877,1066,3,4192.02,Wallet
T504878-1013,504878,1013,1,1620.35,Card
T504878-1038,504878,1038,4,4819.96,UPI
T504878-1083,504878,1083,3,6121.89,Cash
T504879-1059,504879,1059,4,1501.2,Wallet
T504879-1012,504879,1012,1,2319.11,Wallet
T504879-1009,504879,1009,3,1039.32,Card
T504880-1022,504880,1022,4,3622.72,UPI
T504880-1039,504880,1039,2,1180.94,UPI
T504880-1043,504880,1043,1,1759.65,Cash
T504881-1014,504881,1014,2,4124.44,Cash
T504881-1020,504881,1020,1,1590.21,Wallet
T504881-1013,504881,1013,1,1620.35,Cash
T504882-1019,504882,1019,3,6222.75,Cash
T504883-1076,504883,1076,4,2900.08,UPI
T504883-1056,504883,1056,4,7833.6,Wallet
T504884-1037,504884,1037,3,1052.73,UPI
T504884-1009,504884,1009,1,346.44,Wallet
T504885-1045,504885,1045,1,2085.68,Wallet
T504885-1076,504885,1076,4,2900.08,UPI
T504885-1087,504885,1087,1,1814.23,Card
T504886-1089,504886,1089,4,1713.36,Wallet
T504886-1052,504886,1052,2,96.36,Cash
T504886-1073,504886,1073,2,4275.82,Card
T504887-1069,504887,1069,3,318.36,Card
T504887-1042,504887,1042,2,4173.44,UPI
T504887-1046,504887,1046,4,8071.08,UPI
T504888-1028,504888,1028,1,138.2,Cash
T504888-1082,504888,1082,1,1033.78,Cash
T504889-1068,504889,1068,2,1561.52,Card
T504890-1021,504890,1021,2,3804.96,Cash
T504890-1039,504890,1039,1,590.47,Wallet
T504890-1047,504890,1047,1,987.07,Card
T504891-1032,504891,1032,4,9679.0,Cash
T504891-1077,504891,1077,1,755.18,Wallet
T504892-1067,504892,1067,4,5644.96,Cash
T504893-1010,504893,1010,3,3427.35,Cash
T504893-1054,504893,1054,1,1672.18,UPI
T504893-1055,504893,1055,1,1771.76,UPI
T504894-1088,504894,1088,4,4683.36,UPI
T504895-1081,504895,1081,2,3341.7,Card
T504896-1036,504896,1036,3,1493.97,Cash
T504897-1027,504897,1027,4,4731.2,Card
T504897-1056,504897,1056,4,7833.6,Card
T504898-1036,504898,1036,2,995.98,Cash
T504898-1063,504898,1063,1,1426.13,Card
T504899-1048,504899,1048,4,2968.68,Wallet
T504899-1030,504899,1030,2,3434.26,Wallet
T504899-1027,504899,1027,4,4731.2,UPI
T504900-1018,504900,1018,2,375.26,Card
T504900-1090,504900,1090,4,5070.32,Card
T504901-1026,504901,1026,2,1021.52,Wallet
T504901-1059,504901,1059,3,1125.9,Cash
T504901-1032,504901,1032,2,4839.5,Cash
T504902-1020,504902,1020,4,6360.84,Card
T504903-1079,504903,1079,2,2811.74,UPI
T504903-1034,504903,1034,3,2835.12,Wallet
T504903-1083,504903,1083,1,2040.63,UPI
T504904-1047,504904,1047,3,2961.21,Card
T504904-1053,504904,1053,1,1973.7,Cash
T504904-1061,504904,1061,2,3361.92,Wallet
T504905-1075,504905,1075,4,696.04,Cash
T504905-1017,504905,1017,2,2799.64,UPI
T504906-1018,504906,1018,4,750.52,UPI
T504907-1018,504907,1018,3,562.89,Card
T504908-1086,504908,1086,1,252.42,Cash
T504908-1031,504908,1031,1,1869.56,UPI
T504909-1041,504909,1041,1,1109.77,Card
T504909-1052,504909,1052,4,192.72,Cash
T504909-1060,504909,1060,4,1251.56,UPI
T504910-1075,504910,1075,3,522.03,Wallet
T504911-1010,504911,1010,3,3427.35,UPI
T504911-1087,504911,1087,1,1814.23,Wallet
T504911-1033,504911,1033,1,834.79,Cash
T504912-1085,504912,1085,3,258.3,UPI
T504912-1010,504912,1010,3,3427.35,UPI
T504913-1041,504913,1041,2,2219.54,Cash
T504913-1005,504913,1005,4,1050.48,Cash
T504913-1001,504913,1001,3,5825.01,Wallet
T504914-1008,504914,1008,1,1971.58,UPI
T504915-1013,504915,1013,4,6481.4,Card
T504916-1048,504916,1048,2,1484.34,UPI
T504917-1074,504917,1074,4,2431.32,UPI
T504917-1061,504917,1061,2,3361.92,Wallet
T504917-1087,504917,1087,3,5442.69,Wallet
T504918-1052,504918,1052,2,96.36,Cash
T504918-1056,504918,1056,4,7833.6,Cash
T504918-1004,504918,1004,4,7010.0,UPI
T504919-1024,504919,1024,3,6708.03,Cash
T504919-1081,504919,1081,2,3341.7,Wallet
T504920-1046,504920,1046,2,4035.54,Cash
T504920-1064,504920,1064,4,7678.2,Cash
T504921-1018,504921,1018,1,187.63,Card
T504922-1052,504922,1052,4,192.72,UPI
T504923-1005,504923,1005,1,262.62,UPI
T504924-1082,504924,1082,1,1033.78,Wallet
T504924-1066,504924,1066,3,4192.02,Wallet
T504925-1063,504925,1063,1,1426.13,Card
T504925-1044,504925,1044,1,801.55,Cash
T504926-1042,504926,1042,4,8346.88,Wallet
T504926-1077,504926,1077,2,1510.36,Card
T504926-1075,504926,1075,1,174.01,Card
T504927-1032,504927,1032,2,4839.5,UPI
T504927-1027,504927,1027,1,1182.8,Cash
T504928-1082,504928,1082,4,4135.12,UPI
T504928-1016,504928,1016,3,1773.84,Card
T504928-1050,504928,1050,3,1125.57,UPI
T504929-1006,504929,1006,3,7319.37,Card
T504929-1084,504929,1084,2,884.84,Cash
T504929-1010,504929,1010,1,1142.45,UPI
T504930-1008,504930,1008,4,7886.32,UPI
T504930-1003,504930,1003,1,2150.74,Wallet
T504931-1040,504931,1040,2,3368.88,Wallet
T504931-1060,504931,1060,1,312.89,UPI
T504932-1078,504932,1078,1,1664.93,Cash
T504932-1081,504932,1081,1,1670.85,Wallet
T504933-1012,504933,1012,3,6957.33,Cash
T504934-1044,504934,1044,3,2404.65,UPI
T504934-1065,504934,1065,3,4793.25,UPI
T504935-1088,504935,1088,1,1170.84,Card
T504936-1005,504936,1005,3,787.86,Cash
T504936-1021,504936,1021,3,5707.44,UPI
T504937-1017,504937,1017,2,2799.64,UPI
T504937-1029,504937,1029,3,1233.3,UPI
T504938-1061,504938,1061,3,5042.88,UPI
T504939-1051,504939,1051,3,1571.31,Card
T504939-1045,504939,1045,3,6257.04,Wallet
T504939-1017,504939,1017,2,2799.64,Wallet
T504940-1057,504940,1057,2,2327.04,Cash
T504941-1051,504941,1051,4,2095.08,Cash
T504941-1073,504941,1073,1,2137.91,UPI
T504942-1020,504942,1020,2,3180.42,Wallet
T504943-1028,504943,1028,2,276.4,Cash
T504943-1001,504943,1001,3,5825.01,Wallet
T504943-1031,504943,1031,4,7478.24,Card
T504944-1074,504944,1074,4,2431.32,Wallet
T504944-1040,504944,1040,4,6737.76,UPI
T504944-1031,504944,1031,1,1869.56,Wallet
T504945-1027,504945,1027,3,3548.4,UPI
T504945-1018,504945,1018,2,375.26,Card
T504946-1089,504946,1089,1,428.34,Wallet
T504947-1050,504947,1050,2,750.38,Wallet
T504948-1032,504948,1032,1,2419.75,UPI
T504948-1003,504948,1003,2,4301.48,Wallet
T504948-1016,504948,1016,4,2365.12,UPI
T504949-1021,504949,1021,3,5707.44,UPI
T504949-1026,504949,1026,1,510.76,UPI
T504949-1032,504949,1032,2,4839.5,UPI
T504950-1051,504950,1051,1,523.77,UPI
T504950-1069,504950,1069,1,106.12,UPI
T504951-1060,504951,1060,2,625.78,Card
T504951-1025,504951,1025,2,3905.22,UPI
T504952-1089,504952,1089,1,428.34,Card
T504953-1040,504953,1040,3,5053.32,Card
T504953-1068,504953,1068,4,3123.04,UPI
T504954-1034,504954,1034,2,1890.08,Cash
T504955-1076,504955,1076,1,725.02,Card
T504956-1080,504956,1080,1,1966.23,Cash
T504956-1051,504956,1051,3,1571.31,UPI
T504957-1078,504957,1078,3,4994.79,Card
T504957-1080,504957,1080,4,7864.92,Cash
T504958-1087,504958,1087,1,1814.23,Card
T504959-1020,504959,1020,1,1590.21,Cash
T504959-1087,504959,1087,1,1814.23,Card
T504959-1018,504959,1018,1,187.63,Card
T504960-1060,504960,1060,2,625.78,Wallet
T504960-1085,504960,1085,2,172.2,Cash
T504961-1087,504961,1087,4,7256.92,Card
T504961-1060,504961,1060,4,1251.56,Wallet
T504962-1088,504962,1088,1,1170.84,Card
T504962-1027,504962,1027,2,2365.6,Card
T504963-1068,504963,1068,1,780.76,UPI
T504963-1039,504963,1039,2,1180.94,UPI
T504964-1008,504964,1008,2,3943.16,UPI
T504965-1028,504965,1028,2,276.4,Wallet
T504966-1062,504966,1062,2,2387.22,Cash
T504966-1061,504966,1061,4,6723.84,Card
T504967-1068,504967,1068,1,780.76,Wallet
T504968-1006,504968,1006,2,4879.58,UPI
T504968-1032,504968,1032,2,4839.5,Cash
T504969-1082,504969,1082,4,4135.12,Wallet
T504970-1072,504970,1072,1,1039.07,UPI
T504970-1019,504970,1019,4,8297.0,UPI
T504970-1014,504970,1014,3,6186.66,UPI
T504971-1046,504971,1046,1,2017.77,Cash
T504971-1050,504971,1050,4,1500.76,UPI
T504971-1007,504971,1007,1,1910.02,Cash
T504972-1069,504972,1069,3,318.36,Cash
T504973-1043,504973,1043,1,1759.65,Cash
T504974-1048,504974,1048,2,1484.34,Wallet
T504974-1071,504974,1071,4,2240.08,Wallet
T504975-1012,504975,1012,4,9276.44,Wallet
T504975-1033,504975,1033,1,834.79,Cash
T504976-1007,504976,1007,3,5730.06,Cash
T504976-1061,504976,1061,2,3361.92,Wallet
T504976-1078,504976,1078,4,6659.72,Card
T504977-1069,504977,1069,3,318.36,Wallet
T504977-1005,504977,1005,3,787.86,Card
T504977-1085,504977,1085,3,258.3,Card
T504978-1011,504978,1011,4,3783.48,Card
T504979-1004,504979,1004,1,1752.5,Wallet
T504980-1073,504980,1073,3,6413.73,UPI
T504981-1044,504981,1044,3,2404.65,Wallet
T504981-1061,504981,1061,2,3361.92,UPI
T504981-1036,504981,1036,1,497.99,UPI
T504982-1076,504982,1076,1,725.02,UPI
T504982-1026,504982,1026,2,1021.52,Card
T504982-1009,504982,1009,1,346.44,Cash
T504983-1086,504983,1086,2,504.84,Wallet
T504983-1069,504983,1069,1,106.12,Wallet
T504984-1071,504984,1071,1,560.02,Wallet
T504984-1055,504984,1055,3,5315.28,Wallet
T504985-1051,504985,1051,3,1571.31,Cash
T504985-1073,504985,1073,3,6413.73,UPI
T504985-1041,504985,1041,3,3329.31,UPI
T504986-1071,504986,1071,1,560.02,UPI
T504986-1041,504986,1041,2,2219.54,Wallet
T504987-1087,504987,1087,2,3628.46,Wallet
T504987-1024,504987,1024,1,2236.01,Wallet
T504988-1052,504988,1052,3,144.54,Wallet
T504989-1075,504989,1075,4,696.04,Card
T504989-1078,504989,1078,4,6659.72,UPI
T504989-1082,504989,1082,1,1033.78,UPI
T504990-1021,504990,1021,1,1902.48,UPI
T504990-1007,504990,1007,1,1910.02,Card
T504991-1013,504991,1013,3,4861.05,UPI
T504991-1052,504991,1052,4,192.72,UPI
T504991-1029,504991,1029,4,1644.4,Cash
T504992-1079,504992,1079,3,4217.61,Wallet
T504992-1065,504992,1065,2,3195.5,Cash
T504992-1041,504992,1041,1,1109.77,UPI
T504993-1020,504993,1020,2,3180.42,Wallet
T504993-1058,504993,1058,1,1434.79,UPI
T504993-1002,504993,1002,2,2228.06,Wallet
T504994-1083,504994,1083,4,8162.52,UPI
T504994-1085,504994,1085,1,86.1,Card
T504994-1046,504994,1046,4,8071.08,UPI
T504995-1024,504995,1024,1,2236.01,Card
T504995-1067,504995,1067,3,4233.72,UPI
T504996-1033,504996,1033,1,834.79,UPI
T504996-1004,504996,1004,1,1752.5,UPI
T504997-1028,504997,1028,4,552.8,Wallet
T504997-1078,504997,1078,2,3329.86,UPI
T504998-1089,504998,1089,1,428.34,Cash
T504998-1058,504998,1058,3,4304.37,Card
T504998-1060,504998,1060,2,625.78,Card
T504999-1079,504999,1079,4,5623.48,Wallet
T505000-1016,505000,1016,1,591.28,UPI
T505000-1037,505000,1037,4,1403.64,UPI
T500054-1059,500054,1059,4,1501.2,UPI
